object_type	schema_name	object_name	source_text
F	public	pg_stat_statements_info	Schema: public\nName: pg_stat_statements_info\nResult data type: record\nArgument data types: OUT dealloc bigint, OUT stats_reset timestamp with time zone\nType: func\nVolatility: volatile\nParallel: safe\nOwner: enterprisedb\nSecurity: invoker\nLanguage: c\nSource code:\npg_stat_statements_info
F	public	pg_stat_statements	Schema: public\nName: pg_stat_statements\nResult data type: SETOF record\nArgument data types: showtext boolean, OUT userid oid, OUT dbid oid, OUT toplevel boolean, OUT queryid bigint, OUT query text, OUT plans bigint, OUT total_plan_time double precision, OUT min_plan_time double precision, OUT max_plan_time double precision, OUT mean_plan_time double precision, OUT stddev_plan_time double precision, OUT calls bigint, OUT total_exec_time double precision, OUT min_exec_time double precision, OUT max_exec_time double precision, OUT mean_exec_time double precision, OUT stddev_exec_time double precision, OUT rows bigint, OUT shared_blks_hit bigint, OUT shared_blks_read bigint, OUT shared_blks_dirtied bigint, OUT shared_blks_written bigint, OUT local_blks_hit bigint, OUT local_blks_read bigint, OUT local_blks_dirtied bigint, OUT local_blks_written bigint, OUT temp_blks_read bigint, OUT temp_blks_written bigint, OUT shared_blk_read_time double precision, OUT shared_blk_write_time double precision, OUT local_blk_read_time double precision, OUT local_blk_write_time double precision, OUT temp_blk_read_time double precision, OUT temp_blk_write_time double precision, OUT wal_records bigint, OUT wal_fpi bigint, OUT wal_bytes numeric, OUT jit_functions bigint, OUT jit_generation_time double precision, OUT jit_inlining_count bigint, OUT jit_inlining_time double precision, OUT jit_optimization_count bigint, OUT jit_optimization_time double precision, OUT jit_emission_count bigint, OUT jit_emission_time double precision, OUT jit_deform_count bigint, OUT jit_deform_time double precision, OUT stats_since timestamp with time zone, OUT minmax_stats_since timestamp with time zone\nType: func\nVolatility: volatile\nParallel: safe\nOwner: enterprisedb\nSecurity: invoker\nLanguage: c\nSource code:\npg_stat_statements_1_11
P	dbms_alert	register	Schema: dbms_alert\nName: register\nResult data type: \nArgument data types: IN name text\nType: proc\nVolatility: volatile\nParallel: unsafe\nOwner: enterprisedb\nSecurity: invoker\nLanguage: edbspl\nSource code:\n$__EDBwrapped__$$PROTOCOL2$\nUTF8\nd5sVMo09grzZ88ICi5z9kVP/icWJwlVIW4j6+ZwTem6UyWblOHXRj0l06c4cG9AhrxGc3bgrcKJB\nWjk9PAtGQ+dUcVtOwndbCyj/OVtmshQupjopcsBLQvYq1kw0KwSjPjXo06GiJsMRHrA2VhILRrA/\n80ZYxw==\n$__EDBwrapped__$
P	dbms_alert	remove	Schema: dbms_alert\nName: remove\nResult data type: \nArgument data types: IN name text\nType: proc\nVolatility: volatile\nParallel: unsafe\nOwner: enterprisedb\nSecurity: invoker\nLanguage: edbspl\nSource code:\n$__EDBwrapped__$$PROTOCOL2$\nUTF8\nd4+D8Xx+ZcvTPi3qESE2YYlYAdpXhDZjRItLEaiSNxI0Q0Au5b1AsXbgpJGx6kEDsXC88n5g7Cz/\nA5GHrLDYh/uA4IP7qkPlSBk5YdVF7M/szNjvCneIcQ8jXNaHoxTg4rcZVGqj7FUekt2f+WB2JcDa\njjw=\n$__EDBwrapped__$
P	dbms_alert	removeall	Schema: dbms_alert\nName: removeall\nResult data type: \nArgument data types: \nType: proc\nVolatility: volatile\nParallel: unsafe\nOwner: enterprisedb\nSecurity: invoker\nLanguage: edbspl\nSource code:\n$__EDBwrapped__$$PROTOCOL2$\nUTF8\nd0KKbWVjqPBokeiZqzkm67X3E4TPfKKHGbmGYXLdDVlgBODNtgKpGYh+cbI58c0UcV2vNCFp1anY\nyI0RROTQBk4Yxul6k5EmDz7UzTXap5INo7OQlDKu50z3/lb20Z7igvTHX19M8ie5rPvsmfJBo4qI\nMw==\n$__EDBwrapped__$
P	dbms_alert	signal	Schema: dbms_alert\nName: signal\nResult data type: \nArgument data types: IN name text, IN message text\nType: proc\nVolatility: volatile\nParallel: unsafe\nOwner: enterprisedb\nSecurity: invoker\nLanguage: edbspl\nSource code:\n$__EDBwrapped__$$PROTOCOL2$\nUTF8\nd14gH/RejLzTGj+3BPsksbRkgjeBDorIuEoQumhrqhVGq1hQkWNo17V+Z7A0sdnSJ5ktPGZdeaxN\nO5/bns4Jv2exmyGdz1UzUQuUD1oTgYZ/iWoVESUyZsYKloAS9luuOLheIZdiZZcz/BsgGpFDA4v8\n6arP80HgErtp0PYr\n$__EDBwrapped__$
P	dbms_alert	waitany	Schema: dbms_alert\nName: waitany\nResult data type: \nArgument data types: OUT name text, OUT message text, OUT status integer, IN timeout double precision\nType: proc\nVolatility: volatile\nParallel: unsafe\nOwner: enterprisedb\nSecurity: invoker\nLanguage: edbspl\nSource code:\n$__EDBwrapped__$$PROTOCOL2$\nUTF8\nd2nKkqSuJzKZz2WQirj2/Sdq/pTlB5NSaERMfDO9OaVXXyXc7IWia6pB3yps1woOKg5MvMF58P4E\nRa5Jc+8QgTvi0RTER97EXjy9ttdHFprUOw0/LZ8t2AkNrzUMIIloSxYimmMan2gseNmWn1RHcisB\ngte0Jnx2AxO4XAy/CM6ya7TAuZch11rJ+Di+N01kCKfxiRulvZdHGzhX/8rcZqphPvp9vzClxFkD\n$__EDBwrapped__$
P	dbms_alert	waitone	Schema: dbms_alert\nName: waitone\nResult data type: \nArgument data types: IN name text, OUT message text, OUT status integer, IN timeout double precision\nType: proc\nVolatility: volatile\nParallel: unsafe\nOwner: enterprisedb\nSecurity: invoker\nLanguage: edbspl\nSource code:\n$__EDBwrapped__$$PROTOCOL2$\nUTF8\nd4OgNToJKQMOEVixI8FSi0sTZ2l8JFFoVX3wV93bj6WsVuLmQ26qlvPYZhzJ+7LXDMowFurwy1Di\nalvK5siBwAD1fDjXpoBWJVDOCiB6IdBw5FhfXvuaQxgMvPzcm2ZK7PDQGb0XX4p+Nmgx6E/5v5sf\nQW7Lf3JnY5Wu2Hsz84prnQD0fpMQjts4FnMONbjaBeupcAT5VV0nUXzvV6v0JHoKYhE/Jf7v\n$__EDBwrapped__$
P	dbms_alert	set_defaults	Schema: dbms_alert\nName: set_defaults\nResult data type: \nArgument data types: IN sensitivity double precision\nType: proc\nVolatility: volatile\nParallel: unsafe\nOwner: enterprisedb\nSecurity: invoker\nLanguage: edbspl\nSource code:\n$__EDBwrapped__$$PROTOCOL2$\nUTF8\ndzoYvzluCnwE0tMIlupHVqMnL+4MQx8Iq594QCFln4FhprmmGzbo+40LnM1lfnMNIgaeOPxMsQcb\nwXKTIQKlKy7MX1fOn3CFQt0xUrOmlMwYTiulqOibW+mWh4LDfgPdEgszIZMY7kXuI766v/6tzGC+\nZ/pCprDLlgFHiDQFNANPI45QfA==\n$__EDBwrapped__$
P	dbms_alert	_signal	Schema: dbms_alert\nName: _signal\nResult data type: \nArgument data types: IN _event text, IN _message text\nType: proc\nVolatility: volatile\nParallel: unsafe\nOwner: enterprisedb\nSecurity: invoker\nLanguage: edbspl\nSource code:\n$__EDBwrapped__$$PROTOCOL2$\nUTF8\ndwE6TWIjtW4y7+wuDvuow5pFN18e21aFYYGp2kQuNpVOnJwq01DUHmjF/vAJj7shA4LL3rLCanu/\nFAx3nnXx5CofbOXL/O0cz5epdz3HQqcrHnDHEjv7CGbfC3jewJIYOzanv3GtZKiJHdF4+OFYd++d\ng8o0n/gtTEG0KiYVmx1F\n$__EDBwrapped__$
F	dbms_assert	noop	Schema: dbms_assert\nName: noop\nResult data type: anycompatible\nArgument data types: str anycompatible\nType: func\nVolatility: volatile\nParallel: unsafe\nOwner: enterprisedb\nSecurity: invoker\nLanguage: edbspl\nSource code:\n$__EDBwrapped__$$PROTOCOL2$\nUTF8\ndwkCmYogifMLLwfWlrs3tmf7Bn7E6+wfDqaYBXRGEUgUTPhAStYW+3pR9ZkwQ79N+C80o+KHyXgP\nRJxJgsdkadUZ+hWr8OhDZcPB9W7nBUUFlz/6rb3eRPRSQPRbuSeMyr8LtEwiL3Mz0Q==\n$__EDBwrapped__$
F	dbms_assert	enquote_literal	Schema: dbms_assert\nName: enquote_literal\nResult data type: character varying\nArgument data types: str character varying\nType: func\nVolatility: volatile\nParallel: unsafe\nOwner: enterprisedb\nSecurity: invoker\nLanguage: edbspl\nSource code:\n$__EDBwrapped__$$PROTOCOL2$\nUTF8\nd0fzBp2eDv+5S1ezraK/DuNieehnA4zTm0BCFiuxKL5cIqziwOXM5VeWndjfGuNwyWrG2WzGvS/D\ndpZTKP+1FVaESKKSAK/FTlKeOehCTKhtG2pyNWlHGVN3VjtHjC5WK7kxSxmhjLxQjuICkmo17k1b\niqP6ue5/c+4qaTRHc98=\n$__EDBwrapped__$
F	dbms_assert	enquote_name	Schema: dbms_assert\nName: enquote_name\nResult data type: character varying\nArgument data types: str character varying, dolower boolean DEFAULT true\nType: func\nVolatility: volatile\nParallel: unsafe\nOwner: enterprisedb\nSecurity: invoker\nLanguage: edbspl\nSource code:\n$__EDBwrapped__$$PROTOCOL2$\nUTF8\ndy65B9mRY/infEp59KfV/d6xSjfUzOR7Kox6LggiK6tj+XvLk8QfS+cpzgIOylWL+JK74Aa8+uGj\nUM1V6tkpbqvhARecSHxdEEpZTY+/t5Cj4ZcL8epL54tE7RzWbXEfrXoRLMv1zA8qQFNVcB75/+t3\nd1/JtsoJhaWqpL7WgbgXMpg/2GA=\n$__EDBwrapped__$
F	dbms_assert	schema_name	Schema: dbms_assert\nName: schema_name\nResult data type: character varying\nArgument data types: str character varying\nType: func\nVolatility: volatile\nParallel: unsafe\nOwner: enterprisedb\nSecurity: invoker\nLanguage: edbspl\nSource code:\n$__EDBwrapped__$$PROTOCOL2$\nUTF8\nd1OlY+mRPd2Hf/cDrhu0C5nvVA1cf5YI7cQ3O4xc/7ZMeSDgHqPD480Nro/peQcQB0dP2camlPUP\n2WncObkPeAlLTi7yy3Bxu+RcJnNOAB+9SHgpQHQknM4wbWTKbjUhiqMT9yVTaUXOnlDy0uDVZY3n\nnVm5ubwIK2NzZQ==\n$__EDBwrapped__$
F	dbms_assert	simple_sql_name	Schema: dbms_assert\nName: simple_sql_name\nResult data type: character varying\nArgument data types: str character varying\nType: func\nVolatility: volatile\nParallel: unsafe\nOwner: enterprisedb\nSecurity: invoker\nLanguage: edbspl\nSource code:\n$__EDBwrapped__$$PROTOCOL2$\nUTF8\nd6k018hKgFnfjUSs+rPy6Hgs8/O3Xagb89u3CkTgV8IeeTAJ7JazCFqYQk6FQ2BhNpXAtQ9OC3rA\nkJHMwZcX3fBr0lPy7nQejiXmdmuErko5u9x7WPWL8peipW058+Su9wJ2hCKylEqiOxOKdyIGcQYO\na75C2XDmDngcbMBvzpY=\n$__EDBwrapped__$
F	dbms_assert	qualified_sql_name	Schema: dbms_assert\nName: qualified_sql_name\nResult data type: character varying\nArgument data types: str character varying\nType: func\nVolatility: volatile\nParallel: unsafe\nOwner: enterprisedb\nSecurity: invoker\nLanguage: edbspl\nSource code:\n$__EDBwrapped__$$PROTOCOL2$\nUTF8\ndzN0eyNMDVE4TeTPrfOnb7sbWK2lxatuU5NMcCeEN0wCnG7/iv0AVve+jr2cYWrF7ObhYAnqmITS\nHRGtVB+auXy4+eGIOvK0/f3Oo4rok/Wf9Qbiyllu2GOFLUJp2brHma8AdonbHrNg5oSa+gYx5KW8\n+TrD2zjJx1JtmfEdb55Fvc0=\n$__EDBwrapped__$
F	dbms_assert	sql_object_name	Schema: dbms_assert\nName: sql_object_name\nResult data type: character varying\nArgument data types: str character varying\nType: func\nVolatility: volatile\nParallel: unsafe\nOwner: enterprisedb\nSecurity: invoker\nLanguage: edbspl\nSource code:\n$__EDBwrapped__$$PROTOCOL2$\nUTF8\nd6hGe/gDsC54EMHa7/UB9r3SMfafG6MRLUBxiHLzgxeC4/1iwV18nmbgtQn7Nz2dfGOcopQnnxse\nH/28WakoOvm4lwDZBV9gpV+AvaPgiwTmWnX594jPU9T7L6oYt5mi/9qcyk5ROb22NBEkblfWR1QG\nKvYnLxBLXkONWHSzD24=\n$__EDBwrapped__$
F	public	pg_stat_statements_reset	Schema: public\nName: pg_stat_statements_reset\nResult data type: timestamp with time zone\nArgument data types: userid oid DEFAULT 0, dbid oid DEFAULT 0, queryid bigint DEFAULT 0, minmax_only boolean DEFAULT false\nType: func\nVolatility: volatile\nParallel: safe\nOwner: enterprisedb\nSecurity: invoker\nLanguage: c\nSource code:\npg_stat_statements_reset_1_11
F	public	edb_password_verify	Schema: public\nName: edb_password_verify\nResult data type: boolean\nArgument data types: p_username text, p_password text, p_old_password text\nType: func\nVolatility: volatile\nParallel: unsafe\nOwner: enterprisedb\nSecurity: invoker\nLanguage: plpgsql\nSource code:\nBEGIN\n    -- 1. 최소 길이 체크 (8자 미만)\n    IF length(p_password) < 8 THEN\n        RAISE EXCEPTION 'Password is too short (minimum 8 characters)';\n    END IF;\n    -- 2. 사용자 ID와 동일한지 체크\n    IF p_password = p_username THEN\n        RAISE EXCEPTION 'Password cannot be the same as the username';\n    END IF;\n    \n    -- 3. (선택사항) 이전 비밀번호와 동일한지 체크는 EDB가 PASSWORD_REUSE 옵션으로 알아서 하므로 여기서 굳이 안 해도 됩니다.\n    RETURN true; -- 통과 시 true 반환\nEND;\n
F	public	fn_count_bulk	Schema: public\nName: fn_count_bulk\nResult data type: integer\nArgument data types: \nType: func\nVolatility: volatile\nParallel: unsafe\nOwner: enterprisedb\nSecurity: invoker\nLanguage: plpgsql\nSource code:\nDECLARE\n    cnt integer;\nBEGIN\n    SELECT count(*) INTO cnt FROM t_bulk_data;\n    RETURN cnt;\nEND;\n
F	public	fn_decrypt	Schema: public\nName: fn_decrypt\nResult data type: text\nArgument data types: p_data bytea\nType: func\nVolatility: volatile\nParallel: unsafe\nOwner: enterprisedb\nSecurity: invoker\nLanguage: plpgsql\nSource code:\nDECLARE\n    v_res TEXT;\nBEGIN\n    -- EDB 패키지 (dbms_crypto, utl_raw) 사용\n    v_res := utl_raw.cast_to_varchar2(dbms_crypto.decrypt(p_data));\n    RETURN v_res;\nEND;\n
F	public	edb_password_verify	Schema: public\nName: edb_password_verify\nResult data type: boolean\nArgument data types: p_username character varying, p_password character varying, p_old_password character varying\nType: func\nVolatility: volatile\nParallel: unsafe\nOwner: enterprisedb\nSecurity: definer\nLanguage: edbspl\nSource code:\nBEGIN\n    -- 기존 로직 (예시)\n    IF length(p_password) < 4 THEN\n        RETURN FALSE;\n    END IF;\n    RETURN TRUE;\nEND
P	dbms_job	broken	Schema: dbms_job\nName: broken\nResult data type: \nArgument data types: IN job integer, IN broken boolean, IN next_date timestamp without time zone DEFAULT clock_timestamp()\nType: proc\nVolatility: volatile\nParallel: unsafe\nOwner: enterprisedb\nSecurity: invoker\nLanguage: edbspl\nSource code:\n$__EDBwrapped__$$PROTOCOL2$\nUTF8\nd+Z1ht7D1Uc0URjrlxLChrd9onW6ElorHkVaiOpLUQKY4RSmDyklIEo9vlgQHW980kpwLm2BEY1P\nVUI4koQ7cv7REyWL2j0MI7bdht489wVs6W1jfvmOnWXuscVq4tLcg/wzyuz6ka0MfQndBUYWLAtK\noLCDGmeyRMtpFmQtCulf9tyYKCxSXYoNO838tqCjpi9Ajxp0qMRYffGK2exRenl7XX+PkWyfmsE0\ntqinsye+v30KtjaAgcAbWFJ/ek0G6o4/NnBWI1HWONurUF0vDyjnlzUWuUayES3m6dw3w5rPgeqj\n9NHzfQ==\n$__EDBwrapped__$
P	dbms_job	change	Schema: dbms_job\nName: change\nResult data type: \nArgument data types: IN job integer, IN what character varying, IN next_date timestamp without time zone, IN "interval" character varying, IN instance integer DEFAULT NULL::integer, IN force boolean DEFAULT false\nType: proc\nVolatility: volatile\nParallel: unsafe\nOwner: enterprisedb\nSecurity: invoker\nLanguage: edbspl\nSource code:\n$__EDBwrapped__$$PROTOCOL2$\nUTF8\nd/iy1rQkE6DZPdAoIY1cMHzeRm20t6lsep/AikDj2VpmfnOzgy56VWIudmV9O6n0PnrjnlakIUF6\n7sH4iVB9Lrd7qY7VKdw/0p15UZaHyIJ887EjfoP1bq+6KyxwDdJOvymj/eNO4UTigIX41mMp03Pz\nqammz8ahuXmdrkN4nD3TGStEATQLV4u39GOOMBGblP1LOh4XUxDShlMQZTLUweCAd7pQq/d4bLEa\nZ4+BehMpg5IKbNqj+/vc58EMvAiriQmTkgU=\n$__EDBwrapped__$
P	dbms_job	what	Schema: dbms_job\nName: what\nResult data type: \nArgument data types: IN job integer, IN what character varying\nType: proc\nVolatility: volatile\nParallel: unsafe\nOwner: enterprisedb\nSecurity: invoker\nLanguage: edbspl\nSource code:\n$__EDBwrapped__$$PROTOCOL2$\nUTF8\nd7ycMhg0GtfK+NnWZPlUDGg5ylFfuEgkJkYrFBfRTkRO/k8QXpaRrUBAyhqQ2MASf5ESNQSCwMRI\nvTFfWwqmF6L1+VhKmqHLUYmsAgMqkiWU4lt9XjYUyYUIFDQWwCh/9EVB77m9HCEtgVQuGs2ClZDP\nNHdIImAP0Zedi5tleB/2RKtqBUx5DpnRrkzUoPSaNNFvZCtsxffn3Zf/wjbVD+xquHrFrM1kG0KE\nLdHIO5GPiEJRNgL+POaOsuoAym7AiEVq6P3yCel0HuudLs9hW2yRpfal2mlN6NJ57K7mGZ2Y\n$__EDBwrapped__$
P	dbms_job	next_date	Schema: dbms_job\nName: next_date\nResult data type: \nArgument data types: IN job integer, IN next_date timestamp without time zone\nType: proc\nVolatility: volatile\nParallel: unsafe\nOwner: enterprisedb\nSecurity: invoker\nLanguage: edbspl\nSource code:\n$__EDBwrapped__$$PROTOCOL2$\nUTF8\ndygCaE/nYNmpetjf/H/c3pAeDAJPPAg+1FZLjX+fz1kta5vLTenN/GJOWfdek5cG5T9JgCJxPnOe\nPy9r1e1Boh5ouFnVyywyNrgvTeq4dIUvt5l48aNVDjrpMxIe4b5YNCO2hqmEZSf4DYQDoID+pnhY\nKDC6HHNuGiFepwOsvT2hOn3OtHnAsPCEfVVp\n$__EDBwrapped__$
P	dbms_job	remove	Schema: dbms_job\nName: remove\nResult data type: \nArgument data types: IN job integer\nType: proc\nVolatility: volatile\nParallel: unsafe\nOwner: enterprisedb\nSecurity: invoker\nLanguage: edbspl\nSource code:\n$__EDBwrapped__$$PROTOCOL2$\nUTF8\nd2bMa0AUezGIkPArZ5I+Fm++PrVP/tnimNG2/S68erWLyikQgdk4HgEQ3FjJQcYZ9wq2AczlxUze\nafd4OCLziCbPCjkUL0MnHoVhVEHtvBtey0j9DHCK/L8h0BqyDIrraMQAhVILACiGPTB8lzBoRSfX\nMA4GT4flFwFuHg4vZwwCz12Ac1UN+PFBkw1XsI/v+E2EknMeGJ/FT6WqzTOaJKF++glPaJJW44hR\nR7tEMwJMcK42Y4OXw+McE443PTTJSim5jQL0KsX7rTxFqSujE5usLJSXYOwIxO4K7DtF3q2NDQPL\nsLfAfdEaQg15GE/QRguPwfCpxmJX9po3cTdKXLTcRI1mrjsuiO+nPYo+jhefoFPAgjX4Kvo8myBb\ndWfqTCWWvgy55CvYQCRIX9eXPDMKC/mQCEc=\n$__EDBwrapped__$
P	dbms_job	interval	Schema: dbms_job\nName: interval\nResult data type: \nArgument data types: IN job integer, IN "interval" character varying\nType: proc\nVolatility: volatile\nParallel: unsafe\nOwner: enterprisedb\nSecurity: invoker\nLanguage: edbspl\nSource code:\n$__EDBwrapped__$$PROTOCOL2$\nUTF8\nd5UH677CipkAdZkfQLAMVqedFH024oKdGITlguQ0p0PdYxPNzdcTxv81ckD1Q4P37OlTk0hXZdTq\n8/6ooHG6laKtK5ZvIDjZryieiaIUhfIBb2Lp7z4LnlmLna5ZaszsrjMm1lYXutlHLXWw4A4NgIA9\n0Z+NCWRAzHJaBXDs9lX+CE7Q6ZXCrnzhan2IsQN7MgNtU9RrOwcBkHk4nlI3CvuqclHpgxZV540M\ncGz3YLmAVCpYDRSrXePcdZpF5v/b5SATaCYdmXzZ2vE1SFAs0bdMuMvt6qB4oErB\n$__EDBwrapped__$
P	dbms_job	run	Schema: dbms_job\nName: run\nResult data type: \nArgument data types: IN job integer, IN force boolean DEFAULT false, IN manually boolean DEFAULT true\nType: proc\nVolatility: volatile\nParallel: unsafe\nOwner: enterprisedb\nSecurity: invoker\nLanguage: edbspl\nSource code:\n$__EDBwrapped__$$PROTOCOL2$\nUTF8\ndwFYHqnE7M7kW8ZJi7Hd4+0DDqcCpqWgKKinnbMdQb1XG9Guzai5PuI0YkpS8kQXHIGhYgzhL251\nojmRXO3ew9RZammGgTpKnievpn25WbuzNBe6SM4Dd9W607hStY13x8qmPxliaPXuOVGR7pP3Osnd\nNefC6Ax4U6lrx6BeN7uBGAydwC7ICQ/y84uPpqLVWZRKF9BLR0WOzPIxshAwbswfl3Oh3Pm0UXw+\n+eJyhvOteIF25ZFJ00W2vbKB/pZN/HVm27yK5c6YP4mXk2wlf0XS5z7+7HY=\n$__EDBwrapped__$
P	dbms_job	submit	Schema: dbms_job\nName: submit\nResult data type: \nArgument data types: OUT job integer, IN what character varying, IN next_date timestamp without time zone DEFAULT clock_timestamp(), IN "interval" character varying DEFAULT NULL::character varying, IN no_parse boolean DEFAULT false, IN instance integer DEFAULT sys.dbms_job.any_instance, IN force boolean DEFAULT false\nType: proc\nVolatility: volatile\nParallel: unsafe\nOwner: enterprisedb\nSecurity: invoker\nLanguage: edbspl\nSource code:\n$__EDBwrapped__$$PROTOCOL2$\nUTF8\nd3opjfKcCvizqoYrLyf3N0Z680zfvnklElAb6OUAWVhJTMtwL+xUuQua2JYALbijgIazjeVBopcE\nI/GCPmQTC09wvlvFYFNIrJzHb+dBkB+iH+N/LJSpH6u5SJbKn1rgpJeRQR6fk5E33xvlZhb8wvxN\nJ7dfjG3MRagp1AaOOeQj38vtyA1OjpglTKEpL2phXm+CFUUZqVmXzYIIinh+Re2w7aycsTeVG9ZV\nkGQTVnYXRrhkwJZJtb0IiwK/5psWGXBJ8xCh\n$__EDBwrapped__$
F	public	fn_encrypt	Schema: public\nName: fn_encrypt\nResult data type: bytea\nArgument data types: p_data text\nType: func\nVolatility: volatile\nParallel: unsafe\nOwner: enterprisedb\nSecurity: invoker\nLanguage: plpgsql\nSource code:\nDECLARE\n    v_res RAW;\nBEGIN\n    -- EDB 패키지 (dbms_crypto, utl_raw) 사용\n    v_res := dbms_crypto.encrypt(utl_raw.cast_to_raw(p_data));\n    RETURN v_res;\nEND;\n
P	dbms_job	_submit	Schema: dbms_job\nName: _submit\nResult data type: \nArgument data types: OUT job integer, IN what character varying, IN next_date timestamp without time zone DEFAULT clock_timestamp(), IN "interval" character varying DEFAULT NULL::character varying, IN no_parse boolean DEFAULT false, IN instance integer DEFAULT sys.dbms_job.any_instance, IN force boolean DEFAULT false, IN job_search_path text\nType: proc\nVolatility: volatile\nParallel: unsafe\nOwner: enterprisedb\nSecurity: invoker\nLanguage: edbspl\nSource code:\n$__EDBwrapped__$$PROTOCOL2$\nUTF8\nd5hZHDpEEkFYdal247+1JvHCLf42m4voOW+S2ev9bWAq2W+jmoVQf/G/62tSEJ7OqdbFNQzBQPjz\nnNXtPdiw7r9/LMZvmU6ii0rD83+VisNm9jaPxQTN3kKFslkbFBBO4+0JDOuQ4o4qFbmhgupPgHoH\n+yBfbWEwXZHy4pd/NmgDBuy8sXEEYMlW4j/0eQlGxyEF4Q9x08Fm2SUDP5WvAjiRYJ1y3Nc3LtnF\nekhMrrEBjAFLdGCDEd+CveQmMnUM26Fxasxr3xO2tuwC6jizK6m55uzxAXaNPKBR+qwUP5ROQMng\nOLTpXA9YNevv2Maj5IbsOAQ/+hp7PIa6ZirUZKqUyuKs5BLkQOh6JC5UriQ6AzryErTRTOO9lezO\nrvwjEj/DCRKUMLsH3ntD9twajtgCDdWzPb6WbJwRjzeRxUPZ03Jw2MC+vPAYgOX5fP94tpkCPQ2B\nZoPhCo3sx6R72hogj9+bxMiBso6/zzsQsuQwqykyhopmGoDCHsYxds++tMD4zof8J6vtJRs+czdf\nD+MnD378Hvi1gVpI9DIl8ebh+Ao99Z1BeS+iOqhoguy96ol+929L0CkrmEung62TXCyl1fXkv/b4\nok9pREyZY+1FLcW1HH3oHkycGpAlGV8hy1vX\n$__EDBwrapped__$
P	dbms_job	_validate_what	Schema: dbms_job\nName: _validate_what\nResult data type: \nArgument data types: IN what character varying\nType: proc\nVolatility: volatile\nParallel: unsafe\nOwner: enterprisedb\nSecurity: invoker\nLanguage: edbspl\nSource code:\n$__EDBwrapped__$$PROTOCOL2$\nUTF8\ndyWJbOJ0OOEeYGsKRrr7Ljv5rNHD7pLW/uVD/n53QOb7chFEcK8UD3Y4Q0Iypkia/XFN3JuT7N2n\n5wFtrdpDBM64igBpERqamSGtCdZqBjSzw8bEw7vSuwZCtJnpYbnT8PZJn3ZuYFVbkpxlHT/tX05q\nVCF5CpfLSaI1tZEgTjUr0754KtEyyA/NIHzP+jgKgIVhivEJ+nKrMpXV1EuQ+yVU9x9Lmwif6mVu\nRCzu4Z42mwsO2EOU0OFmQ1zkjouOY2MMNwJaQKIIwzydkajdGaNIufbQs7EsNys=\n$__EDBwrapped__$
P	dbms_job	_create_what_procedure	Schema: dbms_job\nName: _create_what_procedure\nResult data type: \nArgument data types: IN what character varying, IN job integer, IN job_search_path text\nType: proc\nVolatility: volatile\nParallel: unsafe\nOwner: enterprisedb\nSecurity: invoker\nLanguage: edbspl\nSource code:\n$__EDBwrapped__$$PROTOCOL2$\nUTF8\nd7kVFllJ6y55yreHNMYNRfJ6lcPJ4uXE0tEuOjUOVsh8EBx7GXCQOvNY97t2rxDjJZE5e/UuDrfC\nBo2JKcnAaiGUJgU0OAAm1POxFzP/yGDNkLBWm7cx9GFLbMEEqm1EzsWALEiCJeIcRyMOqsNw2VjC\nbg5EMnRYSLYqLcMXzpkssmscLcnnbmfh0+qf0olZKduyTTnH4/ito/pobJIV4yeYJpaXMW/wTKZP\nT6zD+rr/PSt1RzYhFIv6ekv3N4UTHcWS8PjZgHA45rG36OmG+OfNB8+MBBz5IR65OOs9vZ6mdNlY\ns6F2oQ1ZYFlv17GpkZMWJaTjM4PqvMe1r1fgO+pmUunVH0pEAx1lPPT1K6a6CBiFtk3v1vrNXPCW\n0OrYVc24Cu0cKdktZTGnZS7Bndph6J/kaDxMx+WWnTR27dT//X7LOh/3NEYA21Xj4yeUQMrz5/an\n+oRd9+5AwAI0bM95EtObX4dmjv022/NKLo6jhv6e6S+0bQFPZxRl24yhxRmugg+18GP65OLByP/V\nuE17bdGKYnYrB7OYhqfZWYYaeNlltlFKM7loMhRaLf0Xx4iIWTLcSDt6CooTCnoS8n9GOTHjsEG7\n/6JgY+f2ulcjdTrtz4m0LNZ0uIupzRFA73lIsb9l+xEbGQ0CYyocoB57UjIwxlQXaB72tKjvEk4T\nFPLX+Z93Z8DYpPbqlTfYjZjEGLrJLAjjRR0uMOy20myO/rNJztReqljDmMae2v5rsRg8Am4lhhwf\nG+sgNOow64ltmxvRzkLpGX3H7F5S8hs/O7s=\n$__EDBwrapped__$
P	dbms_job	_create_validate_interval_function	Schema: dbms_job\nName: _create_validate_interval_function\nResult data type: \nArgument data types: IN "interval" character varying, IN job integer, IN job_search_path text\nType: proc\nVolatility: volatile\nParallel: unsafe\nOwner: enterprisedb\nSecurity: invoker\nLanguage: edbspl\nSource code:\n$__EDBwrapped__$$PROTOCOL2$\nUTF8\ndxGg5f7XrZcIsx6eB9eNBKAUPPRBIXo2EgFYPgE+6vNn9XcB3QePcV3lv+2I2r1EmqfTgs19vxDR\nD1MCsX3NK015qUR1BlGTi8GYusZiVZ/l2pdxeNog9HzmSd/XCl+766EvuT8lP1230+wtODpo4Z0v\nMIqWPMX5RnBp6VtCpSCbx7pqZdFG8S2X6Koh85ouKt+vgovGQpg3+NpaRXbIUjL4Z9ewRJhzLc/e\nWYNy3TxzDC2tpKZj6fj9JzLeGHZYcWMxWRqh7vdgBvFXghNX5QcqMPKlPvZfHTJv+brgwRYudrvz\nPycoEvNQ9x4nMTqGXkhL63tMS5I3n+eHyiW8YpVk77Por5oMs01zCTCM6Y3IZYb/xKyLWeGls6Vl\nX94sTsgIOS7op3o8n/I7daLhSyuwF22CwFGeCKtb469dALBKsxcZOnqH6vIpPARtmyx6wKRWO1i0\nShUo77Hy7s2iK5U4/1EqezAgGebUPFhAuX8v83f3Sbs5MNsGRg+znU/X/2QYw8rZAkQGKVroE6+y\n/AKfkwymrZ8s7Baq3lioWoR4lxDMN2Fbqif3XcCBiD34giurp5Mk0359yJzOvJWyDOOwZ/LTZHJC\nvK1eUW/BX2ocQ498mzpI4hwwPL79q6UHyOifR5Kbx0JjrxwL3U7oRzMdo4mHkbWXHjEPC9/kQEj9\nPoPsBFFna3h8E3WSqiBqu9pPbsMJ3m2rphErNxcsWJgGHZtN6OmCZnanzJ2mVzmURdXEs0gJZRbm\nYh4iHeu+kd8l1RI72T2G8sXk5Hkq0EdYKZV//Vk3WlV2Z8xsIGekD1BpRFy3Z0yfpWihDwiAOZhO\numDNWJFY4xSb8dez3sQ5ImzPK+fW7nUvPht0E3YrCqTmwUvERKwPt4DMZItAIEuGSEd8Y7FujqPw\n9oaJhVEwk5pTB99L91pIWIfXjJ78plLm9TpHqiLQRUy0+ppoQ/XVyQ/ceP5neT9dN1qpyWI+bG7z\nZO9qbIb9wVlSryv3A0aaGhvhegaNO3qKN/isktOONHjVAHtKU5C5hrbuaf3JFa6GmSbaNbfFbH/S\nPDLxlHiF+TkQOsyy1nrQNs0WOwFmhGJxk2SgCZuRGgs2viVKhxasOWpdaB4n+0VW7+3SBMEBjjZa\nyyu+h8kEwCzuVA==\n$__EDBwrapped__$
P	dbms_job	updatejob	Schema: dbms_job\nName: updatejob\nResult data type: \nArgument data types: IN job integer, IN job_nextrun timestamp without time zone, IN broken boolean\nType: proc\nVolatility: volatile\nParallel: unsafe\nOwner: enterprisedb\nSecurity: invoker\nLanguage: edbspl\nSource code:\n$__EDBwrapped__$$PROTOCOL2$\nUTF8\nd7Kd3CaTzYwO7MFBlqoSqwq/b8HHPcBzhwrWzzWcu73u7Mg7upngJYyz+gNnUiEe2OrtUPMPQKYn\nnA3vHw2X0ag6IE4Kly0MXdXFS6FboLRTtXRT7rdLvzm3g/hiOFVBZvuXR7OB90sEquCFBlgquGtT\nObnS5eCpJ5ETcheqkKZtKapEmx9M8PjASAz47jS06vNnWScCq1TKTtGh1SEy2Mx5fqrhPeAjLvA4\nsAgNKAvm2lETh4tAi9f7irb7zXagX6/2Ws+/eaZafTx/SIA+l/7fpES1FyIimVULKiJabSDEkAca\nnnzd/vpRwxL+egtwCgk6FeetkO5I+HyCvdNbYgYLWAoVj9LxN29VUbc2+BQ3fSEmOy7HesPfTkFZ\nSxFLRx6jhG9p+mePUjmewVRyceTvynEOLbfJKLOIIb6kjYRCm2yrAS9Dl82ZDLT17z3VVtgXA5dy\nu4cphAAaANFDiPNthWjvqyQMNR0Xo8vpLBNmcYnCWGQCUg6aGZwlY2Z2iqgIByRivGXquDsPq2Ql\nz/iplYMVBJjJ15yb8YHpYMGmyEy63f3bF29qgs8RvrOG9tyztwNAX+MlVuj7rsD62crouk95QDdL\npPU6xCobfcnOAa++3JtUBTH6+b5vzAnKqKuEdCY/Ew3d26mfBOY+VYXPjrwoYjfdD6iORlLRUdZx\nUQy2Uq6xxw==\n$__EDBwrapped__$
P	dbms_job	validate_job	Schema: dbms_job\nName: validate_job\nResult data type: \nArgument data types: IN job integer\nType: proc\nVolatility: volatile\nParallel: unsafe\nOwner: enterprisedb\nSecurity: invoker\nLanguage: edbspl\nSource code:\n$__EDBwrapped__$$PROTOCOL2$\nUTF8\ndwP/mVfNBoEVKVfEPFna+8wDAq8OnRVMzVNgsRigbABTCJ+xpem5L3L6uUA+lVwKOxvigARCAR7r\nhElLwusM7YFV8OQZZthMl0okNIWOJXq1eVKh/4DzLIZUsR1JyYhgv60Nr5D59F3MllArNPJsLtlX\niXcXGdQnw5FkTwTv/2OrX943ydYpHiH/d8+GnHnzP/2Ko+opwlMVEgvwtwGXqpbE27G3c3I2phOG\nGZj7ERVVdhPpOXwY8ziArGnLc4MMHfi+4ELkAgRM2mKfxMwDe0JTe3PnqB7jZ/j1WWdXz7o2wgv2\nex2sw1tpizpjPd+us1PhBD8eaqFy7uVZM4sqT0U4oOCe9ahjdEFxcFU+voe1Vfa2WcsDpHGB1Zei\nu+keQtpCKpNOJGiMBpodlV9wZKvX57xxNawrmXOktGT0a5CqedFMuzasXb4/HO1r3Yth2pA4GnRc\netk91BmEv29VgnKLnoKwQHUWEcFwq2w3ATNOJ0RhVGlz8RlXMt7da7pKwYv277cOyC9fmZHtSoDO\n6pqx4n/MkywbBIxnocSWcgH0xw==\n$__EDBwrapped__$
P	dbms_job	_run_job	Schema: dbms_job\nName: _run_job\nResult data type: \nArgument data types: IN job integer, IN manual boolean DEFAULT false\nType: proc\nVolatility: volatile\nParallel: unsafe\nOwner: enterprisedb\nSecurity: invoker\nLanguage: edbspl\nSource code:\n$__EDBwrapped__$$PROTOCOL2$\nUTF8\nd/YI93PJSL+BXP7BfDURgNIAlgUJq/DcSkhLk+NZhoGZeIvlnfOs+CkVQj6D6y5Z6xhdoT1yZwLe\nV3v0117sh2+6DC7lttO3b/TKS5ZzLzm07gEZFOZupuDSTOFPyIBkEXF1ngY6/AA3ZM2WyQglbxUB\nqobwFDUNLVGmuKJImOpJifLGhnoHrUATzt1aFV1pPmFornTEZQrw2KCgp+SAYi1ysbUuUdyIJodn\ntyCmnIvUJJ0C+YexNF/gnhZ2olkfbrqcq5olPp0rEjmxV+P9sCUXkQYH0dkGRLuw7x0LleGP3TOU\nfTCAEP8CQfQnBYxEFKoXd3azlcUUIjDoK8kSgw13m0mJWzxslztDkuy/OOGNlwe1vi01AB6TeD51\nZU7DYOrfFES+rJaeVK5yZSalxuvXBO7jn6OGpCxcAOmG5BBpAb99Kfer0zMElSxj25ZQ41d/ys1y\nbvxIOQAn4mMP+ZKgCOlv/8SlVbmTAUxsGn2PlG8O04+mG4srBdVlQujDM5C9zDCTE3B/4wvHjdVM\n9L31cjdGEpFgJx478DUjDWd73DSrgQIPpcDTunhQU5T60bepnhGi4Hr3/wTVMgLe9M6/i8AvK+61\nrHLytgqVafMX/Tpsa2llEy9kITUAwDnMQ3kWWlltxCmgRrMrpmGxSYIenGBawtUOZEPABbEFTYa7\nr3bn/pw1WGwOfjtiuPZ9J5ZRYYR6eUixgzMyv0B2HvL4QAn3tSkQEa2hxkc9Ls/lGKylYsQX/Ku0\nfRXSFhMxChN8x+BFXm1XjSFIUX7D31kzBNwuakdne1FadYSyijdZd9EfWCOdzrHEz//Op/Ng3RNq\nFYCwpx9atiFSfZW+BgtNdRMILOf7JQC2RLSRz/7ThKBJxaUGgGgPK5+DzLB3EZv5Mrfcq+qoQQ9y\nMxDdJcG6vffZlWtMejTkBzM5wYqDIr1KbACVPRWgCKXrYurVqzLmTBedgCvQ3uTITbqOk/bTBU+E\n2RiTugKBEpidjmSdzKPXMUDutiTkDQ9pJpb7WMeoRq4cgSvLdQPFItU7hKg8HTt28WvuWtVdDbzQ\nndszSuVOOHYDRt0wK17KxJFQQSDM9nJ6TrN9XeX6VxOtHT/29MdnVczKqvO1EDL/YCvJ1sM38ncE\n6jHNdzSruFbmr2sklpJKQsuq3J53AvMKiqFGX46nGJ9KO4y8ndVGfBHE7iCVYfLFDGBnhMHLPr7T\nrk2jgeWJf2CbjkX9N5xgDx+0l6/dqGf+3XZ+SZ4Rp/zX9K9rznah6np3TOxiT2Ki2DiPemYcbc0V\nt7a89apyxFd8zvYb/uvBCrgqQM54mGofPEvxtze/Pi1UCS+0vcUHRcBYWZIDgcobGvi8WrzQnVMx\nzJTjwFnPqNgob/D5UYpwmeFJs9Ncr+T1qbuMPL1Te85nebD/T9O6b6nOugDi77252fDjuF23MtoA\n9o2PuEVqxZDxKJTG5y50Mhdch8T0u0hQ0gotmQI2iroH/e3mz3fcNr5O6/iUX7JQ4hZWDMztYa8y\nTPPNn+/b6vDuotvDD4ixag5TMEG5SpoE8/thJfcD3TU6Ek6fgfPr8PM18EC7b7P9Fuik+12WckcN\nV0IYHeWJK07zVwfU5+NZP/TjhOQdANA7CsnoDCX6oPdKwaG4zRIk1C5OV0NGjomRF/MIsxz5yo80\n0iLdZ48V33owkh4rMPbIWnhZnnekv0CeruOg+P8d1rq+bLM96A3OoueRfnk5wbLOshVEirm8yLtM\nX3EmmUB9yvTRuiASIo5XMw9YJ+j3YBXynXeeGwfmSGKBB9YD2kfBohBsgKxsA4dJKH5SOmVdO7j3\nFpFWZblH7hUrvScbQq3XkFE2ZU0OiUs0H4XEANem+l0J513C8ZO+CViGAVftPtM0C9MyTzh4WvaQ\n4MHMavpGYINxcyrQcAylI0BsbuGY0naT05vwYV9cdGw+QbsTR5hnAEujbRFe1xWjKLdoU1oFXwbw\nX85m7UHY8ohqC4yU4xH1hl4hGsP2uLlpcSjFpJW7IR42xkNcijta3QUZNaLAMLZIrFYBwqNFTfZI\n9azglPhLfg5qavhuNiptvbj0uDquItv6+K9noWPaFsCqIypkzDJgEnkMuMbL3hth64WFotxb7XKI\nj4BFEYk6iHhuTVsb4l3ColHqTb4PO9bg3yaA2rHoDWQD1xILR8gCFPFAi/v8aGaYMU/GhDLIid6F\n1xQfXxElI9dVQWqUXZ26quHydQhc1CzmQbjQN2d9To/u9Y+MKCsQd+bC8G+gp++MYHiYTu7/0xRo\n1IzgtNQ1EqYLCvEq\n$__EDBwrapped__$
F	public	fn_migration_test	Schema: public\nName: fn_migration_test\nResult data type: void\nArgument data types: \nType: func\nVolatility: volatile\nParallel: unsafe\nOwner: enterprisedb\nSecurity: invoker\nLanguage: plpgsql\nSource code:\nDECLARE\n    v_date DATE := sysdate;\n    v_count INT;\nBEGIN\n    -- 오라클 전용 뷰 (user_tables, dba_objects, v$session) 및 함수 (nvl, decode) 사용\n    SELECT nvl(count(*), 0) INTO v_count FROM user_tables;\n    IF decode(v_count, 0, 'ZERO', 'MANY') = 'ZERO' THEN\n        SELECT count(*) INTO v_count FROM dba_objects;\n    END IF;\n    PERFORM * FROM v$session;\nEND;\n
F	public	test_blob_func	Schema: public\nName: test_blob_func\nResult data type: void\nArgument data types: \nType: func\nVolatility: volatile\nParallel: unsafe\nOwner: enterprisedb\nSecurity: invoker\nLanguage: plpgsql\nSource code:\nDECLARE\n    v_my_data blob;\nBEGIN\n    NULL;\nEND;\n
F	public	fn_encrypt	Schema: public\nName: fn_encrypt\nResult data type: character varying\nArgument data types: p_plain_text character varying, p_key character varying\nType: func\nVolatility: volatile\nParallel: unsafe\nOwner: enterprisedb\nSecurity: definer\nLanguage: edbspl\nSource code:\n    v_src_raw    RAW(32767);\n    v_key_raw    RAW(32);\n    v_enc_raw    RAW(32767);\n    \n    -- [수정] 4358 = AES128(6) + CBC(256) + PKCS5(4096)\n    v_algo_type  PLS_INTEGER := 4358; \nBEGIN\n    IF p_plain_text IS NULL THEN\n        RETURN NULL;\n    END IF;\n    v_src_raw := SYS.UTL_RAW.CAST_TO_RAW(p_plain_text);\n    -- [수정] 해시 알고리즘을 '2' (MD5)로 변경\n    -- 이유: MD5는 16바이트를 반환하므로 AES-128(16바이트 키)과 완벽하게 매칭됨\n    v_key_raw := SYS.DBMS_CRYPTO.HASH(SYS.UTL_RAW.CAST_TO_RAW(p_key), 2);\n    v_enc_raw := SYS.DBMS_CRYPTO.ENCRYPT(\n        src => v_src_raw,\n        typ => v_algo_type,\n        key => v_key_raw\n    );\n    RETURN RAWTOHEX(v_enc_raw);\nEND
F	public	get_sysdate	Schema: public\nName: get_sysdate\nResult data type: timestamp without time zone\nArgument data types: \nType: func\nVolatility: volatile\nParallel: unsafe\nOwner: enterprisedb\nSecurity: definer\nLanguage: edbspl\nSource code:\nBEGIN\n    RETURN SYSDATE;\nEND
F	public	sal_lt_2000	Schema: public\nName: sal_lt_2000\nResult data type: character varying\nArgument data types: p_schema character varying, p_object character varying\nType: func\nVolatility: volatile\nParallel: unsafe\nOwner: enterprisedb\nSecurity: definer\nLanguage: edbspl\nSource code:\nBEGIN\n    RETURN 'sal < 2000';\nEND
F	public	verify_session_user	Schema: public\nName: verify_session_user\nResult data type: character varying\nArgument data types: p_schema character varying, p_object character varying\nType: func\nVolatility: volatile\nParallel: unsafe\nOwner: enterprisedb\nSecurity: definer\nLanguage: edbspl\nSource code:\nBEGIN\n    RETURN 'authid = SYS_CONTEXT(''USERENV'', ''SESSION_USER'')';\nEND
P	sc_crypto	proc_generate_crypto_data	Schema: sc_crypto\nName: proc_generate_crypto_data\nResult data type: \nArgument data types: \nType: proc\nVolatility: volatile\nParallel: unsafe\nOwner: enterprisedb\nSecurity: definer\nLanguage: edbspl\nSource code:\nDECLARE\n    v_plain_text    VARCHAR2(200);\n    v_plain_raw     RAW(2000);\n    v_enc_raw       RAW(2000);\n    v_hash_raw      RAW(64);\n    v_key_raw       RAW(32);\nBEGIN\n    FOR i IN 1..10 LOOP\n        v_key_raw := DBMS_CRYPTO.RANDOMBYTES(8);\n        \n        v_hash_raw := DBMS_CRYPTO.HASH(\n            UTL_RAW.CAST_TO_RAW('my_secret_pwd_' || i),\n            2\n        );\n        \n        v_plain_text := '이것은 user_' || i || '의 1급 비밀 메시지입니다.';\n        v_plain_raw  := UTL_RAW.CAST_TO_RAW(v_plain_text);\n        \n        v_enc_raw := DBMS_CRYPTO.ENCRYPT(\n            v_plain_raw,\n            4353,\n            v_key_raw\n        );\n        \n        INSERT INTO sc_crypto.user_secure_data (\n            username, pwd_hash, encryption_key, secure_message\n        ) VALUES (\n            'user_' || i, v_hash_raw, v_key_raw, v_enc_raw\n        );\n    END LOOP;\n    COMMIT;\nEND
F	public	fn_decrypt	Schema: public\nName: fn_decrypt\nResult data type: character varying\nArgument data types: p_enc_hex character varying, p_key character varying\nType: func\nVolatility: volatile\nParallel: unsafe\nOwner: enterprisedb\nSecurity: definer\nLanguage: edbspl\nSource code:\n    v_enc_raw    RAW(32767);\n    v_dec_raw    RAW(32767);\n    v_key_raw    RAW(32);\n    \n    -- [수정] 암호화와 동일하게 4358 사용\n    v_algo_type  PLS_INTEGER := 4358;\nBEGIN\n    IF p_enc_hex IS NULL THEN\n        RETURN NULL;\n    END IF;\n    v_enc_raw := HEXTORAW(p_enc_hex);\n    -- [수정] 복호화 키 생성도 동일하게 MD5(2) 사용\n    v_key_raw := SYS.DBMS_CRYPTO.HASH(SYS.UTL_RAW.CAST_TO_RAW(p_key), 2);\n    v_dec_raw := SYS.DBMS_CRYPTO.DECRYPT(\n        src => v_enc_raw,\n        typ => v_algo_type,\n        key => v_key_raw\n    );\n    RETURN SYS.UTL_RAW.CAST_TO_VARCHAR2(v_dec_raw);\nEND
P	public	calc_emp_bonus	Schema: public\nName: calc_emp_bonus\nResult data type: \nArgument data types: IN p_contract_id numeric, IN p_bonus_rate numeric, OUT p_new_salary numeric\nType: proc\nVolatility: volatile\nParallel: unsafe\nOwner: enterprisedb\nSecurity: definer\nLanguage: edbspl\nSource code:\n    -- 변수 선언부 (Oracle 데이터 타입인 VARCHAR2 사용 가능)\n    v_emp_name    VARCHAR2(50);\n    v_base_salary NUMERIC;\nBEGIN\n    -- 1. 직원 정보 조회 (암시적 커서)\n    SELECT emp_name, base_salary \n    INTO v_emp_name, v_base_salary\n    FROM epas_emp_contracts\n    WHERE contract_id = p_contract_id;\n    -- 2. 새로운 급여 계산\n    p_new_salary := v_base_salary + (v_base_salary * p_bonus_rate / 100);\n    -- 3. 결과 로그 출력 (Oracle 호환 내장 패키지 사용)\n    DBMS_OUTPUT.PUT_LINE('====================================');\n    DBMS_OUTPUT.PUT_LINE('직원명: ' || v_emp_name);\n    DBMS_OUTPUT.PUT_LINE('기존 급여: ' || v_base_salary);\n    DBMS_OUTPUT.PUT_LINE('보너스 적용 급여: ' || p_new_salary);\n    DBMS_OUTPUT.PUT_LINE('====================================');\nEXCEPTION\n    -- 예외 처리부 (Oracle 호환 예외 코드)\n    WHEN NO_DATA_FOUND THEN\n        DBMS_OUTPUT.PUT_LINE('오류: 사번 ' || p_contract_id || '에 해당하는 직원이 없습니다.');\n        p_new_salary := 0;\n    WHEN OTHERS THEN\n        DBMS_OUTPUT.PUT_LINE('알 수 없는 오류 발생: ' || SQLERRM);\n        p_new_salary := -1;\nEND
P	dbms_lob	validate_arguments	Schema: dbms_lob\nName: validate_arguments\nResult data type: \nArgument data types: IN amount numeric, IN amountupperlimit numeric, IN offset_1 numeric, IN offset_2 numeric, IN offsetupperlimit numeric, IN startnum numeric\nType: proc\nVolatility: volatile\nParallel: unsafe\nOwner: enterprisedb\nSecurity: invoker\nLanguage: edbspl\nSource code:\n$__EDBwrapped__$$PROTOCOL2$\nUTF8\ndwL94TgkQqoJqZc5I9AJPDLzmeq63FaQstLAd48jOBXfrQG6jXbniRzw+6EcHwM4TbwoMsKz0hZC\n7NOUzf8hAYml71vlLuLzYMTjmG+87W3hKevECNrUDzABUq0gGjLae79kkM/bOajOpM4gCMSFB1Jn\nPICy4s8naRFQRbnj38g2Y34E4gaT/yoStNH0HW//sFr7RxxMe/ySybirD8iZHyRsqxY2AAqavj2W\nXDvngrLQNGUplfgafjWVepCri6JwDsOCsq/8KNk4XgPCMmL7S1xdibNZ4qqlG1vr+qwW4WAs8Pd4\naKe+z+XYZDMVRILWj3VHqkDu2+sUSs9lvtWpleyUORYYiyXxtQvDLHFJmNCoteq4g4izj9tuiimI\nIT3ih3100ASRRp7MdVw=\n$__EDBwrapped__$
F	dbms_lob	arguments_bad	Schema: dbms_lob\nName: arguments_bad\nResult data type: boolean\nArgument data types: amount numeric, offset_1 numeric DEFAULT sys.dbms_lob.novalue, offset_2 numeric DEFAULT sys.dbms_lob.novalue\nType: func\nVolatility: volatile\nParallel: unsafe\nOwner: enterprisedb\nSecurity: invoker\nLanguage: edbspl\nSource code:\n$__EDBwrapped__$$PROTOCOL2$\nUTF8\nd9No1MDMkTkJ9BRKal7UAeSBKR0p3aDrZ2u2tz0/oK9w/f5QhUdWfXcidY53w7cuzABDkCJ5NF9Q\nA5xervR3uhzGMan5fG08gnesVzem19UMZwX/yYpAoO5VyaKehW234fxu9a6PpU7kEjBPhzQfwpkw\ntlfqDmRlADgbf/+QcWQNxaO/yv8UE18dnXUoLSr8qBhc2/c3T5BYLrgvpMeTHj8iJ+w4ykLEHwax\nfFMqAyoTjrIsesT6bFHO+u94K2Se9F8L+U8cTo2sQUPDO8aCxhhvtqtxpQz+\n$__EDBwrapped__$
F	dbms_lob	getlength	Schema: dbms_lob\nName: getlength\nResult data type: numeric\nArgument data types: file_loc bfile\nType: func\nVolatility: volatile\nParallel: unsafe\nOwner: enterprisedb\nSecurity: invoker\nLanguage: edbspl\nSource code:\n$__EDBwrapped__$$PROTOCOL2$\nUTF8\nd5LMym6xfSk3Df3+sSlYADUjrX3fnPEZmOoOJJhoMCF0rue7SdVkCCdjqD0qKN+hm/YBBe7bn+kO\nfMJvN7bf9jV3VLrrnMsTSfNnHJyCtVCkAGE+lnHyWVHT94fkkerYnE+n6xuFtWI/8BwtovKSKFDl\nycCkvdg=\n$__EDBwrapped__$
P	dbms_lob	validate_length	Schema: dbms_lob\nName: validate_length\nResult data type: \nArgument data types: IN length1 numeric, IN length2 numeric, IN errorcode character varying\nType: proc\nVolatility: volatile\nParallel: unsafe\nOwner: enterprisedb\nSecurity: invoker\nLanguage: edbspl\nSource code:\n$__EDBwrapped__$$PROTOCOL2$\nUTF8\nd9GrLwAjNtxzATb1yNKkmZOO/P0/sk0Tr1ao3FpuXb44BbdFvsI3441TtmOhZBGR6VU+nLFd7m/K\nDrQFnRhKJDx52FNOh888z8WY/CQAoDpeuZiSlsaJqLkBrhaEHeyWTo7D2n6IaO8NbN9j+Hga8Ab6\nQJr/0JYeS5GZ2Ke8utcxjwPuwICSKDwvJkb8kK2C1GBJKp8juMHzK5+3UIWw1KRcML4TfKjqRYFK\ncBCVtc5y41pwYuvx/RW5XVuruWWb65LfZdHAbh8FVT0LHXMtHXlH4QKDf8EPuhfxMvN4yNkDxVIR\nlH8umoBxLghqD+TCL4oB05+LTeoLmWicg9UWqr2fi5fgE52kxqsuQJpyGI9+ekfQ0uTIujy/f6ec\n167+dFvPhLtGHxTzlQfDOjOqzQ5ULuX0XA==\n$__EDBwrapped__$
F	dbms_lob	bytesleft	Schema: dbms_lob\nName: bytesleft\nResult data type: numeric\nArgument data types: len numeric, amount numeric, "offset" numeric\nType: func\nVolatility: volatile\nParallel: unsafe\nOwner: enterprisedb\nSecurity: invoker\nLanguage: edbspl\nSource code:\n$__EDBwrapped__$$PROTOCOL2$\nUTF8\nd6nkKmQbpe3XHtA5d83h/Sh1eo6p+2zCtt13CGmHab0r9PBFJSt7eW2ho2N9g8Zo7u45VI1+iQjh\nRUIDsFiAFr5Ar+QEnTiNkzB/B07Cpo2j2JuVCXNAzULhO+XgxLQ+Shfzhz+XpC7QKNVMuVVj3xrj\n+faDWNMHQ99u8h83+Yi/2+3NX5r9v8n2Xy9lRR5i+B1nfXUaZ/sxgg1GUQxKJHecazJ9849BMsZA\nT9xS8y/g002IoU1z6j7iHGU+EeRdKmJY\n$__EDBwrapped__$
P	dbms_lob	check_db_csid	Schema: dbms_lob\nName: check_db_csid\nResult data type: \nArgument data types: IN csid numeric\nType: proc\nVolatility: volatile\nParallel: unsafe\nOwner: enterprisedb\nSecurity: invoker\nLanguage: edbspl\nSource code:\n$__EDBwrapped__$$PROTOCOL2$\nUTF8\ndypdPpas9p/k+BKu3qKjHYgbSdHybF/r86YRI1c6+4vde0b4GMhEfPrawU91N1y1GhqiigEEXfM7\nFcRQQ3hnqWv0KIqOGhz1mpWnUx3FoFI7TtEhPSL+LU3lJqYWh425cIFBNmUbFohMo5Fb3Ft2ukh+\nGYlU9mCy5yQ3FobQ/V+WctiWWw8O+9pB5kUpZJXGxTfjA4axxS3k9ykQ0tZDQi8EDNEvKSNp1no5\nxg7hSNpL2Z5q7wuE913/tEyQ5vISlgUt8RknGqGKiLluK934bitYDpGtnzm84crLBsKKoDOl8xiO\nKtcbGZzfdlAG5bBi7UKzqBQy4bkH7RaICr8DTjooHiE9k0qxtdXgQlGsFdV0UWuoUA66xKIm0i1u\nacPZUXm39PuZk5KvJ7KUOiM=\n$__EDBwrapped__$
F	dbms_lob	write_to_lob	Schema: dbms_lob\nName: write_to_lob\nResult data type: clob\nArgument data types: dstlob clob, srclob clob, amount integer, dest_offset integer, src_offset integer\nType: func\nVolatility: volatile\nParallel: unsafe\nOwner: enterprisedb\nSecurity: invoker\nLanguage: edbspl\nSource code:\n$__EDBwrapped__$$PROTOCOL2$\nUTF8\nd56VutKuib1PmaaLClbA4xex+H4SA4+3734ILQ6c23HZs1fbQN1abYaB6gDljakZSxVKmh3cFw1l\n6eLbN6jVrnRY4XOk4DKyVVM2MFv2y14U6aqYHgRvBolpaZP+5LAgI3on3zqP40U/fEtQIwMKX7Se\nIX+IGAUsD60eGXBlNk7PwUaesTBobHA7DMQ+it595VEVHuf1F0jCUkvhiy7NU4/s1TNcxyKlMK90\nvGQ7P5iEjpB3sxvP/FR9WZqgIx+4Gy7qJNaMVVzEkOYuErDc6BnJ6/QYBhKSXnSHt3hfjQ/nkr2k\n3RJGCGccci7L4QWSBpG/dKfdD7KIq5OwGsy7704/SuUmN34a61q7j4mA4SU0nd/K//U9hQ2J96r9\natc4BQave+gKoodOsL33KnHG04CNYvO4F37qZHrpc2LyT9CVv3ScBptYVEcBP2A5n7TaZCA8bU54\nsB/MIxT+uUOiB6MmxlX/3w==\n$__EDBwrapped__$
F	dbms_lob	write_to_lob	Schema: dbms_lob\nName: write_to_lob\nResult data type: bytea\nArgument data types: dstlob bytea, srclob bytea, amount integer, dest_offset integer, src_offset integer\nType: func\nVolatility: volatile\nParallel: unsafe\nOwner: enterprisedb\nSecurity: invoker\nLanguage: edbspl\nSource code:\n$__EDBwrapped__$$PROTOCOL2$\nUTF8\ndx+fb3s6iv8D+5FrsBuCTvsrWD1X4vqxaMRm5JmN3Ab04pvBITgQ48Wp93gdLc95CW6d0U+Ef3ej\ndGHrlACGhQhPNcX2g+38ZiOcQfZIr0WL2wbXK4h1Qo40l0lljLQQygs3KIcopaUGMQEGSSJUDKfi\nv88ouog5+N3unGHlkEjp4I6zcuBO8cQSyHhsCcAchE+Q257F9xTLkO27ogMf99FQcNSKeESSzO1V\nOyPKJCe27fq9UEf9BVy1CoaU6KQg1re7PH4CeKZOFKJ0M9lB+a64fqdZCozWvHWa/LLnadaefA9x\nnR75X7p2M6cFaipsxh+BJWSwR7ylYKq3LlrQA3I7ouraZuWj+mtMW7ZmUII91XnmgGBW6QbV7XIL\nQ0L+evvz+OadykPR4+Pb+krUv2UyF6PvOX2fvSHfU1n1IBPU8SRWLAOc++IfPOqI8u5briChPH5L\n8Ht8QgTmJMClifjsORend4pg7g+98bMLzRVz1uo=\n$__EDBwrapped__$
P	dbms_lob	append	Schema: dbms_lob\nName: append\nResult data type: \nArgument data types: INOUT dest_lob bytea, IN src_lob bytea\nType: proc\nVolatility: volatile\nParallel: unsafe\nOwner: enterprisedb\nSecurity: invoker\nLanguage: edbspl\nSource code:\n$__EDBwrapped__$$PROTOCOL2$\nUTF8\nd7+Z+AJOm5L4i5Q7HXC9GtF4pnNIvYGHIjiikWXprGc9WL5ZANiB5ABdPPt+D+OVAiCORXCwmL8M\nmgbMh4Gj35Bfu9mcKqXkU3+S7RiSE7mAdn90rl8tSYtGkHK/EjnZDILaLuAzI220jNzo23vLf4wC\nQcUCCIr6PKbmuomOUSwkrmCntOcHJ9QdO9CcPzEwe8OXuhDfuZciTWmrE5BN7xA7j2FHIrJavFQ2\nMor64J9Ek74EYTe7eYSx0TbyrjlNAQBqYl8VwaVqNR27BW0yUi8LCukcH9CUe236UutvzkRgV8UM\nPGKf2KeJoklo/gIPc1T0wSA/S04TUV9JKqw0VU7N8g==\n$__EDBwrapped__$
P	dbms_lob	append	Schema: dbms_lob\nName: append\nResult data type: \nArgument data types: INOUT dest_lob clob, IN src_lob clob\nType: proc\nVolatility: volatile\nParallel: unsafe\nOwner: enterprisedb\nSecurity: invoker\nLanguage: edbspl\nSource code:\n$__EDBwrapped__$$PROTOCOL2$\nUTF8\nd39JhTNmWjSmE/63lLn8eW9i+1j61GUnX7mIozpT0rV7BzIXQbh+5Rvrsk47kxonsy1zP3NiC+bE\nnFAeIeGjqUkdzjWk1fCP8/2aB4VI6aBmplmdaKGY98OSh6wr6z8q8YkO6yMmMNFm/+cL9cqrBeW0\n8v9qyLQB+uZ58AzO5xQGkhzWEeq4AOADGG+WU1SdNo4+Gxwg34XxNkuNtA2J7X/IizQVg8Kvf2AD\n76Rak8tK39PcCJKOUMKDSWXjHn2iGz9hWp0kSHsFCiFO/lrmx+EY32EK3eFti2jxYAtGjN8hBSxQ\n1l+9Mqa0SvRRh6I6qAjX42VaoWyvMJ2mTvi4wes0uA==\n$__EDBwrapped__$
F	dbms_lob	getlength	Schema: dbms_lob\nName: getlength\nResult data type: numeric\nArgument data types: lob_loc bytea\nType: func\nVolatility: volatile\nParallel: unsafe\nOwner: enterprisedb\nSecurity: invoker\nLanguage: edbspl\nSource code:\n$__EDBwrapped__$$PROTOCOL2$\nUTF8\nd/EiTUa5se1FRZR4nYPyMK9hhwVFo/jacgpiYPJiljzlSk5j6kG7yUZLJS634JaxmsScQ3KXnho1\nu+8gKdui28HEEsc9vh1zKyGgjUas+RsacqY1hSrR4QLmPd2xypgQ7vwpod0Jxag3OUgQkFvZ3m5/\nCRprLw==\n$__EDBwrapped__$
F	dbms_lob	getlength	Schema: dbms_lob\nName: getlength\nResult data type: numeric\nArgument data types: lob_loc clob\nType: func\nVolatility: volatile\nParallel: unsafe\nOwner: enterprisedb\nSecurity: invoker\nLanguage: edbspl\nSource code:\n$__EDBwrapped__$$PROTOCOL2$\nUTF8\nd/EiTUa5se1FRZR4nYPyMK9hhwVFo/jacgpiYPJiljzlSk5j6kG7yUZLJS634JaxmsScQ3KXnho1\nu+8gKdui28HEEsc9vh1zKyGgjUas+RsacqY1hSrR4QLmPd2xypgQ7vwpod0Jxag3OUgQkFvZ3m5/\nCRprLw==\n$__EDBwrapped__$
F	dbms_lob	substr	Schema: dbms_lob\nName: substr\nResult data type: bytea\nArgument data types: lob_loc bytea, amount numeric DEFAULT 32767, "offset" numeric DEFAULT 1\nType: func\nVolatility: volatile\nParallel: unsafe\nOwner: enterprisedb\nSecurity: invoker\nLanguage: edbspl\nSource code:\n$__EDBwrapped__$$PROTOCOL2$\nUTF8\ndwJvvTJeUoTGy19MLLRr84I3mudHQlXJZ1guJZgto9ni9hKdm0ktr0Kgl3/6ZO0rULFzsRPdHydc\nyz+Epk0WoH18DZVr+dUS1eR3G7wQkvXh8OiokSucXkzK12fqreA4XqX7jFTr7UJ2ILCLRPsJ+57O\n8QF42QOvWH4OI/4yOOovM5oCv1OI4m5Ypf2pV9LfZJLCvI/oe7zXvcv640VDKfniSnQme+T2od43\n41JZMNjLF7/0BJYiWblV8q5RYxk0fmwUHGzxBR2J/j73kjE3adin1DaqX7Re+0PoYAr2vHQ=\n$__EDBwrapped__$
F	dbms_lob	substr	Schema: dbms_lob\nName: substr\nResult data type: character varying\nArgument data types: lob_loc clob, amount numeric DEFAULT 32767, "offset" numeric DEFAULT 1\nType: func\nVolatility: volatile\nParallel: unsafe\nOwner: enterprisedb\nSecurity: invoker\nLanguage: edbspl\nSource code:\n$__EDBwrapped__$$PROTOCOL2$\nUTF8\ndwJvvTJeUoTGy19MLLRr84I3mudHQlXJZ1guJZgto9ni9hKdm0ktr0Kgl3/6ZO0rULFzsRPdHydc\nyz+Epk0WoH18DZVr+dUS1eR3G7wQkvXh8OiokSucXkzK12fqreA4XqX7jFTr7UJ2ILCLRPsJ+57O\n8QF42QOvWH4OI/4yOOovM5oCv1OI4m5Ypf2pV9LfZJLCvI/oe7zXvcv640VDKfniSnQme+T2od43\n41JZMNjLF7/0BJYiWblV8q5RYxk0fmwUHGzxBR2J/j73kjE3adin1DaqX7Re+0PoYAr2vHQ=\n$__EDBwrapped__$
F	dbms_lob	instr	Schema: dbms_lob\nName: instr\nResult data type: numeric\nArgument data types: lob_loc bytea, pattern bytea, "offset" numeric DEFAULT 1, nth numeric DEFAULT 1\nType: func\nVolatility: volatile\nParallel: unsafe\nOwner: enterprisedb\nSecurity: invoker\nLanguage: edbspl\nSource code:\n$__EDBwrapped__$$PROTOCOL2$\nUTF8\nd1fnjvhmhA1D7UmI823LxlXFzzwG6BchLh9awtL8jIu6VbD5VWJwgKcaF8kNmFoHRLOkL/G689Qz\nebGorM6BNe7BMcllb0R6NpT+HfgxWYrKkVq0IS8PY0TH21sm3UXwowAezfwV56jxcaOQOvXHwmUG\nbAYdH+Pos4ZSjLt8vEZ7fN3ixzensfqWo+AUH4/AQ/bvVUP1gPNdl4K53UPSPARvHlwJ8kn7wwAK\nnt4mAcZiRndfJqBb1dsr5uYW6jSngVeH2os2uBse3wp6UEnwCpqNRmVk/Dcix9hram9F7foEtv4F\nYt7IJW2U\n$__EDBwrapped__$
F	dbms_lob	instr	Schema: dbms_lob\nName: instr\nResult data type: numeric\nArgument data types: lob_loc clob, pattern character varying, "offset" numeric DEFAULT 1, nth numeric DEFAULT 1\nType: func\nVolatility: volatile\nParallel: unsafe\nOwner: enterprisedb\nSecurity: invoker\nLanguage: edbspl\nSource code:\n$__EDBwrapped__$$PROTOCOL2$\nUTF8\nd1fnjvhmhA1D7UmI823LxlXFzzwG6BchLh9awtL8jIu6VbD5VWJwgKcaF8kNmFoHRLOkL/G689Qz\nebGorM6BNe7BMcllb0R6NpT+HfgxWYrKkVq0IS8PY0TH21sm3UXwowAezfwV56jxcaOQOvXHwmUG\nbAYdH+Pos4ZSjLt8vEZ7fN3ixzensfqWo+AUH4/AQ/bvVUP1gPNdl4K53UPSPARvHlwJ8kn7wwAK\nnt4mAcZiRndfJqBb1dsr5uYW6jSngVeH2os2uBse3wp6UEnwCpqNRmVk/Dcix9hram9F7foEtv4F\nYt7IJW2U\n$__EDBwrapped__$
P	dbms_lob	read	Schema: dbms_lob\nName: read\nResult data type: \nArgument data types: IN lob_loc bytea, INOUT amount numeric, IN "offset" numeric, OUT buffer bytea\nType: proc\nVolatility: volatile\nParallel: unsafe\nOwner: enterprisedb\nSecurity: invoker\nLanguage: edbspl\nSource code:\n$__EDBwrapped__$$PROTOCOL2$\nUTF8\ndzrueTlBjO5L0O/uaSmcopVy0IIoQcTIGur8xTySjbL0iCmlzb4SPRG0ra3VGlNXYKlyHC/LzvNL\nOBBnAyf9nA1wba9esu4QXhG+M6J/Lr+GZPEu6YJyPGaCdtt8CfH0c50o9MceVHKVJU0VsQhBFTcr\nKHzVLAn/Abh5MyX/U/ImN0uIRK2tlINjgIVTeQnGxlNHL952dioNlUzwMACtXoElE3NbT081tRjw\nQWD3dzw/6swj02n3LRnReEo/CPXHw2R2KbiNdG+rEKLt2pFxx6xNetQ4AdRPZyzMLiBv/R6BAM+U\nL1jTFqoV59fdMgeNNJnHa+sQA2pThmfvjMeywtqsyfvLlDg7RNenaehkPOWSIPFjtVVjaDOomTkK\n41Ty6YqRSrrmm3WtdvFYiPl65R1uGuou1r6HcIJh8X1FtDi16Ut5SfBez1PXIEpsKRW32B7eh1Vu\n8IXgmwMkEtIPpWmZRnOO++5b7LPEFJIlq4wXRLI95sNLwcSYEe+846BEBN4BSDijnTBBwxglNhHw\nXjHRCgJf/Vg6qCNEX0zqow/G8/bj6tDLDgMEH/itKl4qelf4du8=\n$__EDBwrapped__$
P	dbms_lob	read	Schema: dbms_lob\nName: read\nResult data type: \nArgument data types: IN lob_loc clob, INOUT amount numeric, IN "offset" numeric, OUT buffer character varying\nType: proc\nVolatility: volatile\nParallel: unsafe\nOwner: enterprisedb\nSecurity: invoker\nLanguage: edbspl\nSource code:\n$__EDBwrapped__$$PROTOCOL2$\nUTF8\ndzrueTlBjO5L0O/uaSmcopVy0IIoQcTIGur8xTySjbL0iCmlzb4SPRG0ra3VGlNXYKlyHC/LzvNL\nOBBnAyf9nA1wba9esu4QXhG+M6J/Lr+GZPEu6YJyPGaCdtt8CfH0c50o9MceVHKVJU0VsQhBFTcr\nKHzVLAn/Abh5MyX/U/ImN0uIRK2tlINjgIVTeQnGxlNHL952dioNlUzwMACtXoElE3NbT081tRjw\nQWD3dzw/6swj02n3LRnReEo/CPXHw2R2KbiNdG+rEKLt2pFxx6xNetQ4AdRPZyzMLiBv/R6BAM+U\nL1jTFqoV59fdMgeNNJnHa+sQA2pThmfvjMeywtqsyfvLlDg7RNenaehkPOWSIPFjtVVjaDOomTkK\n41Ty6YqRSrrmm3WtdvFYiPl65R1uGuou1r6HcIJh8X1FtDi16Ut5SfBez1PXIEpsKRW32B7eh1Vu\n8IXgmwMkEtIPpWmZRnOO++5b7LPEFJIlq4wXRLI95sNLwcSYEe+846BEBN4BSDijnTBBwxglNhHw\nXjHRCgJf/Vg6qCNEX0zqow/G8/bj6tDLDgMEH/itKl4qelf4du8=\n$__EDBwrapped__$
P	dbms_lob	write	Schema: dbms_lob\nName: write\nResult data type: \nArgument data types: INOUT lob_loc clob, IN amount numeric, IN "offset" numeric, IN buffer character varying\nType: proc\nVolatility: volatile\nParallel: unsafe\nOwner: enterprisedb\nSecurity: invoker\nLanguage: edbspl\nSource code:\n$__EDBwrapped__$$PROTOCOL2$\nUTF8\nd6e1/1p6UNWLxG+PLBKhVxf4iZXrC4Jm8BKg2B4LI4ea6MPHC+5v+QOoakPT0TNm35QAt4Ql+HjM\nfmnlyL36KcWMsu5Cp1zfDSX/AhgUhcy/kYTtE5A/DTGOkOmQeBc7/0OJxx1FUteIcl4AxvB3YUfe\nfjG1WlP1uyFPjdVa7Ly7nrRPHwmWZeWv4UK6W4ZXEML2Q0D3s5GZ4FRJc3wYppVwupG/Uenc1A59\nWGRIaV1SmfdjaUWZtjbqGkllmvuU4C9x9BvQKDMiZifCzx/bvwk8aW1um/AkLJbhTzhojwbaYq1X\n5CYXCehRRiimwQGQifYZmFPgGhjCtLknDnpX6NoMHbKB5YRs7Rvx3mRauL167m8R6q04d8Bqp9zC\nPXyZbsZBUrxgZpj820YHpuslgqcjff8TeY3fgf31uqmPu+KJidKmmNExuPlI6Q8ctHh1eQwKCTb5\n26ce445Gl3YpzwZFFzmqeXPbT5SVIN5XQ/NhCUMh1OARAcok\n$__EDBwrapped__$
P	dbms_lob	write	Schema: dbms_lob\nName: write\nResult data type: \nArgument data types: INOUT lob_loc bytea, IN amount numeric, IN "offset" numeric, IN buffer bytea\nType: proc\nVolatility: volatile\nParallel: unsafe\nOwner: enterprisedb\nSecurity: invoker\nLanguage: edbspl\nSource code:\n$__EDBwrapped__$$PROTOCOL2$\nUTF8\nd6e1/1p6UNWLxG+PLBKhVxf4iZXrC4Jm8BKg2B4LI4ea6MPHC+5v+QOoakPT0TNm35QAt4Ql+HjM\nfmnlyL36KcWMsu5Cp1zfDSX/AhgUhcy/kYTtE5A/DTGOkOmQeBc7/0OJxx1FUteIcl4AxvB3YUfe\nfjG1WlP1uyFPjdVa7Ly7nrRPHwmWZeWv4UK6W4ZXEML2Q0D3s5GZ4FRJc3wYppVwupG/Uenc1A59\nWGRIaV1SmfdjaUWZtjbqGkllmvuU4C9x9BvQKDMiZifCzx/bvwk8aW1um/AkLJbhTzhojwbaYq1X\n5CYXCehRRiimwQGQifYZmFPgGhjCtLknDnpX6NoMHbKB5YRs7Rvx3mRauL167m8R6q04d8Bqp9zC\nPXyZbsZBUrxgZpj820YHpuslgqcjff8TeY3fgf31uqmPu+KJidKmmNExuPlI6Q8ctHh1eQwKCTb5\n26ce445Gl3YpzwZFFzmqeXPbT5SVIN5XQ/NhCUMh1OARAcok\n$__EDBwrapped__$
F	dbms_lob	compare	Schema: dbms_lob\nName: compare\nResult data type: numeric\nArgument data types: lob_1 bytea, lob_2 bytea, amount numeric DEFAULT 1073741823, offset_1 numeric DEFAULT 1, offset_2 numeric DEFAULT 1\nType: func\nVolatility: volatile\nParallel: unsafe\nOwner: enterprisedb\nSecurity: invoker\nLanguage: edbspl\nSource code:\n$__EDBwrapped__$$PROTOCOL2$\nUTF8\ndyjt2mrapDJnC3B2fQzIIm9PoWgDUrKAs3fzwe4sXMBtJsoTDsv4+Wf2DMaLN1gCBP6v2ycwLj5P\nz21gotrUqoUbPum8wtElenPlUNgE5lrQgeA6jppj8m0M2NhNeXr/Tdc8hyS0tMRixKifaCNURSei\nDM72ko0aHbw45/0XqZby+H5ScIrtZt6fl5zyJCkPcSnaTClUbXtckRo5S0vQsponD7VTDBBEX2/r\nX0dFEEeM01vdtlBBUSGvhkbernPUF1dWuY4kLAe7AK8K5Ot0I/asuffzbDO3EBXWDWi0k9aXvelz\nU/isp/08wwUBt7qpGLIQyBbbhNw/dACmWawQo2lRj3WSy6lBoe48qCWlyNEs8b4Eyw+Sz45SUQr5\n0G2T5LWI\n$__EDBwrapped__$
F	dbms_lob	compare	Schema: dbms_lob\nName: compare\nResult data type: numeric\nArgument data types: lob_1 clob, lob_2 clob, amount numeric DEFAULT 1073741823, offset_1 numeric DEFAULT 1, offset_2 numeric DEFAULT 1\nType: func\nVolatility: volatile\nParallel: unsafe\nOwner: enterprisedb\nSecurity: invoker\nLanguage: edbspl\nSource code:\n$__EDBwrapped__$$PROTOCOL2$\nUTF8\ndzs6/4g9SrQ4RNUFBCH2C+ZlahDlBNicpfHm6p8DHMwgY38W1z7Ur+khfh5b1huXooVL3muWhazT\n/fYzx4iLZ0CYjqXh54tNdlSl7VAdJzLl1IkcebYfzymQ2uPd67OQxcVnniT/uShRTmeB8dld/bFF\nQspzw45YDxeiPHPIXEGEPb38ajpVWMbk9WD0tuoLN2AmOfNYKVLP8XJqTul9X8Rk5Lod/UjzqQxq\nwVi3HGjfsHHN0g91M61emPs03zNp9547rJTR0Ed0pcIkouBj6VKz/RMZt7LNBkjt6p86zcE2KjUW\nEEEvgiY0TGR2PT1QBxgt+VdKuReXA39NCkDFdELlyp/lIVpuV7JnZb7d+hvWEmB/o/BI6zicLYv/\nY5Oqizz9vg==\n$__EDBwrapped__$
P	dbms_lob	writeappend	Schema: dbms_lob\nName: writeappend\nResult data type: \nArgument data types: INOUT lob_loc clob, IN amount numeric, IN buffer character varying\nType: proc\nVolatility: volatile\nParallel: unsafe\nOwner: enterprisedb\nSecurity: invoker\nLanguage: edbspl\nSource code:\n$__EDBwrapped__$$PROTOCOL2$\nUTF8\nd9ewxkxNPbDRh1p3G8mRJ6b3yWdnQ29o4DToa8Chmmft5YVoDcvEQZP/fsgKuLFyMmhnj/pk3UXl\nrvb8otZjozOKjFnlUa1YPUeiPBf3X+Msf3Fdu8k2iOY6cMfZdB/Kj1U9vHQpVL+7OLsX+1BuASo/\nxCPqSwmBQwV+3ppW3Pd/IeJ9Z1zHHG/mBHwNw4tgwJiScLGgVGgzibErzfS7/eyoYA5uYWMK5K6d\nRyBMIgXEHOlQjbncghyIqrChvb0f2sEzWGAc6zVW1WQ3rgSYJ62SGJTwMWKnDBcGVc17a/+KTUJs\nUhjP1mPR3HFveMPec4WEIMW6/I56vqgGLdusDFdHU2LYXQhAEzf78TQOUTYDOX5CejBdWzE=\n$__EDBwrapped__$
P	dbms_lob	writeappend	Schema: dbms_lob\nName: writeappend\nResult data type: \nArgument data types: INOUT lob_loc bytea, IN amount numeric, IN buffer bytea\nType: proc\nVolatility: volatile\nParallel: unsafe\nOwner: enterprisedb\nSecurity: invoker\nLanguage: edbspl\nSource code:\n$__EDBwrapped__$$PROTOCOL2$\nUTF8\nd9ewxkxNPbDRh1p3G8mRJ6b3yWdnQ29o4DToa8Chmmft5YVoDcvEQZP/fsgKuLFyMmhnj/pk3UXl\nrvb8otZjozOKjFnlUa1YPUeiPBf3X+Msf3Fdu8k2iOY6cMfZdB/Kj1U9vHQpVL+7OLsX+1BuASo/\nxCPqSwmBQwV+3ppW3Pd/IeJ9Z1zHHG/mBHwNw4tgwJiScLGgVGgzibErzfS7/eyoYA5uYWMK5K6d\nRyBMIgXEHOlQjbncghyIqrChvb0f2sEzWGAc6zVW1WQ3rgSYJ62SGJTwMWKnDBcGVc17a/+KTUJs\nUhjP1mPR3HFveMPec4WEIMW6/I56vqgGLdusDFdHU2LYXQhAEzf78TQOUTYDOX5CejBdWzE=\n$__EDBwrapped__$
F	dbms_lob	get_storage_limit	Schema: dbms_lob\nName: get_storage_limit\nResult data type: numeric\nArgument data types: lob_loc bytea\nType: func\nVolatility: volatile\nParallel: unsafe\nOwner: enterprisedb\nSecurity: invoker\nLanguage: edbspl\nSource code:\n$__EDBwrapped__$$PROTOCOL2$\nUTF8\ndwuvHXZAlXCIfnMrh5WmPkosi45y0NGiTHMmvt6duPuTf7JhUauJlTmZQZgdxUGsbLE2HXpXuNRy\nb0nOwXAO/lnvdNGuZfIP57DxSlXOSaigkEVEDSAL4Cx9fFMNk/aNXnvGcL5kPGMMZi+KUYtwrteh\nE0sudYOt\n$__EDBwrapped__$
F	dbms_lob	get_storage_limit	Schema: dbms_lob\nName: get_storage_limit\nResult data type: numeric\nArgument data types: lob_loc clob\nType: func\nVolatility: volatile\nParallel: unsafe\nOwner: enterprisedb\nSecurity: invoker\nLanguage: edbspl\nSource code:\n$__EDBwrapped__$$PROTOCOL2$\nUTF8\ndwuvHXZAlXCIfnMrh5WmPkosi45y0NGiTHMmvt6duPuTf7JhUauJlTmZQZgdxUGsbLE2HXpXuNRy\nb0nOwXAO/lnvdNGuZfIP57DxSlXOSaigkEVEDSAL4Cx9fFMNk/aNXnvGcL5kPGMMZi+KUYtwrteh\nE0sudYOt\n$__EDBwrapped__$
P	dbms_lob	trim	Schema: dbms_lob\nName: trim\nResult data type: \nArgument data types: INOUT lob_loc clob, IN newlen numeric\nType: proc\nVolatility: volatile\nParallel: unsafe\nOwner: enterprisedb\nSecurity: invoker\nLanguage: edbspl\nSource code:\n$__EDBwrapped__$$PROTOCOL2$\nUTF8\nd/+c+HOxAzK7h0xBmnhl0zvpnLYI+hnNQ4xyKRc6D8qp7eYsmC3ktMPc8MsxTwTjyQKpTWpzsDqA\npmtU2PXxcuu4TTOFpFRDsXMNwewA41z5zyCIwlzVhbaPrEwnFGXuAT+q51kGQrh5ytFVkLEurmpx\namdPPkbP0FL4ixUuI/zb2FuVqysq0MDCXzflpLtKXwE2ZB2f4J9OTeWNDm4gyBlCIJN3jmI4g+FU\n45Mj3j9a4gS2KhGJjmEWxK5+BWQSyMkPyyMmDpRHHVT4wNMndE0zifvZG44EPQtIMrcHM5NWXwMN\nmK6mL8Y44RbvJ1kLiBcVoh9kMJuOWRQR7vT+hFDgwXeiTqD2FT8QDWp2woETV63NesFzldfybOs1\n0/BWI5aewSX89bdRgmjkUCMAotAy0nNp3QfvW+TjXBbBEVpBUhMkfsjIK5b5S6ErMOAKVi61puJ9\nrwgKv+PyMU/lnfeOj5AQlWk27n+c3pX1p9Jr7Ox+tKevPO8uh/PCh8ZJE52vxA==\n$__EDBwrapped__$
P	dbms_lob	trim	Schema: dbms_lob\nName: trim\nResult data type: \nArgument data types: INOUT lob_loc bytea, IN newlen numeric\nType: proc\nVolatility: volatile\nParallel: unsafe\nOwner: enterprisedb\nSecurity: invoker\nLanguage: edbspl\nSource code:\n$__EDBwrapped__$$PROTOCOL2$\nUTF8\nd6XpukHRs2AfHLT1GR68iZp6RHg/os6hIuhBEOBibICRYfRPq9e+/aU6Vs8KQ9aHBZfENNTNicUW\naHhtvF8bX0Jd2eaaW2a0kKhTxMjItLipg8Xe2E7FA6eMPBHs8yRiOhhK6NyMMROUCNcKEI595l2i\na3O12xPb4E5fZNgDBeem677ACP6TFDdqejddRfZBi2hnzQS7hf6DmS3zkstRjtEGgkzXAUQ9PJQl\nlJzBGtEWUlApW0DU+Lmj3ksD3A4WVvuJWxWgJV+yKFwOXhl9+4MpwbWemtiWllJYDm7kWAHPS4Xj\nLSThcU0qp3XRFGgnoZSsjn55XtGxLh6CimoDpr0sgTL+OihODfM3UqPWnK3Fu9RTx6dXjJQf9iPS\ndYVadAyYSV24dwt0gRKDTlHOrKoW2C9X/LUuVL1VwJxm2P1DNwPyDDL+OXpZFJBa2La0Ci+8V8OB\ngIkZngsVdHq8NvGYrU/u15EjNA3dPfZJ30j4H8pMOsGI7BgeA/AxMW6GJCDZ\n$__EDBwrapped__$
P	dbms_lob	erase	Schema: dbms_lob\nName: erase\nResult data type: \nArgument data types: INOUT lob_loc clob, INOUT amount numeric, IN "offset" numeric DEFAULT 1\nType: proc\nVolatility: volatile\nParallel: unsafe\nOwner: enterprisedb\nSecurity: invoker\nLanguage: edbspl\nSource code:\n$__EDBwrapped__$$PROTOCOL2$\nUTF8\nd+Ju3t7wGtAhRJ1VGwkoFmkjmEhsgwTnqO1kLE8eecdeV6CbQ8cfoVI7uAKDT3YLqAKhB8iXFl88\n7UU1hfD64Rs+KpyG9jPopUP5mrSTbYsIgc20OZ48WcRWBGd2vdcMlMxUPMN2mQT2DgqaUDBkKhgQ\nCvrwWa8ZlKP1qcLQfudY2JzKI1XW/jioA3Yi7C7AY3zys9VgTwgUR1lysAweoyTmMgJ9wCZRQnsw\nPJcN6Ym84RFLNP17bUurpTlh5Pfw1WoiKC1pZzBEvuahn9cb2SfdKULHK0YKJEhMSRVJEgYw4LAh\napAorALz2+8M8F74+FnHEbLJSXSk3LjhESCIYHjsI7FHmASm1xuZKYqB6i+7orkjaeY0OjXEJ3R2\nYlIJs+FzHJ7W4bDrh8plNJiEoyQj6Dy2zdGT5EGGqtzBTJ0R2XMU81TIPnoTCbC+OyfN+rSGL02C\n6tblAd1rPAXqZkQkPIxp7OypRKhma4qxOVZ3nz/9E1NsVMdPAP1MPUKoOicTET/yAOTXHobQ//6E\nKY6TjX2iKcEQ9A5PF/Ar1C9R6fcfdEVRkhZ1cRGvaMFTxjzKZE5LrzWZ1viz+W469g==\n$__EDBwrapped__$
P	dbms_lob	erase	Schema: dbms_lob\nName: erase\nResult data type: \nArgument data types: INOUT lob_loc bytea, INOUT amount numeric, IN "offset" numeric DEFAULT 1\nType: proc\nVolatility: volatile\nParallel: unsafe\nOwner: enterprisedb\nSecurity: invoker\nLanguage: edbspl\nSource code:\n$__EDBwrapped__$$PROTOCOL2$\nUTF8\nd1+3xCK56+ebItjYIqarINTI6ghep1ekmX1Su1aj93v0mj9zCuOhSPzbPFzLOAcFkNJ9UheBMhA+\nXOhtD1p/xIja+ZSDknosIYsIiJM27ubLY6DyqDXi5Z0viwoYHyG/ePNtTrdAUyBzdnpX/oU+esy2\nw4LH+cbxwzKN/Z/dH/D/2u8u6QsAcbKO/TG0pZzfvfAb86V+Vs0YwteBmrz8PC1YKAg1Vz0IRmel\ndlT7FQaM5iTKzzMpKn+0yYr6Jd6IVYrroBxBiuZkj53/7nse6yucHQ3Wiiu3Jt63PFxkF2TfJZQJ\nIqD3Brf0BSbrkVMLxbEnM19tXJReq3oQp9S8ls2vI95UYOyGROv4sjPpoQ9oVjnkCCSNQmC1KdP8\nDZzvzrpWbqi8Dj/BgfdqVI6ZzBBnTOFvvIsFlauovUf4Solnyzc6w0PmnPuZ0LmQPpiCAlsCCQci\ns6QlF289i55F0TTEsEVSZGems7CFpmVlvytX/FYnqsfzllfVkU1GORHH+7ioJ7in/+eKGZkLmPNM\nTDeas8YL7UmhwQLLirz0SJLSv7ILevIiXGkIFsuwd+cv/lg/Iy/qHYD9xkA+vUlPOAXMroepw9Ol\nK+Y+UfbHAoaGrVjRdAWrQZia\n$__EDBwrapped__$
P	dbms_lob	copy	Schema: dbms_lob\nName: copy\nResult data type: \nArgument data types: INOUT dest_lob bytea, IN src_lob bytea, IN amount numeric, IN dest_offset numeric DEFAULT 1, IN src_offset numeric DEFAULT 1\nType: proc\nVolatility: volatile\nParallel: unsafe\nOwner: enterprisedb\nSecurity: invoker\nLanguage: edbspl\nSource code:\n$__EDBwrapped__$$PROTOCOL2$\nUTF8\ndzc9GoOSFm0Q1hdEUNG09xkk1GmqBTeupcTkztdBCxryRWXhw1JJV67fFS5vhKlq9y40UlQLO2dg\nm2oLo6Dj5CzNlO7j3cbdyOQHsVU81Zz9fo1J0xOGMwSJIFoARnPA4I8qVypd5s/ZMVwmR+vh1B3h\nvWtRyoikhdANwQILIfmp+8cAf5KxngOrUrSWjXKqxnqNn0U0Z/vzdgHK8FhV43+GWBYYz5jY1jtH\nqD5UnJRHJnpLKEBCmy1GO2Igt4evmxATcA35ljehh9pOzy4hoHhdocav0YIgumTSJaYE1weBHsgx\nTo+rqI7BK0IQxz2EmfrcB1BN0DKiLqspFmA0u67PKtGVEOxkM7nj7slH4YVT5IqPV+8W5hiZLcRp\nCXztSYil+TSBTuhxognqhU8N/kShBJ570hi1Gs3X5XDhtwoSUN79YC5rnZ3dFw==\n$__EDBwrapped__$
P	dbms_lob	copy	Schema: dbms_lob\nName: copy\nResult data type: \nArgument data types: INOUT dest_lob clob, IN src_lob clob, IN amount numeric, IN dest_offset numeric DEFAULT 1, IN src_offset numeric DEFAULT 1\nType: proc\nVolatility: volatile\nParallel: unsafe\nOwner: enterprisedb\nSecurity: invoker\nLanguage: edbspl\nSource code:\n$__EDBwrapped__$$PROTOCOL2$\nUTF8\ndzc9GoOSFm0Q1hdEUNG09xkk1GmqBTeupcTkztdBCxryRWXhw1JJV67fFS5vhKlq9y40UlQLO2dg\nm2oLo6Dj5CzNlO7j3cbdyOQHsVU81Zz9fo1J0xOGMwSJIFoARnPA4I8qVypd5s/ZMVwmR+vh1B3h\nvWtRyoikhdANwQILIfmp+8cAf5KxngOrUrSWjXKqxnqNn0U0Z/vzdgHK8FhV43+GWBYYz5jY1jtH\nqD5UnJRHJnpLKEBCmy1GO2Igt4evmxATcA35ljehh9pOzy4hoHhdocav0YIgumTSJaYE1weBHsgx\nTo+rqI7BK0IQxz2EmfrcB1BN0DKiLqspFmA0u67PKtGVEOxkM7nj7slH4YVT5IqPV+8W5hiZLcRp\nCXztSYil+TSBTuhxognqhU8N/kShBJ570hi1Gs3X5XDhtwoSUN79YC5rnZ3dFw==\n$__EDBwrapped__$
P	dbms_lob	converttoblob	Schema: dbms_lob\nName: converttoblob\nResult data type: \nArgument data types: INOUT dest_lob bytea, IN src_clob clob, IN amount numeric, INOUT dest_offset numeric, INOUT src_offset numeric, IN blob_csid numeric, INOUT lang_context numeric, OUT warning numeric\nType: proc\nVolatility: volatile\nParallel: unsafe\nOwner: enterprisedb\nSecurity: invoker\nLanguage: edbspl\nSource code:\n$__EDBwrapped__$$PROTOCOL2$\nUTF8\nd88N0NDr6lnKGW9wd0+f6zGAXA9hqu8kX/nusc/lv8XJ9lFqgmciKKRjdoH+79AFaccF+O9Xgrt/\n7ZNIvWAR6vIdDsUfe2zGDX7vt3TQuCRQ3K2Htp/ZjGy47IATUpQArGuLODI8/qW0d7xqN7g0tlld\neJZ3v2gvBkj1jgmOh3kIvamLKuDZn3uG/7Dbgm9xzGMnRfgUVe72S/z0+L3VepUPLchlGvnVGur1\n3CKjvHYDUvn7ms2MBRwh+J6oF1qm6eU7z8wKtr4sbUsT/MAzcwdtOoHOd1kBYhTcykGZEdg+faPS\nF7vMScF6F4VX0eS1U5kXw7pxqtJZCD2kFbcnL2xvmBGGSF2cCUnSgFobvIhnLtmda4ULe3yB20qD\nD87IhNOZeLq5HHNdIKH5FSslnUJPYRe814q6fsGe4udzdvTcQVZCPmr5EFcBouhxEHCAFwjz7z15\ngApQ8+Tzq75nwIonVlkcLydplTLj712tvVbntOiAPzoBwJ5fuIcXnfFFKfKiaezpV/yJtGqeLAL/\nmPSzI6QD3lKlcYOiGVWTufWLKSYO9AMDAVLmhkG7Rcri8QnG7IL9Iq48mYC3HWaM2wJARon8cSQK\nO2XuXR6Jq9y5IaXBKG/iihg49a/rrkXuIDXf9QfRyDCeftyckoP/OEaSHG7VpSiZh+absbdEv7vJ\nENCpyr4aH/AjQVWWc4MaGfoYMaHk1mnO8ETNQzKtTqphA/Y/xo49F58bhhr2Twy8Z2lKl+U353EZ\ndZZ/mAU=\n$__EDBwrapped__$
P	dbms_lob	filegetname	Schema: dbms_lob\nName: filegetname\nResult data type: \nArgument data types: IN file_loc bfile, OUT dir_alias character varying, OUT filename character varying\nType: proc\nVolatility: volatile\nParallel: unsafe\nOwner: enterprisedb\nSecurity: invoker\nLanguage: edbspl\nSource code:\n$__EDBwrapped__$$PROTOCOL2$\nUTF8\nd9kme15t0UCWKIq1r4Xy+KFsAaepBOeCnwDmg0ivdeWm70m1Sx6vAr9rg+cqQ5p2kq/TX5eiKN51\nGoUxigi3bdtuevVqaNHJSJosQTwb832ToL657KqO/k3VPosP5nxjT6cWCyR2EHxMbvF719m3jQ9m\nenRBQhLZk7rROxCewdwv582kwWt9+JXTtrhwWLKZ9rS+CWdx4xOKS5oiUVAtqh05BzjAoQ==\n$__EDBwrapped__$
P	dbms_lob	converttoclob	Schema: dbms_lob\nName: converttoclob\nResult data type: \nArgument data types: INOUT dest_lob clob, IN src_blob bytea, IN amount numeric, INOUT dest_offset numeric, INOUT src_offset numeric, IN blob_csid numeric, INOUT lang_context numeric, OUT warning numeric\nType: proc\nVolatility: volatile\nParallel: unsafe\nOwner: enterprisedb\nSecurity: invoker\nLanguage: edbspl\nSource code:\n$__EDBwrapped__$$PROTOCOL2$\nUTF8\ndyLMGgBDj90ylHNA+c7GkWgy8aXrQ92tdnZoyzyA0H+4iZEy70J6/ADww8H3wf0EpDGKOwpqWhrW\noXd9rCQeCPfDRf/tL+iY0TSRtVRrWI3BJHXThH+SQzM3o/THeVrkdodZwFDw4nwrqfEVR5CvFQh/\nNwHxaa62FNNoQaVWFqfFchjlpqbcWioW/4uwMtTmXmfOSy0ew6xxDBKbun5Gje/W++asSIlv4erg\nubhGyx9D7/8an8Y4Z+yoZqIM4AZ/t1dMSj5+RtuHREFUhAQdTXzJ/lLGpnI/3c/SH0+oJwMh9MJp\n5U3N0+Zdfy2wxi9gbOBeX/4KxDIdc0bAKtlKhNaO9zWiZyfE6mlNpARgZtDlnTDMOBINQOirU43b\npTk19oKS1NG0l8Tg4fO8clq3fuYwB3lrj31yTdjPIBmzWLJCS7kvU/fTNHgddofQ9Kj4/uShHAir\noT2Xd7pgQftURvXq6ReXgkhPXNC7bVNpv3MJc9ys/Ytby+jFBTvy3RvBXSddJLcq199HG805Aa9s\nbfzKHRP0FmhpNG9sLOrsFlR0vXbRMymz80Lhb12WXIWhPlYXtSNzb3NHTPLCIZIZnBdjd9vl1rLT\nxRrqg1tK6yA+dOdncLSfc4XV6e7NUzOvXrzWQDSJMLfGspYdJWjHBApXvMoBTLV0QV3UQkXmFeiP\nJKSYpfeDY0YQ1gMCkuYc1Phq8NGrdZPzG36KJ2HbieSWSDhr0LYKhvHB+mfd1uhpqJTsU5yHN9NY\nXYrg9fY=\n$__EDBwrapped__$
P	dbms_lob	fileopen	Schema: dbms_lob\nName: fileopen\nResult data type: \nArgument data types: INOUT file_loc bfile, IN open_mode numeric DEFAULT 0\nType: proc\nVolatility: volatile\nParallel: unsafe\nOwner: enterprisedb\nSecurity: invoker\nLanguage: edbspl\nSource code:\n$__EDBwrapped__$$PROTOCOL2$\nUTF8\nd5jQZc1pVfGuoCB3bNVP2aM+DEYdEO/3NYuGwoaypNl+WdzY0X9Dwhvzd3h1h+XtQoaVunC9tTQT\npOIVgKt4Gv9PlurzWhqO215WVrNZe4iVmVH9GBq7cDGwbR56To0I4VfZ+eO1jgduV/Lyp4c9Tfqh\nY0XRiUza37v6jyo+V6eWmQ==\n$__EDBwrapped__$
P	dbms_lob	open	Schema: dbms_lob\nName: open\nResult data type: \nArgument data types: INOUT file_loc bfile, IN open_mode numeric DEFAULT 0\nType: proc\nVolatility: volatile\nParallel: unsafe\nOwner: enterprisedb\nSecurity: invoker\nLanguage: edbspl\nSource code:\n$__EDBwrapped__$$PROTOCOL2$\nUTF8\nd5jQZc1pVfGuoCB3bNVP2aM+DEYdEO/3NYuGwoaypNl+WdzY0X9Dwhvzd3h1h+XtQoaVunC9tTQT\npOIVgKt4Gv9PlurzWhqO215WVrNZe4iVmVH9GBq7cDGwbR56To0I4VfZ+eO1jgduV/Lyp4c9Tfqh\nY0XRiUza37v6jyo+V6eWmQ==\n$__EDBwrapped__$
P	dbms_lob	filecloseall	Schema: dbms_lob\nName: filecloseall\nResult data type: \nArgument data types: \nType: proc\nVolatility: volatile\nParallel: unsafe\nOwner: enterprisedb\nSecurity: invoker\nLanguage: edbspl\nSource code:\n$__EDBwrapped__$$PROTOCOL2$\nUTF8\nd+UG51/a7Vpw09Rot+B2/YKtMA/QXSLrSbM7pDoVuCeCrr8Bh9BD5rJ9FbCPiWc/ukBaGZ8SKDOt\nkGD3yLu8jNOcaF+aRim/VHgdSUOkRZtCZYsxHN5zVASGt5+uGZJsLeTWAEva4muztQquo+BgJd33\npYXaJw==\n$__EDBwrapped__$
F	dbms_lob	isopen	Schema: dbms_lob\nName: isopen\nResult data type: numeric\nArgument data types: file_loc bfile\nType: func\nVolatility: volatile\nParallel: unsafe\nOwner: enterprisedb\nSecurity: invoker\nLanguage: edbspl\nSource code:\n$__EDBwrapped__$$PROTOCOL2$\nUTF8\nd1VyPG/XR9qawK6Npd931PSbUeqVWCmzGpSQEJ6zGdW+APgUg4roa7iJo0BdpUZoWd0DhYvKy9+9\nD8WmpszihH7sMY6XUIe3iFPrxFioqKtsWY1bj6gwUvGyHrTZfIlswlTtIVscIqTLlZ3kfDcgteL6\nTsQMYe9I9NI/0Q==\n$__EDBwrapped__$
F	dbms_lob	fileisopen	Schema: dbms_lob\nName: fileisopen\nResult data type: numeric\nArgument data types: file_loc bfile\nType: func\nVolatility: volatile\nParallel: unsafe\nOwner: enterprisedb\nSecurity: invoker\nLanguage: edbspl\nSource code:\n$__EDBwrapped__$$PROTOCOL2$\nUTF8\nd1VyPG/XR9qawK6Npd931PSbUeqVWCmzGpSQEJ6zGdW+APgUg4roa7iJo0BdpUZoWd0DhYvKy9+9\nD8WmpszihH7sMY6XUIe3iFPrxFioqKtsWY1bj6gwUvGyHrTZfIlswlTtIVscIqTLlZ3kfDcgteL6\nTsQMYe9I9NI/0Q==\n$__EDBwrapped__$
P	dbms_lob	fileclose	Schema: dbms_lob\nName: fileclose\nResult data type: \nArgument data types: INOUT file_loc bfile\nType: proc\nVolatility: volatile\nParallel: unsafe\nOwner: enterprisedb\nSecurity: invoker\nLanguage: edbspl\nSource code:\n$__EDBwrapped__$$PROTOCOL2$\nUTF8\ndxtpw7G7KusiWiCIktgyUmulSSCAMsKQM+MVsApD1BCV5pKD5YxjRNobnLBwxHNazK0WFCyzToFW\ncKgesax3m9dPtBhefu6Myp1b7mmJC5iJwJF1rUWzizkCm89wM3C7CkYdlJwyDaGnMq+bSkZAwQ/n\nLD2mgJwyjR0cTSknJREMvxVzXCSz6i0uSwbaGnL0UymkHB2jjwHOglPmtqwXADCXhKc/IT1YV/Wb\nwYqRbEA0CVxpvg04gbO2JaRJAQbxgrDHkwI92a+5MOWQIP7glevp5/8+lpLw6IWYyosfgw1qeQ==\n$__EDBwrapped__$
P	dbms_lob	close	Schema: dbms_lob\nName: close\nResult data type: \nArgument data types: INOUT file_loc bfile\nType: proc\nVolatility: volatile\nParallel: unsafe\nOwner: enterprisedb\nSecurity: invoker\nLanguage: edbspl\nSource code:\n$__EDBwrapped__$$PROTOCOL2$\nUTF8\ndxtpw7G7KusiWiCIktgyUmulSSCAMsKQM+MVsApD1BCV5pKD5YxjRNobnLBwxHNazK0WFCyzToFW\ncKgesax3m9dPtBhefu6Myp1b7mmJC5iJwJF1rUWzizkCm89wM3C7CkYdlJwyDaGnMq+bSkZAwQ/n\nLD2mgJwyjR0cTSknJREMvxVzXCSz6i0uSwbaGnL0UymkHB2jjwHOglPmtqwXADCXhKc/IT1YV/Wb\nwYqRbEA0CVxpvg04gbO2JaRJAQbxgrDHkwI92a+5MOWQIP7glevp5/8+lpLw6IWYyosfgw1qeQ==\n$__EDBwrapped__$
P	dbms_lob	read	Schema: dbms_lob\nName: read\nResult data type: \nArgument data types: IN file_loc bfile, INOUT amount numeric, IN "offset" numeric, OUT buffer bytea\nType: proc\nVolatility: volatile\nParallel: unsafe\nOwner: enterprisedb\nSecurity: invoker\nLanguage: edbspl\nSource code:\n$__EDBwrapped__$$PROTOCOL2$\nUTF8\ndzNwLLpBKsQvVdh+ZSTnh5UVKPFGUIlFiJ4GvnS4/qVUbrdf9Un3abS6JA3/ZYma034MY4prx+d4\n2Fo6u6dxF0Ci8tSqnYp/eJVVct+7m1hbSemqwKWRThRtz7/97afuLuH5zdA7fTNcotAelm5FMg/G\nl0CSMvAPZfzYvZ1rF/dobx1R5YBTS8NrcKjQB2DAnndhB3fm+SsQDi0TYA0u63B6Zo68ZndiBWFh\nrW2S2p9Ta9LOBLm0JFafFh/xZdOg7tIivj0LkruSaUIKGZRFU6mZctDlwYvMVGOmVLO4z4p4S2mW\nk2DpWfWpqyPU+Pf2ayxxXxo7Vpkk3Z83c7REpacwregoSsZ9LzaYzrP9q578/csgy9PWjMllLby4\niEdzipBRNHHxSVnNL6FWzu8nz3CDVdsr30ZjWTM7TSY9pIGw5d2B+NSJ59y7nRqlk3ftCsq1gLr0\nYZaRzg6RWrSblk4sKI3Y4cFEmCObNoDlkV7U+Aw6FfF0NHa1tneeIJuL8H5+rhzISDZwo4AKHJ9t\nxwA1uT70aQ==\n$__EDBwrapped__$
F	dbms_lob	substr	Schema: dbms_lob\nName: substr\nResult data type: bytea\nArgument data types: file_loc bfile, amount numeric DEFAULT 32767, "offset" numeric DEFAULT 1\nType: func\nVolatility: volatile\nParallel: unsafe\nOwner: enterprisedb\nSecurity: invoker\nLanguage: edbspl\nSource code:\n$__EDBwrapped__$$PROTOCOL2$\nUTF8\nd/zk97mwa+Axg+MiUbpG5Gn4DVh68RO+rNZiIzpAyNslT7LMmeQvDuCiJjeFqU9mBTvYynccG14Q\nsrJnha72fHck0h0s5nEzQ0qEptdTTwcSN+aD8Aba3VMPAoJNwZVANtFAbVvxS80TWqefuV0z2Vpu\nSUfYGVpd5mJgsXIFX9wjTZypFFOsZPLUM1QYuKqV5zKqRA5vQbA/foYNOuZNXGM6bAaz86o84R5z\nKE5fk3aeaVTGk4USQoBoDy+RthSwGY/tsoSVq9NNvhTINz3WpKhmTsousNhLUq3OozDslfwzGmSO\n/C9p/r6WFRGXtKs4E06IRbd/uUZ8vYV9wv6fljc9WmxRSSrsadwRKAW0/44MaG0z\n$__EDBwrapped__$
F	dbms_lob	instr	Schema: dbms_lob\nName: instr\nResult data type: numeric\nArgument data types: file_loc bfile, pattern bytea, "offset" numeric DEFAULT 1, nth numeric DEFAULT 1\nType: func\nVolatility: volatile\nParallel: unsafe\nOwner: enterprisedb\nSecurity: invoker\nLanguage: edbspl\nSource code:\n$__EDBwrapped__$$PROTOCOL2$\nUTF8\nd8y9Ilvsg95y88udMnDh3xAiXXBd3Tat9GojxXkjkfhE4z4juwGMHWrOQgJ6ljfxwQQ0r7GhmmeP\nMxPXSM/HrBMbg3G+aYLCY3JrSwv5Qedp8VsnCQlsIBFf9eVwHvgeLEC9Kpi93KUp5ujJg0gGrOMH\nv/qrILX4X8zCX/QFT8+ifAR0V9rzCny0/9A4ACZ7wGg/su2bfxxteLRms5XFPSpGNiGWcEkZiraI\niB6t/15JMMhUIB/6KcyFob+IyG3SgdQF1OCtko40NBIraHNBLMBFGIJf1pnz0+Sb7sXjdEhQWZXc\nURBFjdARBgkI+vb8wjD+EF9zTVHJXKCX5B5sGRDSJMwcr+LWxZRdRPzSyCPlRnLL6CmYICiGstIv\nnNhQ1gsceaJQRrwd6OWqMEHTTnmW98Hrl80f2n+Fp6f2rcrBncOfPMsfthWiLnKsyexF8BN399In\nsYDpVQ3r2CSwhd2QSRqqpbcL59A7/wnOO7gD6SrIRC2J1u1GU55etCdDhtfFs3rfWkBuOLD3p5Ff\nZWOUD/oq9Ddw8aQqpwHxWzdzo/nBz+0dgQ/TiJfy0Jr1KKo72A==\n$__EDBwrapped__$
F	dbms_lob	compare	Schema: dbms_lob\nName: compare\nResult data type: numeric\nArgument data types: lob_1 bfile, lob_2 bfile, amount numeric, offset_1 numeric DEFAULT 1, offset_2 numeric DEFAULT 1\nType: func\nVolatility: volatile\nParallel: unsafe\nOwner: enterprisedb\nSecurity: invoker\nLanguage: edbspl\nSource code:\n$__EDBwrapped__$$PROTOCOL2$\nUTF8\ndxWoKZ2h7BAFhkDSLwE1dJgTziOTKEf4zV1KHbMIymQY0PZYCBQFlmSQS/8BmsFiPpnWZGnshegD\n5MT0G5SkeocC/64xYGpletnyItz3soHxYXkVTMNmXV79YmfhesHnuOdwlQxQ6mrdXFXTYK3+m1i0\nnvgGFYFavmE84JhziLeeIQfIA+OoO0lotXkAQLsjZh2mkl/bPZJ46teggKvzBmfSr8wvPEik7oXL\nhugsTYRxs4vsAi7xpeN9K+bMM7Z0W6vVdSZdKDJbUHAS5i1Ma6XPIBNcP87O286YtRcVIml3HWBV\n0lG1C6Oe+97s0/FGS5VE8XY2WOqqwajMj6lnDC34fWRc00A4mxicuzryjAUk4XrVQnJ2F4XQoXEB\n0v5bYk2tqC3eCINGpIT7JIJvZvMeK3Qv7DhwFEBEZi4nvsBpBb6PNf/deK2tKxiHQieW5ISjvxOW\nsqSFaTJswQLpS3BSE4PiY15nKX1QzRDOgpqdWlgJOuo58+aiIuZj4dyE0HnEHoFgtA7pYgUUp563\nu00yju6nQEGKgPzYf6rN7hbC339uWYl1YhPHgm4Dg0oMmA5lnNYjGc4HkJDX5HLezigXkR48/w/i\nCCvmeQePIK8VRbnkowqcYxfivadQOzcQtEiRu6rVCXEx9NmOb/P4HSCtf14ZR1QeeZRvEhQ010h0\nA8ejPeJDmKVjuBISfveLf2xjUKnvxG0NzKrHvhQ/7KPFs1J0amiOge4sDzvvtlb54Avne7SlL3gf\npPyeWWCj5FKrsPtWwALMYWHdJm50NalIv7rrLPy3Xo542NSKVXNFc9BWbQ==\n$__EDBwrapped__$
F	dbms_lob	fileexists	Schema: dbms_lob\nName: fileexists\nResult data type: numeric\nArgument data types: file_loc bfile\nType: func\nVolatility: volatile\nParallel: unsafe\nOwner: enterprisedb\nSecurity: invoker\nLanguage: edbspl\nSource code:\n$__EDBwrapped__$$PROTOCOL2$\nUTF8\nd4iM0OpkRr+fWNtwpdtcNX7P3F/sKrDftv1vCTCqOIkXIGIotj68E9HCPYRrzdj14y8AETqlpptA\nWqTrXg3D1cAPjxVLNIp3tGm8Gw8+D1k+4GjNgmIJUc96MO/pY1HhRQU6flLc5GKiHjWQC0t2JeT9\nsVZaKj7/uv6Q\n$__EDBwrapped__$
P	dbms_lob	loadblobfromfile	Schema: dbms_lob\nName: loadblobfromfile\nResult data type: \nArgument data types: INOUT dest_lob bytea, IN src_bfile bfile, IN amount numeric, INOUT dest_offset numeric, INOUT src_offset numeric\nType: proc\nVolatility: volatile\nParallel: unsafe\nOwner: enterprisedb\nSecurity: invoker\nLanguage: edbspl\nSource code:\n$__EDBwrapped__$$PROTOCOL2$\nUTF8\nd4PuTD44G3jnEVcDM32jdx14vg4udarVvPxKNHqjg5OSz46yARS+DoIOvvljFkqCpLTnEVwXD2vs\nAB5rAt89IjdWYp8TTlS+/OVoR8ZDK2WizA59AjuqRPt70wszL7S0UCyTu3HJ1CmgeEv9cSPxbGmk\nT/LC4uy0ZRWCuStFYCBke/JO7FgI7qokVECAThIByXbdmm/6akDFsbdJIb77CPlna9/oufrM7IDL\nYsL9UhgvvfSq0KhGzKEkuAFfCN6jLBvaaKFVrnvGhF4VkiLJmPKNGsi+KNxUAIQO4wu1T2Zoje7c\n8BhvDaE3tYiCFeeRT2CNBiQCt7aWntlVzvLgtx4ixzb4wloYB0p5I56w0mFnepjnbIn2HgHpJIiQ\nJJgsRGmHc4CdiFE2fUVonNLzZ6UAnHFxHPrCXsF9DWa6wUF139b7gDqm5cBEJ9v9+x2r3rFvBaPu\nBB0aidENSz/xBacHJpmY4aDdHLIBBlnorGHt7Skwo7goeDd8HjuhLl0nZrwKu1MxFXr867XHsEWa\nrFlqWrH+tHdZ5spy6fKCdltS3+0khtWKwMZOa1tR996nVg3aHfep5VcZTNF6fdzQM4dQjVvuo58/\nikJTWqHajWbhS6B25GDoZklS01/5Wb4QxJl3pmq4TzmDJQ1rgPlS/xvl8sfJrvq/oYQ6ItunabIv\nORLpU6WtDJsxnQSqDNeqCU9vhEQBb/e8OugfUJ4TqHGb29hOkDlHbbmuMpPHh/Wgd0OpfD24zR7a\nZV9Ov1jaa74phfbC+YlxridyESXp4nru2g==\n$__EDBwrapped__$
P	dbms_lob	loadclobfromfile	Schema: dbms_lob\nName: loadclobfromfile\nResult data type: \nArgument data types: INOUT dest_lob clob, IN src_bfile bfile, IN amount numeric, INOUT dest_offset numeric, INOUT src_offset numeric, IN bfile_csid numeric, INOUT lang_context numeric, OUT warning numeric\nType: proc\nVolatility: volatile\nParallel: unsafe\nOwner: enterprisedb\nSecurity: invoker\nLanguage: edbspl\nSource code:\n$__EDBwrapped__$$PROTOCOL2$\nUTF8\ndydaquW6EHcSZcZ1ti5hsToR1xIKsOi0Xwm7stwCNJqPN94psTabSNEup87vYM4mW6XlnEUlReaI\nyE64rp0kO9L0tC39WWBWLB/7wn6uzJQq9rsmvcKnMMvyrTYCrsqXw22BjWeZijXXvmN2Cppg5ums\nzPZHhvr+rHEQbwrSu5TWyl/bCufEBEWkVPDIiBmVNyyaqK1aYTcbMMIDHN6nMrA8g3Y6Us9a58kR\ntPPbD4FH2kNV6zcl8fPLzkb9JoWN9FzKJjEzlafSWsoneH/hGucef6Iq6yJdQUgK9YWTw4Kg36je\ndvKCWqD9mCHlIshUYzhROWBcp5cVOebbUNKi9eO9UK4E5SPtDOrMSXYQoIVX+2lnTr0vRjhsBbQj\nfg9hfePdxnzvPefJ7kU/E69QijYPUOKGmdeGrKvHprfK1g+sMmeqj11AYnTUaYMg7jF77ynVc2/C\nwBk1JIp149R8UOGvUCloA6oUsRzgCjljjDDavKpif1Ppl61Zy1h51UhSFbOg42Z6QMuFHoDCRCGv\n/Lc8siSaX99pt8bfTPQR1y+oZzCA602EVmTxcjPqmcexbFK6Dn5UDq6smF4MbIysPEM7GzHd0Al+\nh84n/rh8qpC/4HXivvQIfLPxcJ1bV3vfhD9JnB5CYvVBPsfnrMKWR3yR0U5f184eoVm+ZtJKmT7H\nlR2LW9fLxewQf+MF9q+FgOaa5nI5XLvXRs9lbPsPrWbXIT8H0THsCXS7EE7VQY690tU+00OGiZfp\nUoOOQAGteldx904vt6wE7jsUhpt/FUHmPSRmFqWryDql9ZSbxg2In+2ftoOY//Gfv87Be50qLb49\n/Ntxo1bylyt9Zv/gBw+WRA46jQVhBmCY3PTya4skCgeCSCf92NbtTxy2RkGxarik4V+ZoJimtd/O\nhi5aFRvE1HWFPi2Jkm4X8sDIlL3UOL4qjkjs864My5I0L08vK26mGBzI61UaDIKv6W3L6pnC\n$__EDBwrapped__$
P	dbms_output	enable	Schema: dbms_output\nName: enable\nResult data type: \nArgument data types: IN buffer_size integer\nType: proc\nVolatility: volatile\nParallel: restricted\nOwner: enterprisedb\nSecurity: invoker\nLanguage: edbspl\nSource code:\n$__EDBwrapped__$$PROTOCOL2$\nUTF8\nd9gnqGdXp5j7XsRgcA4k2Dm7usSJFtNUf/7DYofwhCU7K9BqKNC3k2msV/esG0uVf5tPXlp5KY0s\ngQOvQTXNs6hMgZ6f5kd1uHkbz8n3G6Q+AALSuVsykHWAFvZJGQDDfTXbxrNkkl9xrj7eR0Q5xk1W\nEVdz18r47ZZzbMP4\n$__EDBwrapped__$
P	dbms_output	enable	Schema: dbms_output\nName: enable\nResult data type: \nArgument data types: \nType: proc\nVolatility: volatile\nParallel: restricted\nOwner: enterprisedb\nSecurity: invoker\nLanguage: edbspl\nSource code:\n$__EDBwrapped__$$PROTOCOL2$\nUTF8\ndxjMEsJOv7IBIwnr6T0/fUNGZ0Ff98pmmpoAlV51zgbuJ7SSK0Srm9YhP5bzPRTxbwfeH1rsOnCJ\nES6wM9kmGqW8aM5DPiXpLxE7rBhORbpsIyUkUDKrIhwdT4Gt5h9z14wOqDFXrBdXEY7GiqBimR0=\n$__EDBwrapped__$
P	dbms_output	disable	Schema: dbms_output\nName: disable\nResult data type: \nArgument data types: \nType: proc\nVolatility: volatile\nParallel: restricted\nOwner: enterprisedb\nSecurity: invoker\nLanguage: edbspl\nSource code:\n$__EDBwrapped__$$PROTOCOL2$\nUTF8\nd0t+OFz7+QP3xyZU83SqBxan7bkdsBcIObBf0mgX/JEnbLCreD0mbo6An4RvtjL214wy0Yo5M9hQ\noF66Vp9piw2HuQFQTot96PM7Pk5ztuBbu274qS1GHK3pzrRFeRLfXlR+8KowijKGBx3HPu7sob4W\n$__EDBwrapped__$
P	dbms_output	serveroutput	Schema: dbms_output\nName: serveroutput\nResult data type: \nArgument data types: IN b boolean\nType: proc\nVolatility: volatile\nParallel: restricted\nOwner: enterprisedb\nSecurity: invoker\nLanguage: edbspl\nSource code:\n$__EDBwrapped__$$PROTOCOL2$\nUTF8\nd2x/Xwq2M5MzVIobDlK5nEW+CJdBwqZZ2oLmIuwFXNMXuto2oh5dBmJ/af+idjiDKgbD6mxO9DDe\noWiw/MmiRIkXKabloNhglQanI8yd9x+8euj5HP2wxfJzsxCeK6tknvlh2Zg3tj0CGwxDgKC9iN7l\n8GpHIwyaBUc=\n$__EDBwrapped__$
P	dbms_output	put	Schema: dbms_output\nName: put\nResult data type: \nArgument data types: IN item text\nType: proc\nVolatility: volatile\nParallel: restricted\nOwner: enterprisedb\nSecurity: invoker\nLanguage: edbspl\nSource code:\n$__EDBwrapped__$$PROTOCOL2$\nUTF8\nd8NOMLfptLzCGpZZNQxVkTpD75N8TmsxJbPhaKK6QaZHv8P0WgzkUCGWvUnBGQ4w9RFzL17h1ITU\nRRlSPvWYdsiUgrPGuxELu1vxaCjxXhNPSDMm7i2Rnw52TYamQnJmcp8cHbZapzwUdyT2URo+Hl/Z\nYyE=\n$__EDBwrapped__$
P	dbms_output	put_line	Schema: dbms_output\nName: put_line\nResult data type: \nArgument data types: IN item text\nType: proc\nVolatility: volatile\nParallel: restricted\nOwner: enterprisedb\nSecurity: invoker\nLanguage: edbspl\nSource code:\n$__EDBwrapped__$$PROTOCOL2$\nUTF8\nd4iByqDiTr1bOwB0Laen9vj6oUx/Mt64ePJL12zUDhDJV0qKwiPBvQEf3znblRshIZop7syJHiD4\noESVOawkXpLKx6p7g4hRaS28NqX60r+AmgRuXpCxb2JmbjrfW0Oj9HfeK8c1MQ6J5GWvdMDe0bM3\nid/iv6X2Vw==\n$__EDBwrapped__$
P	dbms_output	new_line	Schema: dbms_output\nName: new_line\nResult data type: \nArgument data types: \nType: proc\nVolatility: volatile\nParallel: restricted\nOwner: enterprisedb\nSecurity: invoker\nLanguage: edbspl\nSource code:\n$__EDBwrapped__$$PROTOCOL2$\nUTF8\nd+IOJocoN+mu1oCWbEUWkOGcsMJs5Y7Ske6mYbECfGhno0vEuIk7bJxjvlq9Vea6epoL6gOJSPZd\nujinKkPq4JlUjlZFwO2edD1rjuaz150ZPN9h4lyqUzVjedkwsaj7vvCns+v/TqkzIP8OVaCXGw84\nlQ==\n$__EDBwrapped__$
P	dbms_output	get_line	Schema: dbms_output\nName: get_line\nResult data type: \nArgument data types: OUT line text, OUT status integer\nType: proc\nVolatility: volatile\nParallel: restricted\nOwner: enterprisedb\nSecurity: invoker\nLanguage: edbspl\nSource code:\n$__EDBwrapped__$$PROTOCOL2$\nUTF8\ndw203tqTlymVHBsmm1WJJGEggu+cYWHOsOANV/ogBH+1dVhvDJ3ivwzhjeaPakrFQ/OgveINJPgx\n1wu+XnxRPGF4aIpmxnauLNiB3f6prDeSwmVtTnn8ZZ9RIjkyJgLsUffAiM/b6TTWxeOnJS67+tgA\nXeYkcKnRVVQXuqCX2kVC9Tz05ARefA==\n$__EDBwrapped__$
P	dbms_output	get_lines	Schema: dbms_output\nName: get_lines\nResult data type: \nArgument data types: OUT lines text[], INOUT numlines integer\nType: proc\nVolatility: volatile\nParallel: restricted\nOwner: enterprisedb\nSecurity: invoker\nLanguage: edbspl\nSource code:\n$__EDBwrapped__$$PROTOCOL2$\nUTF8\nd3D3M1/ZUSdmPbLIYn2EvrhYLzcURJWO0vCO8OQqm5lLwOodcP+RuuKge6jKQwZfYaVMZ6Xeu+mS\n3N/F1hcE/8pVDfp+Wcyk+cDTNlSiBNohon5vPJBt3E8/l9lWwTRECebJf54czqgxNS85Ks8dltBL\nYdCfoFsLZa7UjekO91PJAszJ/IX+YQ==\n$__EDBwrapped__$
P	dbms_output	get_lines	Schema: dbms_output\nName: get_lines\nResult data type: \nArgument data types: OUT lines dbms_output.chararr, INOUT numlines integer\nType: proc\nVolatility: volatile\nParallel: restricted\nOwner: enterprisedb\nSecurity: invoker\nLanguage: edbspl\nSource code:\n$__EDBwrapped__$$PROTOCOL2$\nUTF8\ndy5fyQwZFTuZRzGPA6sxjkK0Zq04/SHg7ufD2G1Mjju8Z3iXCok+OcXOPNu9QOOQnIfU/lxVBfWi\nhh7jZYPBeTQ13wQ5r4b1iPCT6xZV9r4nfCcWcQD7AlhUQ9nQmzN7Kn7ZkXxekeR1pzCpkK498CfG\njsMowgux5azC7cykk7wji9HvOGN63YwFOU1sZa5p1KKMjHIccHXI+WPX3U31UbJKSg5PqWA1kxr+\ntwPBUc2NuEExyoI4UfEnQSMf/yU9aek=\n$__EDBwrapped__$
F	dbms_pipe	create_pipe	Schema: dbms_pipe\nName: create_pipe\nResult data type: integer\nArgument data types: pipename character varying, maxpipesize integer DEFAULT 8192, private boolean DEFAULT true\nType: func\nVolatility: volatile\nParallel: unsafe\nOwner: enterprisedb\nSecurity: invoker\nLanguage: edbspl\nSource code:\n$__EDBwrapped__$$PROTOCOL2$\nUTF8\ndwDRcD/C53Zhq37E3JDZF0eZ9Zm48pxb3ipGEAzavpWVdqHGwmSIzfRG+SIFWkkSDKjwHLQ3T5Kg\n91tGSZBrfNJ4WPoeVcqbLpTw1fE0dDpBerMh0U8snm6O8bHnPIGvA6nybLOQVZL+2D/2sHzN/0pp\nd3d+8xdSyHKk926q0q47FtXIokpOklEd8Y0xWHO9\n$__EDBwrapped__$
F	dbms_pipe	remove_pipe	Schema: dbms_pipe\nName: remove_pipe\nResult data type: integer\nArgument data types: pipename character varying\nType: func\nVolatility: volatile\nParallel: unsafe\nOwner: enterprisedb\nSecurity: invoker\nLanguage: edbspl\nSource code:\n$__EDBwrapped__$$PROTOCOL2$\nUTF8\nd4pgXkDhWAXosteNjc+cJtlXkPal9a6aQvpISKNGV1GHbuGPaQO3ZUaeqaEOSUR3/glxzVfdvXsT\nh3TEIYj9aSfQZNVSTDb3WcA+tuM56DcBNW62TbbtO7gEIio8oPOhLANrfnxyhsE6mBIrlpZtv2D2\nY/34Xmdg\n$__EDBwrapped__$
F	dbms_pipe	send_message	Schema: dbms_pipe\nName: send_message\nResult data type: integer\nArgument data types: pipename character varying, timeout integer DEFAULT 86400000, maxpipesize integer DEFAULT 8192\nType: func\nVolatility: volatile\nParallel: unsafe\nOwner: enterprisedb\nSecurity: invoker\nLanguage: edbspl\nSource code:\n$__EDBwrapped__$$PROTOCOL2$\nUTF8\ndwTQVhYykb3B83Z3MaMvZU5XvfvUpTB5c4+eMRsO7YxNKj8Md6DSUlwfDa4gJXvjoli2CmviS9jd\nOLJ31PwpKtqmNlUsxhhKRWrot0dEP0kaajFHeoMKYPUZDK3XKf4UrhEJiTwjAq4JJmZWK8xI/OqO\nTWCS9emMOOnKbQDIpRj8wWbT7ZkqtSm8s86smTDD9CdJ8aUXKQ==\n$__EDBwrapped__$
F	dbms_pipe	receive_message	Schema: dbms_pipe\nName: receive_message\nResult data type: integer\nArgument data types: pipename character varying, timeout integer DEFAULT 86400000\nType: func\nVolatility: volatile\nParallel: unsafe\nOwner: enterprisedb\nSecurity: invoker\nLanguage: edbspl\nSource code:\n$__EDBwrapped__$$PROTOCOL2$\nUTF8\nd+By7xz2jf2zcZkEkJiCYSmGGUhwOycaLEuSoTrOnKfLhONuvnSqyNo+sZO5+Ax2kExhtQS1J/96\nHuuSiY/G+cg7qkMoLvZgxm/tSVBbAIG5J6CaDRdOGM+NUzqr0xmmGtXZtaojxbMhIK7J/snh06fA\nbdd9bI2oQ9vDwZfiUAEaxCgGsBLkaKaWpkrb9tGx\n$__EDBwrapped__$
F	dbms_pipe	next_item_type	Schema: dbms_pipe\nName: next_item_type\nResult data type: integer\nArgument data types: \nType: func\nVolatility: volatile\nParallel: unsafe\nOwner: enterprisedb\nSecurity: invoker\nLanguage: edbspl\nSource code:\n$__EDBwrapped__$$PROTOCOL2$\nUTF8\nd7I8L1TRnM9wZKdEGcDj4ieW1hdUhlxg0rFUzmWXVq6pmo9cpNHwltgFmUZq79mYUJMTfMsWtunz\nW4ceW+B5NPITeqlSaYX9brPlwU3NFgK412wjKhviKPTk/XHDsTRJmQ4Tb/qG2gTKjCD1K37LRate\n1WTOqaXVIQunhCxYOH0=\n$__EDBwrapped__$
P	dbms_pipe	purge	Schema: dbms_pipe\nName: purge\nResult data type: \nArgument data types: IN pipename character varying\nType: proc\nVolatility: volatile\nParallel: unsafe\nOwner: enterprisedb\nSecurity: invoker\nLanguage: edbspl\nSource code:\n$__EDBwrapped__$$PROTOCOL2$\nUTF8\ndymF5ZnGuPiUinhxB6KH/FHbs0xkmePMwmt4cAACwwQrnZvKytXuoA9EMfPwRmRq8x4y6K7HyW1X\noG8mMwGBkE+rJzwuI3KjOWFVDkoq9U5OKs/og9RYFsDxCZxcg3wjNJWsdIKPntDeW/AHcB4ysRwj\nfvAAHg==\n$__EDBwrapped__$
P	dbms_pipe	reset_buffer	Schema: dbms_pipe\nName: reset_buffer\nResult data type: \nArgument data types: \nType: proc\nVolatility: volatile\nParallel: unsafe\nOwner: enterprisedb\nSecurity: invoker\nLanguage: edbspl\nSource code:\n$__EDBwrapped__$$PROTOCOL2$\nUTF8\ndwYnzp7oTi4IW/06sl9C+U8NJrMapkceHdPTIu1TXnxD+mEGFyPLi/g/BZvHr2637ScXUxxpJWcx\nKbS8urfTz7Q1brFbr0I9WhnPGlMqq/WTtznOX+4nk7AXXIn2yQP9aJWxfpZLKwy3e1Sm7X3YhY8u\nqVAd\n$__EDBwrapped__$
F	dbms_pipe	unique_session_name	Schema: dbms_pipe\nName: unique_session_name\nResult data type: character varying\nArgument data types: \nType: func\nVolatility: volatile\nParallel: unsafe\nOwner: enterprisedb\nSecurity: invoker\nLanguage: edbspl\nSource code:\n$__EDBwrapped__$$PROTOCOL2$\nUTF8\nd4qDAl3f2HFE1n5Mmc2AP6gqIhNYzpHOZbb93m8x5N6vjyuAh/EU+7UTsE3siQcYmoXAtK+5/3ca\nsWuoClShNeSnYZV8PIp1Et8AdGbCI7mH7Y1NZEEHPJcecxZpiJXjI9YzN08cY3xq+0kmvrYn/8Qs\neiQbtQKDMC3N\n$__EDBwrapped__$
P	dbms_pipe	pack_message	Schema: dbms_pipe\nName: pack_message\nResult data type: \nArgument data types: IN item numeric\nType: proc\nVolatility: volatile\nParallel: unsafe\nOwner: enterprisedb\nSecurity: invoker\nLanguage: edbspl\nSource code:\n$__EDBwrapped__$$PROTOCOL2$\nUTF8\nd/SjMUs/IQc5+MtPD9ryPgeMUwLpQ1a+QbPbBNfzNWtFqc1QvqIdxLCYBudJ7Edwpz/JN44yQ+LG\nqUdb48Ql62J0U4Hyq+xDCH/Q6I5ZylbkyO28JUBIh9v/Mj4lRf3zySdlbA+jTBwx0t+3jDOaOEtr\nDZCp2xMH6A==\n$__EDBwrapped__$
P	dbms_pipe	pack_message	Schema: dbms_pipe\nName: pack_message\nResult data type: \nArgument data types: IN item character varying\nType: proc\nVolatility: volatile\nParallel: unsafe\nOwner: enterprisedb\nSecurity: invoker\nLanguage: edbspl\nSource code:\n$__EDBwrapped__$$PROTOCOL2$\nUTF8\nd/SjMUs/IQc5+MtPD9ryPgeMUwLpQ1a+QbPbBNfzNWtFqc1QvqIdxLCYBudJ7Edwpz/JN44yQ+LG\nqUdb48Ql62J0U4Hyq+xDCH/Q6I5ZylbkyO28JUBIh9v/Mj4lRf3zySdlbA+jTBwx0t+3jDOaOEtr\nDZCp2xMH6A==\n$__EDBwrapped__$
P	dbms_pipe	pack_message	Schema: dbms_pipe\nName: pack_message\nResult data type: \nArgument data types: IN item timestamp without time zone\nType: proc\nVolatility: volatile\nParallel: unsafe\nOwner: enterprisedb\nSecurity: invoker\nLanguage: edbspl\nSource code:\n$__EDBwrapped__$$PROTOCOL2$\nUTF8\nd/SjMUs/IQc5+MtPD9ryPgeMUwLpQ1a+QbPbBNfzNWtFqc1QvqIdxLCYBudJ7Edwpz/JN44yQ+LG\nqUdb48Ql62J0U4Hyq+xDCH/Q6I5ZylbkyO28JUBIh9v/Mj4lRf3zySdlbA+jTBwx0t+3jDOaOEtr\nDZCp2xMH6A==\n$__EDBwrapped__$
P	dbms_pipe	pack_message_raw	Schema: dbms_pipe\nName: pack_message_raw\nResult data type: \nArgument data types: IN item bytea\nType: proc\nVolatility: volatile\nParallel: unsafe\nOwner: enterprisedb\nSecurity: invoker\nLanguage: edbspl\nSource code:\n$__EDBwrapped__$$PROTOCOL2$\nUTF8\nd/SjMUs/IQc5+MtPD9ryPgeMUwLpQ1a+QbPbBNfzNWtFqc1QvqIdxLCYBudJ7Edwpz/JN44yQ+LG\nqUdb48Ql62J0U4Hyq+xDCH/Q6I5ZylbkyO28JUBIh9v/Mj4lRf3zySdlbA+jTBwx0t+3jDOaOEtr\nDZCp2xMH6A==\n$__EDBwrapped__$
P	dbms_pipe	unpack_message	Schema: dbms_pipe\nName: unpack_message\nResult data type: \nArgument data types: OUT item numeric\nType: proc\nVolatility: volatile\nParallel: unsafe\nOwner: enterprisedb\nSecurity: invoker\nLanguage: edbspl\nSource code:\n$__EDBwrapped__$$PROTOCOL2$\nUTF8\nd4APczCWyJqzUHfIC+/DCZFMxib86EbQEXqn7yvhtfR0jmV11nUH4x7UyaQ1mzY347B5lByrjlc2\nObn55nYAJlxuZ2DFQMoHGJW67oCXk1q3OxKKU30HHRXAnzJdcH4ErmT7aNLF+NrPwc5whYMxRRp9\nEKFmSfY=\n$__EDBwrapped__$
P	dbms_pipe	unpack_message	Schema: dbms_pipe\nName: unpack_message\nResult data type: \nArgument data types: OUT item character varying\nType: proc\nVolatility: volatile\nParallel: unsafe\nOwner: enterprisedb\nSecurity: invoker\nLanguage: edbspl\nSource code:\n$__EDBwrapped__$$PROTOCOL2$\nUTF8\nd4G61EeRU+guitxPd1uNdhnOkzmbZ4kkU4lRFQ6ooHiq5pVTNrgDo1MOiXrk//WHJSqMkRcBSpzg\nL0wq+qwTtSxoBJ7vn9HUX30+OyCCOUTaCaqIEpvDh9qaiLXjJw2uS1OJFTIMaPMq51SXOrRDF4ZT\nLX+HroEAnbIvjA==\n$__EDBwrapped__$
P	dbms_pipe	unpack_message	Schema: dbms_pipe\nName: unpack_message\nResult data type: \nArgument data types: OUT item timestamp without time zone\nType: proc\nVolatility: volatile\nParallel: unsafe\nOwner: enterprisedb\nSecurity: invoker\nLanguage: edbspl\nSource code:\n$__EDBwrapped__$$PROTOCOL2$\nUTF8\nd3GQUsEObqiER+O1AQH08gSd2Iir3nLgBh5UJr5unX2695c0X/GxxKlmbOX2Imh3rmCzOE5kaYoC\nTvAqDK4pVfSNhnV/o8QkjoP71QASW2eiYDYfWB3i87tEaV4H5fEy12ANJFrfHXlmtWltvzX4id1A\nXWBQQNJ3c0Z4IzwUZg==\n$__EDBwrapped__$
P	dbms_pipe	unpack_message_raw	Schema: dbms_pipe\nName: unpack_message_raw\nResult data type: \nArgument data types: OUT item bytea\nType: proc\nVolatility: volatile\nParallel: unsafe\nOwner: enterprisedb\nSecurity: invoker\nLanguage: edbspl\nSource code:\n$__EDBwrapped__$$PROTOCOL2$\nUTF8\nd3PTCTgMWZJ4qsdEIyhpLWnMD+iHX51pSVeQdc74rF0KSmxC0Cff8LyYjSczbDKsarXWn3H98gSh\niwKThN+wOJA5Io60diCgWoXqAbs20/EdAYlpMqfyAqNtvQonHY9ncqQ8Qub5Faqby6H1Dhfm2l4N\neuwyqQLtWNFd\n$__EDBwrapped__$
P	dbms_rls	add_policy	Schema: dbms_rls\nName: add_policy\nResult data type: \nArgument data types: IN object_schema text DEFAULT NULL::text, IN object_name text, IN policy_name text, IN function_schema text DEFAULT NULL::text, IN policy_function text, IN statement_types text DEFAULT 'insert,update,delete,select'::text, IN update_check boolean DEFAULT false, IN enable boolean DEFAULT true, IN static_policy boolean DEFAULT false, IN policy_type integer DEFAULT NULL::integer, IN long_predicate boolean DEFAULT false, IN sec_relevant_cols text DEFAULT NULL::text, IN sec_relevant_cols_opt integer DEFAULT NULL::integer\nType: proc\nVolatility: volatile\nParallel: unsafe\nOwner: enterprisedb\nSecurity: invoker\nLanguage: edbspl\nSource code:\n$__EDBwrapped__$$PROTOCOL2$\nUTF8\ndwQvzH9mPT6TxWU2XUa8jNAK/uPZos9LYndOyxtn4wRj0SA6Z8ajM53B+r5E3OoZJFfR3UyUsVDq\nGJ+thPSOtUENoDV5Ku13KszTcujUKpxJjouVVULYj2jQrSwekIqAIGdLV9vz/9msqRnyPR+NTZ2x\noyL7IN3SwsAmPCiTEYUzDt5TJVC+nEk8cXzjFef/yeX/hn1vSP8NHmpOnjkSXkh8zVqqngwh2zr8\nbbO3zj9m6FgfBkyhguH/5e6u6ZV37r/RslEgzj7N1O1AeO4OM3akcbivX2H5foz3LaqSPzzSevti\no6FKMQ==\n$__EDBwrapped__$
P	dbms_rls	drop_policy	Schema: dbms_rls\nName: drop_policy\nResult data type: \nArgument data types: IN object_schema text DEFAULT NULL::text, IN object_name text, IN policy_name text\nType: proc\nVolatility: volatile\nParallel: unsafe\nOwner: enterprisedb\nSecurity: invoker\nLanguage: edbspl\nSource code:\n$__EDBwrapped__$$PROTOCOL2$\nUTF8\ndxgYdnBacaLO8UxFDwiY8GL3SH+Scv140fI2ZG1izhK6cK0MKQz+wprZnG2EcZkgZjeOdtb0TCom\ndJqUhAwRQKhKf7jqcAsPn9VnAlWJMK678UUpCgVsUe9jMWM0spy8Ziw9blxSboI95xqhgjOG9s+g\nF/9HZXPAy6ZTmhAmBmx8Hwq4ySiEm3TZdTNi8cXx5Wz1RCBICxvls6VO0RTe\n$__EDBwrapped__$
P	dbms_rls	enable_policy	Schema: dbms_rls\nName: enable_policy\nResult data type: \nArgument data types: IN object_schema text DEFAULT NULL::text, IN object_name text, IN policy_name text, IN enable boolean\nType: proc\nVolatility: volatile\nParallel: unsafe\nOwner: enterprisedb\nSecurity: invoker\nLanguage: edbspl\nSource code:\n$__EDBwrapped__$$PROTOCOL2$\nUTF8\nd1Xmju3FKrMdy65SC3Tu3ZA/JvC6o/R0aIQ5xIyBXUgBeDcoiRHffXEtfrl9jeRKi4HNDT59cQ1n\nG+pHlUu272lu+JuX3T4imgkrMNTsUz9WXpSxGXiyRDSJaeZG7fnzbJwgE8OuBENj4/WNy4dSDTzb\nX/QLjHm1KJp8G0ADVf0WfmdXw+/TumN25dueeimdtqcutOqkgdEvqNTtBqIF92TG0WPgeElJ\n$__EDBwrapped__$
F	dbms_sql	open_cursor	Schema: dbms_sql\nName: open_cursor\nResult data type: integer\nArgument data types: \nType: func\nVolatility: volatile\nParallel: unsafe\nOwner: enterprisedb\nSecurity: invoker\nLanguage: edbspl\nSource code:\n$__EDBwrapped__$$PROTOCOL2$\nUTF8\nd40WW0T1DKBXS6Uj2MFfUZAymcBVy2SRYn4DLrujqqw1FawOs8CaS3gtwAMP0q+opk6GMTOmzDYi\nwkOQVzFITZcCx4Gn6ybwnOaaWzJxxVoOWOJVa82sVCxGU+VaBw2pjK17N16tJfZd9Vf2QfE761QN\nNw==\n$__EDBwrapped__$
F	dbms_sql	is_open	Schema: dbms_sql\nName: is_open\nResult data type: boolean\nArgument data types: c numeric\nType: func\nVolatility: volatile\nParallel: unsafe\nOwner: enterprisedb\nSecurity: invoker\nLanguage: edbspl\nSource code:\n$__EDBwrapped__$$PROTOCOL2$\nUTF8\ndxyacvGviN1AE02CMIl+73eeDYFz/fwayLoU8MZzY1olARCWu4M92WRWno+WDHQHn9ds+GmrZD7w\nRLbUOX6r0/VlJ8KSEHMxPN4VncAuL30z/noSs3kQOml9obstURJGjWUFAvRnISyFelRQXY2ayAPS\nPv5tKYUTw2qW\n$__EDBwrapped__$
P	dbms_sql	parse	Schema: dbms_sql\nName: parse\nResult data type: \nArgument data types: IN c numeric, IN statement character varying, IN language_flag numeric\nType: proc\nVolatility: volatile\nParallel: unsafe\nOwner: enterprisedb\nSecurity: invoker\nLanguage: edbspl\nSource code:\n$__EDBwrapped__$$PROTOCOL2$\nUTF8\nd4RaJwwqmyQZI+Y7EDdL2hGaWHTJojnIi3ZqJ+pJjXovMihQUOvllIjkSUI6cNH1Xr2LGrjX9UPe\nkuKBJqDZ37+/zZ4Wb3ooCE88xu1FhYhm3y0uPQ5J3qRE4Y/s0/1/m6zXVJtFhpW7I3Yencw7YHfs\ncEZqXF8LoIjnQHUrwX6lDkadWhXV44AMV/o/poE=\n$__EDBwrapped__$
F	dbms_sql	to_cursor_number	Schema: dbms_sql\nName: to_cursor_number\nResult data type: integer\nArgument data types: r refcursor\nType: func\nVolatility: volatile\nParallel: unsafe\nOwner: enterprisedb\nSecurity: invoker\nLanguage: edbspl\nSource code:\n$__EDBwrapped__$$PROTOCOL2$\nUTF8\nd3wAheqRPFbIqX5BLK1cwiSUB6Bci5KUmxnrx+mwQtDy4ixn6Ha34MA7gmELxpKlbf5pwmTXlT+b\nKorKfVf16ev1cAQXJCQMTdWkXu2lw0JE+JEKbBmLD3+zWhpzFydtM0FHjBEcwU1oFE0v1znnVrAB\ngGsTBtMfwA==\n$__EDBwrapped__$
F	dbms_sql	to_refcursor	Schema: dbms_sql\nName: to_refcursor\nResult data type: refcursor\nArgument data types: c numeric\nType: func\nVolatility: volatile\nParallel: unsafe\nOwner: enterprisedb\nSecurity: invoker\nLanguage: edbspl\nSource code:\n$__EDBwrapped__$$PROTOCOL2$\nUTF8\nd6wMHfTvRBlcWnDwVZVcpwJazI+LKFGseOZcrRDXn21jrqoHJiL9Ck9C+/QVmT4YCPjPHIC0Nn2P\ntU90SFI/HSSsGdPC7/cvqAR/kFvDO71B3DNmAhCFkyqL6qS48shMN4YqBOL0I0c+cT+//Cn/TsYI\nVBPL\n$__EDBwrapped__$
P	dbms_sql	bind_variable	Schema: dbms_sql\nName: bind_variable\nResult data type: \nArgument data types: IN c numeric, IN name character varying, IN value integer\nType: proc\nVolatility: volatile\nParallel: unsafe\nOwner: enterprisedb\nSecurity: invoker\nLanguage: edbspl\nSource code:\n$__EDBwrapped__$$PROTOCOL2$\nUTF8\nd5pzp2Go/Vb0ddhJRYCZH8yPaeKWcvnePoylnGM+gKls45V8N6LooNMluaOvsoNr4JuzqF8GapZk\nztkGmQaatzT/ishNjqFfKv5+PHuDOK0nyTEriO/o73FVneudaicGEa5BoIUZj1hkU61Ck2CnVlGR\nJHxMTybuh2QHeOacC2tvrR5OOOkpCAIA3Ww=\n$__EDBwrapped__$
P	dbms_sql	bind_variable	Schema: dbms_sql\nName: bind_variable\nResult data type: \nArgument data types: IN c numeric, IN name character varying, IN value text, IN outsize numeric\nType: proc\nVolatility: volatile\nParallel: unsafe\nOwner: enterprisedb\nSecurity: invoker\nLanguage: edbspl\nSource code:\n$__EDBwrapped__$$PROTOCOL2$\nUTF8\nd1WtTlDZ7PRsLKimvWeKA/W9Yo/+iXZW1hiLavJ+fsCH6h2aS1C1R+tIe7hpTACvnIeDk1Vz/OdE\nV6FkDzywRNYkDtt3Q682OQ9D8/mwDAY4ymkE34mni1aVvA3++e8uxxCCSmhIJVmbM313FGICtoC0\nl2du+Go5239r5pSxptUbWklGxok/jnI7UGSQbUMJTD4C\n$__EDBwrapped__$
P	dbms_sql	bind_variable_char	Schema: dbms_sql\nName: bind_variable_char\nResult data type: \nArgument data types: IN c numeric, IN name character varying, IN value character, IN outsize numeric DEFAULT NULL::numeric\nType: proc\nVolatility: volatile\nParallel: unsafe\nOwner: enterprisedb\nSecurity: invoker\nLanguage: edbspl\nSource code:\n$__EDBwrapped__$$PROTOCOL2$\nUTF8\nd+JWUKHeDEpC2mC5hqfzHJTCqrPhAOOAtmxBfXqpRBZJ/o4x/yvBs3JUMDHbhLgp5fNNbdKDb46u\ngpaN22AgdR6Y+aoqg550MIqMOVuzUQGWuNXkVh7tpBxaZQd6sqqLthbQ3MduGYCajaxUS8sSByhf\nRQVrdaqXspaMKkI1uoyv67TQFtTv1/89XsYeLwMZHf0=\n$__EDBwrapped__$
P	dbms_sql	bind_variable	Schema: dbms_sql\nName: bind_variable\nResult data type: \nArgument data types: IN c numeric, IN name character varying, IN value timestamp without time zone\nType: proc\nVolatility: volatile\nParallel: unsafe\nOwner: enterprisedb\nSecurity: invoker\nLanguage: edbspl\nSource code:\n$__EDBwrapped__$$PROTOCOL2$\nUTF8\nd5Rshqn5ADMxlBUqpOgK8mIjtt5f0GE8qvylFEmkemqK0ZhkQwtJrHO0r+3OEQKgoQ9v5z8gNgaO\nOHIXhfPWLA+Ho0xH+fiyTP3m8TBKB/8cqVSPUFs1wJOCJOrQdth6j+7Km2r+pYHRDHEQEqeOOg57\nQgY4Q2n6wQhjOodZ0Bisp938vzZXsAVKOOTXNMi0\n$__EDBwrapped__$
P	dbms_sql	bind_variable	Schema: dbms_sql\nName: bind_variable\nResult data type: \nArgument data types: IN c numeric, IN name character varying, IN value numeric\nType: proc\nVolatility: volatile\nParallel: unsafe\nOwner: enterprisedb\nSecurity: invoker\nLanguage: edbspl\nSource code:\n$__EDBwrapped__$$PROTOCOL2$\nUTF8\nd9PeA0qL8/Rpq+wfAFgCD4fbKN9Fq/JW9jUQeocQAp6GneFwrzeYzqgVTS1YyqS9OlPawRluMCpZ\n+ii3j3TYDxheS/poOQa0pvktM3w+GjJmB9YRYDqPnGYQIC0z8A3gfth6BjQR3R8ULf8pFZaZr3dc\n0hzQzeTW/r/TG1MrPysDdtKC7pWek1o5wfvU\n$__EDBwrapped__$
P	dbms_sql	bind_variable	Schema: dbms_sql\nName: bind_variable\nResult data type: \nArgument data types: IN c numeric, IN name character varying, IN value double precision\nType: proc\nVolatility: volatile\nParallel: unsafe\nOwner: enterprisedb\nSecurity: invoker\nLanguage: edbspl\nSource code:\n$__EDBwrapped__$$PROTOCOL2$\nUTF8\ndwLAEQ16DnzHwW+sY7evUmzpcKfrr0x6nEMmZDeu6BZelNHiR2Sb9Eva8NLMYmI5RlL7NAdmK/7X\nhk4wxmGN83h0hmANjyCnF3P4lBzmbEtTMizJBTn83SBr1FNUaXCHo3TwOxmMXonxZziQFUyruAb0\n1RyjJq6pzvoyY6yNiiUtIVq/Uv3RLkymA2I=\n$__EDBwrapped__$
P	dbms_sql	bind_variable	Schema: dbms_sql\nName: bind_variable\nResult data type: \nArgument data types: IN c numeric, IN name character varying, IN value bytea, IN outsize numeric DEFAULT NULL::numeric\nType: proc\nVolatility: volatile\nParallel: unsafe\nOwner: enterprisedb\nSecurity: invoker\nLanguage: edbspl\nSource code:\n$__EDBwrapped__$$PROTOCOL2$\nUTF8\nd5A8mhQsjtmb2ClfwYUAbZX9+q/yst8tHfJWjSLj2PV2iSCSn9kIOtg+shBBg65HYKGJNNEnOOlf\nZ9U79JVEIRzzW6Z2Wxre5f9eys8WiE40rDTjgaP/IjbC/nKSzVTIcCoM3bmY0CsBKKHHJympNi+P\n7YJ3brCvk3DRyN44omOscS8ykJzyqQocHAHeaB7XKnE=\n$__EDBwrapped__$
P	dbms_sql	bind_variable	Schema: dbms_sql\nName: bind_variable\nResult data type: \nArgument data types: IN c numeric, IN name character varying, IN value clob, IN outsize numeric DEFAULT NULL::numeric\nType: proc\nVolatility: volatile\nParallel: unsafe\nOwner: enterprisedb\nSecurity: invoker\nLanguage: edbspl\nSource code:\n$__EDBwrapped__$$PROTOCOL2$\nUTF8\nd5S+w4vNc1RrSv2MmKzreS21D3GCFMklGCuJiiiVrUsw3x/JIWdhim5ntkLrM9Qyy1Ix0EJ2sBEF\nOEO2sYU5DPSHUPGVT+fI9+WeWvLwDM8D+bM0WzC90+vPAD36kX4KdEnBh/M32LGptREZeIl96Ehc\ngJDFiYHon8t1j4gbimq/6oaxsaPYr6Tpk1puYiGYvm0=\n$__EDBwrapped__$
P	dbms_sql	bind_variable_raw	Schema: dbms_sql\nName: bind_variable_raw\nResult data type: \nArgument data types: IN c numeric, IN name character varying, IN value bytea, IN outsize numeric DEFAULT NULL::numeric\nType: proc\nVolatility: volatile\nParallel: unsafe\nOwner: enterprisedb\nSecurity: invoker\nLanguage: edbspl\nSource code:\n$__EDBwrapped__$$PROTOCOL2$\nUTF8\nd5A8mhQsjtmb2ClfwYUAbZX9+q/yst8tHfJWjSLj2PV2iSCSn9kIOtg+shBBg65HYKGJNNEnOOlf\nZ9U79JVEIRzzW6Z2Wxre5f9eys8WiE40rDTjgaP/IjbC/nKSzVTIcCoM3bmY0CsBKKHHJympNi+P\n7YJ3brCvk3DRyN44omOscS8ykJzyqQocHAHeaB7XKnE=\n$__EDBwrapped__$
P	dbms_sql	bind_variable	Schema: dbms_sql\nName: bind_variable\nResult data type: \nArgument data types: IN c numeric, IN name character varying, IN value text\nType: proc\nVolatility: volatile\nParallel: unsafe\nOwner: enterprisedb\nSecurity: invoker\nLanguage: edbspl\nSource code:\n$__EDBwrapped__$$PROTOCOL2$\nUTF8\ndzP5Hy5KdDxbZ6BWr0FzfjOqZF3w2uHDDonRkVCGXyyLxx9pNQCcQin7JcESKz48Ss8zWq4WYvOx\nlgT+E+WUUJDo9E8GgWIy8K6uFkoFLUch0IhHD0KMG/FcsWdzB/FmpF4U483kMx2s3AmKvmgUC2Eb\nOLhXvVL8kqoNroPB7xXegkUftb1wq/ZvJAbqmKOP\n$__EDBwrapped__$
P	dbms_sql	bind_array	Schema: dbms_sql\nName: bind_array\nResult data type: \nArgument data types: IN c numeric, IN name character varying, IN value dbms_sql.integer_table\nType: proc\nVolatility: volatile\nParallel: unsafe\nOwner: enterprisedb\nSecurity: invoker\nLanguage: edbspl\nSource code:\n$__EDBwrapped__$$PROTOCOL2$\nUTF8\ndxdZaOnJIQHBpXX/pjbzLN+BU2Dy7sqGcLAA5R6myVX27/3apOiAKIE4poKc34nnSSzo3NoZGxaq\n6EwUAssuAW9BAtTXcQzmlxRh7q4LEs0XuqV9i2eSN0Ey2ueopHSfDu9VF+GhHeGZgyfOo0DyZgG6\nL8W2A0WUBLZoVCEHlU06UZQKxDr/deFyVQ==\n$__EDBwrapped__$
P	dbms_sql	bind_array_char	Schema: dbms_sql\nName: bind_array_char\nResult data type: \nArgument data types: IN c numeric, IN name character varying, IN value dbms_sql.char_table\nType: proc\nVolatility: volatile\nParallel: unsafe\nOwner: enterprisedb\nSecurity: invoker\nLanguage: edbspl\nSource code:\n$__EDBwrapped__$$PROTOCOL2$\nUTF8\ndwZDoIbupiEegO15U6YOcXGy4u7CIN0yjFk2+OjGhE2x+qL14hHxOgkc+4gMrdF0bCm+qFGNAd6s\nJmDKEw0P7iZ50PO24LzpJG8nrFO4+w4dlcim4QBIoR8GvAoH22M/qu5uCXySv82M5KSG84z9kwik\nYIrZQdqxwVSwfgm3051HGZfPoxwfig==\n$__EDBwrapped__$
P	dbms_sql	bind_array	Schema: dbms_sql\nName: bind_array\nResult data type: \nArgument data types: IN c numeric, IN name character varying, IN value dbms_sql.char_table\nType: proc\nVolatility: volatile\nParallel: unsafe\nOwner: enterprisedb\nSecurity: invoker\nLanguage: edbspl\nSource code:\n$__EDBwrapped__$$PROTOCOL2$\nUTF8\ndwZDoIbupiEegO15U6YOcXGy4u7CIN0yjFk2+OjGhE2x+qL14hHxOgkc+4gMrdF0bCm+qFGNAd6s\nJmDKEw0P7iZ50PO24LzpJG8nrFO4+w4dlcim4QBIoR8GvAoH22M/qu5uCXySv82M5KSG84z9kwik\nYIrZQdqxwVSwfgm3051HGZfPoxwfig==\n$__EDBwrapped__$
P	dbms_sql	bind_array	Schema: dbms_sql\nName: bind_array\nResult data type: \nArgument data types: IN c numeric, IN name character varying, IN value dbms_sql.varchar2_table\nType: proc\nVolatility: volatile\nParallel: unsafe\nOwner: enterprisedb\nSecurity: invoker\nLanguage: edbspl\nSource code:\n$__EDBwrapped__$$PROTOCOL2$\nUTF8\nd09Tg8M7W/hMSaRBb1GL0cN5rt1OPi6xXTvi0MocEvZfgtP0mjuXicwK9Gu5v7b2W8ZPBN3WenJ7\nPgUhcpm0rW2XmsNQYpBY55pf+a1yWcno91w5EO6PspmA3wskl+4KL2u+s7moBO3UUrILt7P2v7bE\naIZ+WeeGObL9qVsC+NbpN32/7n18EZlpgw==\n$__EDBwrapped__$
P	dbms_sql	bind_array	Schema: dbms_sql\nName: bind_array\nResult data type: \nArgument data types: IN c numeric, IN name character varying, IN value dbms_sql.text_table\nType: proc\nVolatility: volatile\nParallel: unsafe\nOwner: enterprisedb\nSecurity: invoker\nLanguage: edbspl\nSource code:\n$__EDBwrapped__$$PROTOCOL2$\nUTF8\nd+RNH5t32i9H8liZaaZvv87G3SnN4H/I6SiPAd8vewF+jiPCG33k+sxdTlkZICpxnQH54U7NoXwz\nv026oHOKoulbyV/DEh73KYVb7BlLB7htj+S+HmTKmqt7jAIEYDIZULMIQ/IPrFiIJ1q4zPjaD9db\nkqOrFORX0OO2fBCXvctVfk9FP834qw==\n$__EDBwrapped__$
P	dbms_sql	bind_array	Schema: dbms_sql\nName: bind_array\nResult data type: \nArgument data types: IN c numeric, IN name character varying, IN value dbms_sql.timestamp_table\nType: proc\nVolatility: volatile\nParallel: unsafe\nOwner: enterprisedb\nSecurity: invoker\nLanguage: edbspl\nSource code:\n$__EDBwrapped__$$PROTOCOL2$\nUTF8\nd8QR/YbjTrgFEpe4AplUOl5yGzPAb7fY5auLzFpCtLmd7hBNSGxJO0qObC3X/Nhs2Wo7vBScMn4O\n++ZPvSNjec1uieD8sTS01dFUngfRxHzQUnP/sHM5CqXqyxKHH3a0ArDDbcIXqGpVH+4Vmm5MmHLp\nNlQQR3ciqi3MEFwpkDMelEB/0kQui+XnP9ed\n$__EDBwrapped__$
P	dbms_sql	bind_array	Schema: dbms_sql\nName: bind_array\nResult data type: \nArgument data types: IN c numeric, IN name character varying, IN value dbms_sql.number_table\nType: proc\nVolatility: volatile\nParallel: unsafe\nOwner: enterprisedb\nSecurity: invoker\nLanguage: edbspl\nSource code:\n$__EDBwrapped__$$PROTOCOL2$\nUTF8\nd0XVhGZtK6MSgN/6nWOtpS+OBp+wKrv7yJIeIW0infR8WFpgwxmNF1o+kQ11nGxHtlBvMs77s972\nbc+RLxU8l6ICSv2VaqDi5aAoYxX1gCwnZgkxl2/JXkPpEnHxcYGVn0H4OXIiGtKeBbLtDlFopTQi\npTAP4goVX/dh3Iwh9Sq40cjd7IrdI9Ec\n$__EDBwrapped__$
P	dbms_sql	bind_array	Schema: dbms_sql\nName: bind_array\nResult data type: \nArgument data types: IN c numeric, IN name character varying, IN value dbms_sql.float_table\nType: proc\nVolatility: volatile\nParallel: unsafe\nOwner: enterprisedb\nSecurity: invoker\nLanguage: edbspl\nSource code:\n$__EDBwrapped__$$PROTOCOL2$\nUTF8\ndwgBolxmzg4yFnn34ysJEFOXMGRpJJK9qRx5OaJIoYNjvLWejv+h+cXx7UNI76Rq1W969N9M/7ob\nawJhdC7GKsQ9EDUP923k/5pHbsX983+gMel8ZMzyD+KqwbSZMM9Oos0HfRcCMxJP2HFsQUb/1BX9\n86urS/Lee6pwUYhnKgO1m+Cy6IOn+fM=\n$__EDBwrapped__$
P	dbms_sql	bind_array	Schema: dbms_sql\nName: bind_array\nResult data type: \nArgument data types: IN c numeric, IN name character varying, IN value dbms_sql.blob_table\nType: proc\nVolatility: volatile\nParallel: unsafe\nOwner: enterprisedb\nSecurity: invoker\nLanguage: edbspl\nSource code:\n$__EDBwrapped__$$PROTOCOL2$\nUTF8\nd1htn6kuWrXbDGdPvwf07KJ6PYM/b7fVn6wgGQH0zx9E3Uh1UFK2jgUdUoI+U7wksNwlFWZUHaXv\necofkPxGrppa0Wv41PN2LUWHYVFPZkMgQQFFTVIdVIdEJZ1HCCMNvVkxIZQfjhxK/m9JzvC2+RmQ\nQ0D4S65EqfZr8A6Ka1G8pp15ETTZfA==\n$__EDBwrapped__$
P	dbms_sql	bind_array	Schema: dbms_sql\nName: bind_array\nResult data type: \nArgument data types: IN c numeric, IN name character varying, IN value dbms_sql.clob_table\nType: proc\nVolatility: volatile\nParallel: unsafe\nOwner: enterprisedb\nSecurity: invoker\nLanguage: edbspl\nSource code:\n$__EDBwrapped__$$PROTOCOL2$\nUTF8\nd0E3edXX5wpfemWWrFoQF4lHC/XYeZdxXfvBY9ooQYGb5Yc3d2vBYg/+lHcEhRv668pOunNakjJ/\n5Q5Ls9tLXB3r/OkxlvN1wK7oH5BoUSbMOKDb2aTZtakAIeSN4Ft5sCn727mQ++nl9AwNBdjM5nS0\nf3CyxiBaP1Wj62irUKzZ10VU7ERwHg==\n$__EDBwrapped__$
P	dbms_sql	bind_array_raw	Schema: dbms_sql\nName: bind_array_raw\nResult data type: \nArgument data types: IN c numeric, IN name character varying, IN value dbms_sql.blob_table\nType: proc\nVolatility: volatile\nParallel: unsafe\nOwner: enterprisedb\nSecurity: invoker\nLanguage: edbspl\nSource code:\n$__EDBwrapped__$$PROTOCOL2$\nUTF8\nd1htn6kuWrXbDGdPvwf07KJ6PYM/b7fVn6wgGQH0zx9E3Uh1UFK2jgUdUoI+U7wksNwlFWZUHaXv\necofkPxGrppa0Wv41PN2LUWHYVFPZkMgQQFFTVIdVIdEJZ1HCCMNvVkxIZQfjhxK/m9JzvC2+RmQ\nQ0D4S65EqfZr8A6Ka1G8pp15ETTZfA==\n$__EDBwrapped__$
P	dbms_sql	bind_array	Schema: dbms_sql\nName: bind_array\nResult data type: \nArgument data types: IN c numeric, IN name character varying, IN value dbms_sql.integer_table, IN index1 integer, IN index2 integer\nType: proc\nVolatility: volatile\nParallel: unsafe\nOwner: enterprisedb\nSecurity: invoker\nLanguage: edbspl\nSource code:\n$__EDBwrapped__$$PROTOCOL2$\nUTF8\nd4lbfw5BdCjii9GTEMiOPleCuHQBc61WjRRZzZ6nkiiYccqMzIMJeCpanSVt7ZWrfw8ic3CUxlxk\nTISi2ZkrxsG7WeB4CIeKljGiNjzTEQXxq4DZ5sIvW3xPXvumXslKz2WtueQSyvGd/pRWI64pVRXR\nrbqcYfNrdUsaSQYJ/sStcJ1cYpMYdd48i1YUlGxq7CKg\n$__EDBwrapped__$
P	dbms_sql	bind_array_char	Schema: dbms_sql\nName: bind_array_char\nResult data type: \nArgument data types: IN c numeric, IN name character varying, IN value dbms_sql.char_table, IN index1 integer, IN index2 integer\nType: proc\nVolatility: volatile\nParallel: unsafe\nOwner: enterprisedb\nSecurity: invoker\nLanguage: edbspl\nSource code:\n$__EDBwrapped__$$PROTOCOL2$\nUTF8\nd9ewdym9O7e6QjJXb0bO/jbynmjRc2/RWFADx5wx0sz6JJ0bRnLnpcv5B8nji0oNsKzTpfQ7ukEt\n1s1rc0pSGIqErSvB43jivd/meNSw/ldV6DG2Q9pLTZ74uKcqWgR2B80/EcBn10HMfqvQDAK7QOy+\nE63PA2wwBvrWSAH9R+haEknpvwWNOc5Hp1D/OuRS\n$__EDBwrapped__$
P	dbms_sql	bind_array	Schema: dbms_sql\nName: bind_array\nResult data type: \nArgument data types: IN c numeric, IN name character varying, IN value dbms_sql.char_table, IN index1 integer, IN index2 integer\nType: proc\nVolatility: volatile\nParallel: unsafe\nOwner: enterprisedb\nSecurity: invoker\nLanguage: edbspl\nSource code:\n$__EDBwrapped__$$PROTOCOL2$\nUTF8\nd9ewdym9O7e6QjJXb0bO/jbynmjRc2/RWFADx5wx0sz6JJ0bRnLnpcv5B8nji0oNsKzTpfQ7ukEt\n1s1rc0pSGIqErSvB43jivd/meNSw/ldV6DG2Q9pLTZ74uKcqWgR2B80/EcBn10HMfqvQDAK7QOy+\nE63PA2wwBvrWSAH9R+haEknpvwWNOc5Hp1D/OuRS\n$__EDBwrapped__$
P	dbms_sql	bind_array	Schema: dbms_sql\nName: bind_array\nResult data type: \nArgument data types: IN c numeric, IN name character varying, IN value dbms_sql.varchar2_table, IN index1 integer, IN index2 integer\nType: proc\nVolatility: volatile\nParallel: unsafe\nOwner: enterprisedb\nSecurity: invoker\nLanguage: edbspl\nSource code:\n$__EDBwrapped__$$PROTOCOL2$\nUTF8\nd+ku+rd2QHzOu4bN4lpsfH4z84qQoCKRct8y7t+y8tMOjC3kQWxGh4jBZaPwa1BjXbrgZHU1WPtz\n5wiDgjitRXJN2vXDttF8bI7/SGXEAmMcspGJM3qEZfOmszHKxbAYiVI/wRbsV+AmpDaJzn/th/Vg\nnnki0of+SqRnVEpO6zM/LMbyyqKDD+yjA9SFQumexh8E\n$__EDBwrapped__$
P	dbms_sql	bind_array	Schema: dbms_sql\nName: bind_array\nResult data type: \nArgument data types: IN c numeric, IN name character varying, IN value dbms_sql.text_table, IN index1 integer, IN index2 integer\nType: proc\nVolatility: volatile\nParallel: unsafe\nOwner: enterprisedb\nSecurity: invoker\nLanguage: edbspl\nSource code:\n$__EDBwrapped__$$PROTOCOL2$\nUTF8\nd8rITdhkFCiEe6YWoaXTAbJ/v/hq0YxG7Uxr4FCftd83fO0sj+K8lMEfv3PQANnTPO4Hs62avgnB\nRxjW9u/qTqtqg8j8phe6q/CTH2AX7WfJjzOKG39/lFzitM4Fz/KAI4v+4eEqRgEJtU0CSPVv1XMl\nPeOBmvLvaVAMz0vjwhNcpQvSo5jdDQpx/6tdUlbU\n$__EDBwrapped__$
P	dbms_sql	bind_array	Schema: dbms_sql\nName: bind_array\nResult data type: \nArgument data types: IN c numeric, IN name character varying, IN value dbms_sql.timestamp_table, IN index1 integer, IN index2 integer\nType: proc\nVolatility: volatile\nParallel: unsafe\nOwner: enterprisedb\nSecurity: invoker\nLanguage: edbspl\nSource code:\n$__EDBwrapped__$$PROTOCOL2$\nUTF8\nd3HFtSibR4DfRCHnl7jkM19GNQ2PkMRvVv6j+dD6CKsIyUaZsd0y4w5q+cyAK0mYGWy15LkH1d4B\nyJZE7SiU+85qLt08KorN993GB8Ib4KOk9Qi1UHA107drVTC2J724jfe8n60IDq/N+SJLqRFgaOjX\n0GzJydmBYdo3nJCHTjCR8wQFrqyOz9nUL7FAfyUhqNJ9rwM=\n$__EDBwrapped__$
P	dbms_sql	bind_array	Schema: dbms_sql\nName: bind_array\nResult data type: \nArgument data types: IN c numeric, IN name character varying, IN value dbms_sql.number_table, IN index1 integer, IN index2 integer\nType: proc\nVolatility: volatile\nParallel: unsafe\nOwner: enterprisedb\nSecurity: invoker\nLanguage: edbspl\nSource code:\n$__EDBwrapped__$$PROTOCOL2$\nUTF8\nd+lVO4hZP+QZnVR+pBJ312Rn8iJ/dxqAJKbFcvtXDk/bReaiZk9OouYvIdPnPuE4fgYg4rD+63IH\njiJnMmiaULlDSCqe7VpCU1jLJYDKhUEjTNc5VwnCnQt9ZngaEYw36JtwliF9S+HRGy9f1uqNcLI7\nueOexZ86NhVB+nPge6R25UdgD/tml/Pj8ZgxxNnckLk=\n$__EDBwrapped__$
P	dbms_sql	bind_array	Schema: dbms_sql\nName: bind_array\nResult data type: \nArgument data types: IN c numeric, IN name character varying, IN value dbms_sql.float_table, IN index1 integer, IN index2 integer\nType: proc\nVolatility: volatile\nParallel: unsafe\nOwner: enterprisedb\nSecurity: invoker\nLanguage: edbspl\nSource code:\n$__EDBwrapped__$$PROTOCOL2$\nUTF8\nd3PtqOrTmyyp9W2OzPqYRitDk09IMH0JhMJkQ0Fn0ASl9ADnMvczZWbfvY17Nr8S9WY42oIfI4fS\nksnsCPhni7zfUICCJELf0V9YFYtkyLAcL349yfI1Pd2Ab5fRetYZwsxjEUfPStIvNpAT9GgeUTfd\nvMbhuEQA+8hvbUbFp1e3w3wvM/yLhgADNiufIgFFaw==\n$__EDBwrapped__$
P	dbms_sql	bind_array	Schema: dbms_sql\nName: bind_array\nResult data type: \nArgument data types: IN c numeric, IN name character varying, IN value dbms_sql.blob_table, IN index1 integer, IN index2 integer\nType: proc\nVolatility: volatile\nParallel: unsafe\nOwner: enterprisedb\nSecurity: invoker\nLanguage: edbspl\nSource code:\n$__EDBwrapped__$$PROTOCOL2$\nUTF8\ndwTPrCffvgiXb7nb/HH3z9hrncjpqOegWMXRUFmyUhBXeq07MQCdU/J6WtKyxvhyC29PaZzDwmFZ\n3pJRPzYB2/WPBAxO2AJlBEIW98kgqo08dRpl8bBocn64JOWfafFdcuXpbSi+FsBYe1yaiJmXVIPV\ns+34VIjRV7ag2kk6NbATOm/2IYqmkcv8PPGOOfVQ\n$__EDBwrapped__$
P	dbms_sql	bind_array	Schema: dbms_sql\nName: bind_array\nResult data type: \nArgument data types: IN c numeric, IN name character varying, IN value dbms_sql.clob_table, IN index1 integer, IN index2 integer\nType: proc\nVolatility: volatile\nParallel: unsafe\nOwner: enterprisedb\nSecurity: invoker\nLanguage: edbspl\nSource code:\n$__EDBwrapped__$$PROTOCOL2$\nUTF8\ndxmLl9ZvvzJaOFG93LEjoMLO9KCseWNcmfEb1NudcFC24QhGzwkWE/42bFuBaYC6GxkICg4gGaaQ\n/BgkCMHkCuF1XIlG39KauOZ+x9rsy3ybw6emruFjfFu4/Pd5dNMBFOsYHovavWGbtU+AVxmkSOJf\nH03k8YmfR2rjz/rYj9IBSAkHCzbSPv4zqEjcLZYS\n$__EDBwrapped__$
P	dbms_sql	bind_array_raw	Schema: dbms_sql\nName: bind_array_raw\nResult data type: \nArgument data types: IN c numeric, IN name character varying, IN value dbms_sql.blob_table, IN index1 integer, IN index2 integer\nType: proc\nVolatility: volatile\nParallel: unsafe\nOwner: enterprisedb\nSecurity: invoker\nLanguage: edbspl\nSource code:\n$__EDBwrapped__$$PROTOCOL2$\nUTF8\ndwTPrCffvgiXb7nb/HH3z9hrncjpqOegWMXRUFmyUhBXeq07MQCdU/J6WtKyxvhyC29PaZzDwmFZ\n3pJRPzYB2/WPBAxO2AJlBEIW98kgqo08dRpl8bBocn64JOWfafFdcuXpbSi+FsBYe1yaiJmXVIPV\ns+34VIjRV7ag2kk6NbATOm/2IYqmkcv8PPGOOfVQ\n$__EDBwrapped__$
P	dbms_sql	define_column	Schema: dbms_sql\nName: define_column\nResult data type: \nArgument data types: IN c numeric, IN pos numeric, IN col integer\nType: proc\nVolatility: volatile\nParallel: unsafe\nOwner: enterprisedb\nSecurity: invoker\nLanguage: edbspl\nSource code:\n$__EDBwrapped__$$PROTOCOL2$\nUTF8\nd1kM1dYvoeBZCTQT2bgqAYqM04fFZh2WjVpTfjh1y8vI/PwGrAx0yR4i5vFwyuD8C9x76ztdcWnK\nowM/Pf10xgYbQzdReOrJWlys3B8fWbLuKZdZVLdLaoFoSfC/t7wL76k6ztYv0TsD65yqfdZcogMZ\nrhoFJPLcososO7VqfNa6ePoV1geztw==\n$__EDBwrapped__$
P	dbms_sql	define_column	Schema: dbms_sql\nName: define_column\nResult data type: \nArgument data types: IN c numeric, IN pos numeric, IN col text, IN col_size numeric DEFAULT NULL::numeric\nType: proc\nVolatility: volatile\nParallel: unsafe\nOwner: enterprisedb\nSecurity: invoker\nLanguage: edbspl\nSource code:\n$__EDBwrapped__$$PROTOCOL2$\nUTF8\nd1UrT1juLU/OpcmFLJ9HA9VuQCPUgbEr6j+2oCTJ6NBpndzjPJIsIc5gGBcvc0n+mpVD07HPBiu0\n0cBYkrB3+T3FRSk6Ra8c/VVsA/7yocGaYdLvy4X2sCB2jl6DNG2h4iQZ6hM/oNIjfGLNan9wOprs\n0CbWDyVANweiZLcvovrsOwsnH9U5UAqTxA==\n$__EDBwrapped__$
P	dbms_sql	define_column_char	Schema: dbms_sql\nName: define_column_char\nResult data type: \nArgument data types: IN c numeric, IN pos numeric, IN col character, IN col_size numeric DEFAULT NULL::numeric\nType: proc\nVolatility: volatile\nParallel: unsafe\nOwner: enterprisedb\nSecurity: invoker\nLanguage: edbspl\nSource code:\n$__EDBwrapped__$$PROTOCOL2$\nUTF8\nd1I0u+YctvB1lGMhTHq/XidfIbrXE6GLgGcaBWFN1p3YQFd0hIROkrfEZmB1WiCkJ6hCkhEDwEUJ\nIpBT2W8E/mHV9aH74x2o4asttFQMRuz4y69cboPOmKuE44TK1tO1YbqSMJ0b1QJZ+GxgX9hZ/jy2\n4RZw9AdyyjuhKzeVT4uvh4EBF0j4XtF7riWd\n$__EDBwrapped__$
P	dbms_sql	define_column	Schema: dbms_sql\nName: define_column\nResult data type: \nArgument data types: IN c numeric, IN pos numeric, IN col timestamp without time zone\nType: proc\nVolatility: volatile\nParallel: unsafe\nOwner: enterprisedb\nSecurity: invoker\nLanguage: edbspl\nSource code:\n$__EDBwrapped__$$PROTOCOL2$\nUTF8\nd5VqLAvP3FyXLnb9UtGdUVOeVcVWXVPRd4tfdOGYyHbhiTnBy/mIH8ocClYQR4xqCI7yBPVe9x+5\n3C71/BYFYQPIW7DReFlemeeiubk36xa4PeVlye3vJujDk58EcMGEjOK//DzeEB28orP1SW7L1A1y\nsDqu2F/S55E924cqhVGQhTA6AKgxBKiz25c=\n$__EDBwrapped__$
P	dbms_sql	define_column	Schema: dbms_sql\nName: define_column\nResult data type: \nArgument data types: IN c numeric, IN pos numeric, IN col numeric\nType: proc\nVolatility: volatile\nParallel: unsafe\nOwner: enterprisedb\nSecurity: invoker\nLanguage: edbspl\nSource code:\n$__EDBwrapped__$$PROTOCOL2$\nUTF8\ndzADJSiyrKfOoSyiBoahfJ7Fq70RajqEu1NEYhVonYJZDRelO83rwpu9PnGGBxullPJijecmaA6d\nAi9IUdUBw0xT+i1R+qt0Pjx7MBl+UVqXjs+1mqJxSDgars5MytHCdDmMLHPs4BkupNN3IkHUwY9x\nLsfEnbEPh7HdNtiwGU803oEg1FIyNZg=\n$__EDBwrapped__$
P	dbms_sql	define_column	Schema: dbms_sql\nName: define_column\nResult data type: \nArgument data types: IN c numeric, IN pos numeric, IN col double precision\nType: proc\nVolatility: volatile\nParallel: unsafe\nOwner: enterprisedb\nSecurity: invoker\nLanguage: edbspl\nSource code:\n$__EDBwrapped__$$PROTOCOL2$\nUTF8\nd444uZ4OuvVzJvfLA77juQyrgD7oOQtUWl45sa4GJmePTBTVKUZ6qpHJLDOMdZJoziP4qBBagxVu\ndrFilAQ6IwMcmApFLSGhq2ZpfkDKJlV1NyGkZebGYT/gk0mW7NPq9BWHDwJitZDT4++d/yTFD3Yk\nb9OIj9/AVhcmexoLEMoSLckKwLTUww==\n$__EDBwrapped__$
P	dbms_sql	define_column	Schema: dbms_sql\nName: define_column\nResult data type: \nArgument data types: IN c numeric, IN pos numeric, IN col clob, IN col_size numeric\nType: proc\nVolatility: volatile\nParallel: unsafe\nOwner: enterprisedb\nSecurity: invoker\nLanguage: edbspl\nSource code:\n$__EDBwrapped__$$PROTOCOL2$\nUTF8\nd3V8g+Gs3uMROL+Xj7E55QDSSCIKgdST/MkVLrLVr22/fJcJNl1sVOLQJc/X6yFI0eyYnIg5iKv+\nwc2Y9WsFOPrVVx91ZMZr4OH3J34qFbqIs8pufmMLPYfELEb6T+qHo1L8B+VmTeVbeEBRo+pySApz\n16JIo/T9mzfgC8iNQaIZTzThkH/UfydHeFY+\n$__EDBwrapped__$
P	dbms_sql	define_column	Schema: dbms_sql\nName: define_column\nResult data type: \nArgument data types: IN c numeric, IN pos numeric, IN col bytea, IN col_size numeric\nType: proc\nVolatility: volatile\nParallel: unsafe\nOwner: enterprisedb\nSecurity: invoker\nLanguage: edbspl\nSource code:\n$__EDBwrapped__$$PROTOCOL2$\nUTF8\nd4tRiLScZQEVc0j0Qkc/ircKVQXVKSbMGyKPmwVzVO8gMLRcLxEVvLwQTkaykOMuzkcBlbV8PF8g\nDSYcAhJ+B5uTuwXIX+1iMTlpXRmn1xiwsSM5YyiYOH622cmwyhEqpjfAKQ9hbHcleMFO9Slf4L4U\nS3QRtedS9BHgDpeAutw0Gl2qUeBGU8xYkiCT\n$__EDBwrapped__$
P	dbms_sql	define_column_raw	Schema: dbms_sql\nName: define_column_raw\nResult data type: \nArgument data types: IN c numeric, IN pos numeric, IN col bytea, IN col_size numeric\nType: proc\nVolatility: volatile\nParallel: unsafe\nOwner: enterprisedb\nSecurity: invoker\nLanguage: edbspl\nSource code:\n$__EDBwrapped__$$PROTOCOL2$\nUTF8\nd4tRiLScZQEVc0j0Qkc/ircKVQXVKSbMGyKPmwVzVO8gMLRcLxEVvLwQTkaykOMuzkcBlbV8PF8g\nDSYcAhJ+B5uTuwXIX+1iMTlpXRmn1xiwsSM5YyiYOH622cmwyhEqpjfAKQ9hbHcleMFO9Slf4L4U\nS3QRtedS9BHgDpeAutw0Gl2qUeBGU8xYkiCT\n$__EDBwrapped__$
P	dbms_sql	define_column_long	Schema: dbms_sql\nName: define_column_long\nResult data type: \nArgument data types: IN c numeric, IN pos numeric\nType: proc\nVolatility: volatile\nParallel: unsafe\nOwner: enterprisedb\nSecurity: invoker\nLanguage: edbspl\nSource code:\n$__EDBwrapped__$$PROTOCOL2$\nUTF8\nd3Tzsa9ROBwJWAvrpN5qgcAlm1AEIBH/2b4c40pqy2Xm1uv8P+Ok/oq0wnxITIr9u94JARsLAJli\ngbcNvSWEJsO3kZt9bl0VXtCR5w0Hrw2AX1CRYM5tRzNHXZ3oe/wV0CdGt6gL3ubxwHP7xbPUNJkz\ncdMNjzlkl/L7ulqWpqjF\n$__EDBwrapped__$
P	dbms_sql	define_column_rowid	Schema: dbms_sql\nName: define_column_rowid\nResult data type: \nArgument data types: IN c numeric, IN pos numeric, IN rid rowid\nType: proc\nVolatility: volatile\nParallel: unsafe\nOwner: enterprisedb\nSecurity: invoker\nLanguage: edbspl\nSource code:\n$__EDBwrapped__$$PROTOCOL2$\nUTF8\nd76SXCLPoElDORvebftupgUcgBoNebX4t2iaMbw8XC8ctaCg4QjsZRJISm/ts/M6jHbCI/UY5z1W\nXBCgzHzFbjyaSg96wCd11qVOoYWLFFAdlcURCB9Y82tNfttlHQJYg8jnnYatFoFhmfFmOB7dV+ZP\njSNQPA7i+cc+0t9vAs9LUCJ4RHqbwqA=\n$__EDBwrapped__$
P	dbms_sql	define_array	Schema: dbms_sql\nName: define_array\nResult data type: \nArgument data types: IN c numeric, IN pos numeric, IN col dbms_sql.number_table, IN cnt numeric, IN lower_bound numeric DEFAULT 1\nType: proc\nVolatility: volatile\nParallel: unsafe\nOwner: enterprisedb\nSecurity: invoker\nLanguage: edbspl\nSource code:\n$__EDBwrapped__$$PROTOCOL2$\nUTF8\nd7ZUaQLvSnksJI+bXaC7xYVOv6S80gUvXmxzae6GfRrt3R2VIzFqzAeunVg4DrBPfSrmAMmmTEBk\nqtg3UkpJZoTv7nlMz1UmyGx5LsvDjazezLRWN8jHq/+jj1fG3NZIDfgPjEbyiBMCsHTeAf7yf+qg\nI9jdQM43RIfq+vTCq0hFRmdkBweajcw+GTDBAc7ZS+4qj/ZHmITc\n$__EDBwrapped__$
P	dbms_sql	define_array	Schema: dbms_sql\nName: define_array\nResult data type: \nArgument data types: IN c numeric, IN pos numeric, IN col dbms_sql.integer_table, IN cnt numeric, IN lower_bnd numeric DEFAULT 1\nType: proc\nVolatility: volatile\nParallel: unsafe\nOwner: enterprisedb\nSecurity: invoker\nLanguage: edbspl\nSource code:\n$__EDBwrapped__$$PROTOCOL2$\nUTF8\ndzg5TU3dXhWeeRP4aIWTKv4FcNl6lFaxLMAuZGYzeF67TDzPFMf/h5k2noxpBEJoyFD3n30x2+4c\nJxpIMqbsJTUmUwhx6vP95h+TZH85jRxzMVXiK15IefLkIj9O5iwpFAEej7D7qL7Eywhx+3DTV9z1\nE0SZvi5ZIt0b/IOF3f8Ijp4u40xsSRGC8Rrrr8tN3bn0vO1SEh0=\n$__EDBwrapped__$
P	dbms_sql	define_array	Schema: dbms_sql\nName: define_array\nResult data type: \nArgument data types: IN c numeric, IN pos numeric, IN col dbms_sql.char_table, IN cnt numeric, IN lower_bnd numeric DEFAULT 1, IN col_size numeric DEFAULT NULL::numeric\nType: proc\nVolatility: volatile\nParallel: unsafe\nOwner: enterprisedb\nSecurity: invoker\nLanguage: edbspl\nSource code:\n$__EDBwrapped__$$PROTOCOL2$\nUTF8\nd1omyfbOWw7du9Gpzo6XWjP9N0A81Dq7nympVRgFWs46Z4s5e35f4ghz7lA1b4Od6vlN3yW5GVuB\ngkQQyfjbiWwskQTHswHn3r4pZdCML0RpfBuwebtyowDCCKZlidBXPpaTjcGANF8do04lpOyzMCxX\ntMcWJ2EDBHW8p0tiHW0btfaKlmcsrdem0f0RrwoYBlgEGGq4BjcEj7+r\n$__EDBwrapped__$
P	dbms_sql	define_array	Schema: dbms_sql\nName: define_array\nResult data type: \nArgument data types: IN c numeric, IN pos numeric, IN col dbms_sql.text_table, IN cnt numeric, IN lower_bnd numeric DEFAULT 1, IN col_size numeric DEFAULT NULL::numeric\nType: proc\nVolatility: volatile\nParallel: unsafe\nOwner: enterprisedb\nSecurity: invoker\nLanguage: edbspl\nSource code:\n$__EDBwrapped__$$PROTOCOL2$\nUTF8\nd6Lh2ntBU58fSdRyNaB1mNj89oCAVI2xdBWkXSF/msJrz420syF1ipdjA+wfaom4g64wrZe6YGL7\nftr+bjIqEexefYngOYEEBrgOQZgxolzKmaQl+cvcS8ZzvYDdR9GyVVk/g34e57TtIy1m7PElShKb\nMnWSFSqLOLZJmmk0qU7lZzDOsmRMI1r7m36uJSoAM43ASc8QLNg6+mTt\n$__EDBwrapped__$
P	dbms_sql	define_array	Schema: dbms_sql\nName: define_array\nResult data type: \nArgument data types: IN c numeric, IN pos numeric, IN col dbms_sql.varchar2_table, IN cnt numeric, IN lower_bnd numeric DEFAULT 1, IN col_size numeric DEFAULT NULL::numeric\nType: proc\nVolatility: volatile\nParallel: unsafe\nOwner: enterprisedb\nSecurity: invoker\nLanguage: edbspl\nSource code:\n$__EDBwrapped__$$PROTOCOL2$\nUTF8\nd0XM1VdHQ9OX1lOLDUSXLFzoEe/KU/LWwlP2uRW8r/NSMnKpGSZTxJGCvbh/Q9z1FSYVFowYPMp4\ngvRyebhAQjLx1BwfMsyrhwcoze4vR7iP02KWIsJhWxvDLt4sXThzw+jHa0yYKPYL52yXhStI0m0C\n0RudBSybKPI0VXqWlBaeVgCWT4bMYGLsdNtsnDCpMU83migjSC85/ODB8LUN\n$__EDBwrapped__$
P	dbms_sql	define_array	Schema: dbms_sql\nName: define_array\nResult data type: \nArgument data types: IN c numeric, IN pos numeric, IN col dbms_sql.timestamp_table, IN cnt numeric, IN lower_bnd numeric DEFAULT 1\nType: proc\nVolatility: volatile\nParallel: unsafe\nOwner: enterprisedb\nSecurity: invoker\nLanguage: edbspl\nSource code:\n$__EDBwrapped__$$PROTOCOL2$\nUTF8\nd4AGEndHqA+VD0dCwd65otrIkNrBWeEI9vrhaeQ+/doTMF/Edotb4NFX1hG3GyEwV1V0+2sXBxby\nslKCJJ1HaocPxCO2KSEXwMg23Z1juC2wOV5eF9bgmPlTSqKfzfse9WwWSlyAdfrjvaqHslNyCB45\naeREswpu3fAafKkDH6VwrwzHA3ItqWugT7dTLO9XvsZPRCK6fHD47g==\n$__EDBwrapped__$
P	dbms_sql	define_array	Schema: dbms_sql\nName: define_array\nResult data type: \nArgument data types: IN c numeric, IN pos numeric, IN col dbms_sql.float_table, IN cnt numeric, IN lower_bnd numeric DEFAULT 1\nType: proc\nVolatility: volatile\nParallel: unsafe\nOwner: enterprisedb\nSecurity: invoker\nLanguage: edbspl\nSource code:\n$__EDBwrapped__$$PROTOCOL2$\nUTF8\nd6RF/A2HeKEg6CkttuTe78RlsdCKyh+RUI1krgqW/cV016B0UkDwG57adKljsfM6T/U9BlV2eszj\nQx5VF7pz2Eom3Q1DsYUcrX6n1zBBFqG8/EgR6rqOiH7gvnn+qlDbOHZK3FE8chrUZAQgkw8iOatt\nTAj0yZFhJMgdxV8nZiqDYeB6vswnqHl4uSJnOfLr5Oha3Ho+\n$__EDBwrapped__$
P	dbms_sql	define_array	Schema: dbms_sql\nName: define_array\nResult data type: \nArgument data types: IN c numeric, IN pos numeric, IN col dbms_sql.blob_table, IN cnt numeric, IN lower_bnd numeric DEFAULT 1, IN col_size numeric DEFAULT NULL::numeric\nType: proc\nVolatility: volatile\nParallel: unsafe\nOwner: enterprisedb\nSecurity: invoker\nLanguage: edbspl\nSource code:\n$__EDBwrapped__$$PROTOCOL2$\nUTF8\ndx03L2o4SuDdi1J1ABlMK6mjq+n32BR0tgmkfYAiUgDO+Zzq5efiIoqmmRKE34UjpYgeMTHbRb5h\nCa8OWqUnhadVok2qeaeOA3nkx3sFfq0sZd6ZA4y12TEWtFiQihh7C2G2QH1cpVLjj8cVJWLEK1kc\nbkBwQSM3gSbNWMEgCwJYi4ODlf/W7g4QVAIAbzbG6mwqiWRY466PMWa7\n$__EDBwrapped__$
P	dbms_sql	define_array	Schema: dbms_sql\nName: define_array\nResult data type: \nArgument data types: IN c numeric, IN pos numeric, IN col dbms_sql.clob_table, IN cnt numeric, IN lower_bnd numeric DEFAULT 1, IN col_size numeric DEFAULT NULL::numeric\nType: proc\nVolatility: volatile\nParallel: unsafe\nOwner: enterprisedb\nSecurity: invoker\nLanguage: edbspl\nSource code:\n$__EDBwrapped__$$PROTOCOL2$\nUTF8\ndzM/2l5KoGZ8RRiKcw74HmdZ9Jm1OxvNiW/qJ12agaiEFrX71uh7fXuw7u2vL81KNoy8hZrzmn1l\nDx/KTyPL8ZcL6RLjmMpbCumOA3MfuSD00SxrgGyeoJMWmCGjHoSQq2t08510qmytor9izzY0QTVR\nT/FAjSdkDvdqlgn78RhfSVgXBDPxm5qoFOFLVH0OxkS3rJISamYnE509\n$__EDBwrapped__$
P	dbms_sql	column_value	Schema: dbms_sql\nName: column_value\nResult data type: \nArgument data types: IN c numeric, IN pos numeric, OUT value double precision, OUT actual_length integer\nType: proc\nVolatility: volatile\nParallel: unsafe\nOwner: enterprisedb\nSecurity: invoker\nLanguage: edbspl\nSource code:\n$__EDBwrapped__$$PROTOCOL2$\nUTF8\nd+tN5+IT14TRf3bOnJFJpUmvLa3oVxf6Mn+vlzKwEp7N1w0MaV7ATvNVf9jk8GhgMOJfnH9ZL7+0\nW9UaJ1p/MmvjBfvnMQzbPRcC3/TtzDo4UAIW30aEtoUHVZXU1udbmNrWPRQKZzLS3UtaMlCXvkQW\npgQzgHmSMpDijcBGDocqlapxN9FtNAEsVoTaEJ3q//huNzTvqiJo6+QXP92yfMaTkTQNNAjO9y26\nVSGRHT4=\n$__EDBwrapped__$
P	dbms_sql	define_array	Schema: dbms_sql\nName: define_array\nResult data type: \nArgument data types: IN c numeric, IN pos numeric, IN col dbms_sql.rowid_table, IN cnt numeric, IN lower_bnd numeric DEFAULT 1\nType: proc\nVolatility: volatile\nParallel: unsafe\nOwner: enterprisedb\nSecurity: invoker\nLanguage: edbspl\nSource code:\n$__EDBwrapped__$$PROTOCOL2$\nUTF8\nd/mIJScBEpNF6d0Sup9jKTa46C7PbBDVpKWs5hvOgifD81vKrUybrYKFrpyfShs/My21dlLN5Fz8\ntm9F41Nr7GaLOvqgTnHUeXwKa/5OJ8uRIERjEYeIF1PPYsB2vUeXXNvqr4xbjA3Yo23i10Fsx7pp\nez+JmQFZFBsg1iWI7C9YeZ7yvSQzTaRRub68hrT2vzTbz3f5\n$__EDBwrapped__$
P	dbms_sql	column_value	Schema: dbms_sql\nName: column_value\nResult data type: \nArgument data types: IN c numeric, IN pos numeric, OUT value integer\nType: proc\nVolatility: volatile\nParallel: unsafe\nOwner: enterprisedb\nSecurity: invoker\nLanguage: edbspl\nSource code:\n$__EDBwrapped__$$PROTOCOL2$\nUTF8\nd6VrV/GNY20c4OkE13z1DZzU4lYHdTWq77mRASgn4Ldl9CzkckqJX3GjvNwFauQz5F+/Yj811QJN\nxuC2DrXMgdgznT4rCut0T850WFQbQ+YS36tl1CeFpYlhk2MafCYAocfGIz2yWJLsK1Kr23npEYrE\npAwXf6t/6/MRft+DQV2K6zZgBD7IwpqWray+IdFV9DR67uZODDUcT2kHmz4=\n$__EDBwrapped__$
P	dbms_sql	column_value_rowid	Schema: dbms_sql\nName: column_value_rowid\nResult data type: \nArgument data types: IN c numeric, IN pos numeric, OUT value rowid\nType: proc\nVolatility: volatile\nParallel: unsafe\nOwner: enterprisedb\nSecurity: invoker\nLanguage: edbspl\nSource code:\n$__EDBwrapped__$$PROTOCOL2$\nUTF8\nd3kuawxLOWmotJfKugSCPrNSX9nKuUjTSj+j3QmeTQE3K5RLSdwoJaSNrrHFyfavNErOarYcg2tI\n/XsnG1SQOfFj8g6yHTADkbTD3SFV+6/FHYsZ6UhPkWjLvESbaepmA9kOxB0xFWNpJlabQsAvYzWf\noy7u78pD4sVi3Es58Fto+AmE36BRcyN9pSnEaiC70Y+YH5nfQnpCspPc\n$__EDBwrapped__$
P	dbms_sql	column_value_rowid	Schema: dbms_sql\nName: column_value_rowid\nResult data type: \nArgument data types: IN c numeric, IN pos numeric, OUT value rowid, OUT column_error numeric\nType: proc\nVolatility: volatile\nParallel: unsafe\nOwner: enterprisedb\nSecurity: invoker\nLanguage: edbspl\nSource code:\n$__EDBwrapped__$$PROTOCOL2$\nUTF8\ndzaEQwq3N8nUmsA0CABjQYsBdWW0pKy0ilfGX8DU2cTCuAywncFuzgjo3hV65Unpx3worMprrWFo\nVfszxufgsdzbbTueLlvEAphBZ1nNnSc3UXSdv7PVPsZqIUf3QYOP6xs6TV0kTWKcWdRMnZSsP2iK\nCtcmpUM3IokHzIJ9yeIDQKhpnEYtxw3SPVpkjRgH9JUdMohOnO3Rus7TLpfYGtivoTiwW40lSg==\n$__EDBwrapped__$
P	dbms_sql	column_value_rowid	Schema: dbms_sql\nName: column_value_rowid\nResult data type: \nArgument data types: IN c numeric, IN pos numeric, OUT value rowid, OUT actual_length integer\nType: proc\nVolatility: volatile\nParallel: unsafe\nOwner: enterprisedb\nSecurity: invoker\nLanguage: edbspl\nSource code:\n$__EDBwrapped__$$PROTOCOL2$\nUTF8\nd2rMuPHn2zxC+u/+vuz9KnMPnOcAWVIEFt5swMv9LNLa2acUQgMS67a2Wr8a/xEbaTq8XPMhvFCv\ndL6vqqfZoKIi5AU7yPapMjCTVuIDgK2RjSD1aMxEaHWE8RRdt0KXcqG/hWWNE/gXRer3qzdt0CAv\nr6yzI46sje85HpTw+nCYR4Jr4uTJp3vdaXR30ijf+Ogu11UPaZHfDy6vrRpfx6t9wH42eu1JBKQQ\nF43o3g==\n$__EDBwrapped__$
P	dbms_sql	column_value_rowid	Schema: dbms_sql\nName: column_value_rowid\nResult data type: \nArgument data types: IN c numeric, IN pos numeric, OUT value rowid, OUT column_error numeric, OUT actual_length integer\nType: proc\nVolatility: volatile\nParallel: unsafe\nOwner: enterprisedb\nSecurity: invoker\nLanguage: edbspl\nSource code:\n$__EDBwrapped__$$PROTOCOL2$\nUTF8\nd1EqNFvBUvUBv9XsBdlslYk08EzSBvSvg6thwiCaEUD2FQji2Bz5pKqELGcF+LWgJmgJtAfeALMH\nRSh97PfROpuRR+t2sNgCeQnxnf7H3isO6K4vduSaAj2jz8CX+eK3QCCNFgLjlr7TNU/q//uPgVW6\nUXKBQIzKTJ6eL95YgRMADMKp5qLKl0QiB94gb4SRqQCPQSfO8sJIJ3BVGVj2gCVaY/ekt/uW4y5G\nCbcgfq/KrBKDOEHiGKOOD7s=\n$__EDBwrapped__$
P	dbms_sql	column_value	Schema: dbms_sql\nName: column_value\nResult data type: \nArgument data types: IN c numeric, IN pos numeric, OUT value integer, OUT column_error numeric\nType: proc\nVolatility: volatile\nParallel: unsafe\nOwner: enterprisedb\nSecurity: invoker\nLanguage: edbspl\nSource code:\n$__EDBwrapped__$$PROTOCOL2$\nUTF8\nd9mluaHdov4LIroAMQl+pz0cmXwfBlDZk+jVFF1JjottUzRz0fsVkHp5gT9jFfan7y6crptqjHfZ\nXLEppt8+P6TybulK1Bfi5mj4HhiMmgeYM9WWio6WYjIyEnhCdpznaFCCM0ii0IWqfde/+7vsXWi8\nvYD4ai9dxuWvMiJA10eESizPE5Ac1JKOKzVKS+r1w64LEKEGaVOSTUDFOn/pwZR09U/nwbEuDL4U\nqkiE\n$__EDBwrapped__$
P	dbms_sql	column_value	Schema: dbms_sql\nName: column_value\nResult data type: \nArgument data types: IN c numeric, IN pos numeric, OUT value integer, OUT actual_length integer\nType: proc\nVolatility: volatile\nParallel: unsafe\nOwner: enterprisedb\nSecurity: invoker\nLanguage: edbspl\nSource code:\n$__EDBwrapped__$$PROTOCOL2$\nUTF8\nd3cIlacA8Idx1YcOUAAbx/D7Cnut2yi6+/8+z3CT6WzS95CIgvVvR+lrq2qFycDJqX/ErVgb39Oa\nlYDxu+FaU8u2SijBB1wNQ9hMNL63UkqAdIc266EZFuV2vmaJXHSxrNmpaFgm/aLCYS49/S4wy84u\nqJjbFaLuwfspivdQMpi7ruPxd4tB348HsLy3HX39vKTTdgNDwuykpuliS4Y3YGqWKXxWFs9s+0Wq\noHQCbGPn97mM\n$__EDBwrapped__$
P	dbms_sql	column_value	Schema: dbms_sql\nName: column_value\nResult data type: \nArgument data types: IN c numeric, IN pos numeric, OUT value integer, OUT column_error numeric, OUT actual_length integer\nType: proc\nVolatility: volatile\nParallel: unsafe\nOwner: enterprisedb\nSecurity: invoker\nLanguage: edbspl\nSource code:\n$__EDBwrapped__$$PROTOCOL2$\nUTF8\nd3yBU8rN1dyaslOoGzaue0uvZYdGGIxgL4CvLo/0n/sAG4A1MxY/eb38JLX2d86lunXN7pUEISAc\n/ZJc0Bah63devbkSRPQF6qo77YJYak1lJs5N0GIn043mASJnGXPxRcIH0HRibCTfb52eVHMw6dU4\nhVH050SLAALHSFC/LW+ECNw+roFGWs/y8p8Xx1SVn9Cyg1cxQ/E6C27AK/IpZmQX+9SCpB7BCcjw\n27rJ1WhgTHQ1kmb2Uj0/jv81QQA29w==\n$__EDBwrapped__$
P	dbms_sql	column_value	Schema: dbms_sql\nName: column_value\nResult data type: \nArgument data types: IN c numeric, IN pos numeric, OUT value text\nType: proc\nVolatility: volatile\nParallel: unsafe\nOwner: enterprisedb\nSecurity: invoker\nLanguage: edbspl\nSource code:\n$__EDBwrapped__$$PROTOCOL2$\nUTF8\ndyiLyKiBB53VpF0iUVbHKmIq+huG4kf73h1I69aLLLruDyqZLtLEZB6Czh96pjjzpkSpiDw6/KDF\nydeSWIslnKZ5rfkslP8rSkb2Zx5T+HOIT7l4YL4j+x15K0hYQMUq7ajuxUs9EHEHDo6RDywIb8NZ\nlJ9kqaeLOqRX3fQjQrzI514S0iPOCmct8SfKQ02XqEg0UOgtLVVrh6Q=\n$__EDBwrapped__$
P	dbms_sql	column_value	Schema: dbms_sql\nName: column_value\nResult data type: \nArgument data types: IN c numeric, IN pos numeric, OUT value text, OUT column_error numeric\nType: proc\nVolatility: volatile\nParallel: unsafe\nOwner: enterprisedb\nSecurity: invoker\nLanguage: edbspl\nSource code:\n$__EDBwrapped__$$PROTOCOL2$\nUTF8\nd+pDuZQrU7UCys8Y4VqQF+zkE5BohG86OtRmvDiGrWyUxh50fHjGVvNsBkHe8+wqRXyXK7sa+yN6\n9VK7S4Mdr8VeHU/WnG+GNuOSQPVqJ4KCXt15j2q+k4CUnqHbNSQ6pq3G8Vm5osLz7sJ+ZaJhWOSm\nAfQpFRL9eTnfZ8Mumlj8/+I/9Y0VD/8+NxoatJSb0I5znVMvD5TE1M9QrA7sNqzzKTjmlvDC\n$__EDBwrapped__$
P	dbms_sql	column_value	Schema: dbms_sql\nName: column_value\nResult data type: \nArgument data types: IN c numeric, IN pos numeric, OUT value text, OUT actual_length integer\nType: proc\nVolatility: volatile\nParallel: unsafe\nOwner: enterprisedb\nSecurity: invoker\nLanguage: edbspl\nSource code:\n$__EDBwrapped__$$PROTOCOL2$\nUTF8\ndylnMO4UZUnn0Fk2d1sF78O7zQ6t0ESbg71xpDHOkNskqGrLwP1ooj/vzmRtpiep7f9bjwg3S1h+\nbAKGHurgsQar3DzNBtKl3B2MjzrYcKTVRMyzxz+GPU7apvgk22TH1nnVe1U0TOJY2usve3B/pUtj\nLcfY/rGU2HKNwgBvRfmosenVhUrodAh9emoXy5nty7HAx9OnLeS9Igb0nydmFnEZArXx5g10WUZ7\nVjQz\n$__EDBwrapped__$
P	dbms_sql	column_value	Schema: dbms_sql\nName: column_value\nResult data type: \nArgument data types: IN c numeric, IN pos numeric, OUT value text, OUT column_error numeric, OUT actual_length integer\nType: proc\nVolatility: volatile\nParallel: unsafe\nOwner: enterprisedb\nSecurity: invoker\nLanguage: edbspl\nSource code:\n$__EDBwrapped__$$PROTOCOL2$\nUTF8\ndyKE7wleGqbTAlbsMc4CFcMuNWRuGqq0HVXFBEfNkfPpU4o7nA4Ge9WwtKcvwn1px/KaiSN/2Bpl\nCn4T7ZOFkoQT9HNCnyq1RfnZkDwy2o2pn9OywRFfGOfb1k3L/DSePnNNuxuukL1m8g9u1gpSy6jD\noK3oje6DSD77SprdoFzBHRAlnegajQLLPU8qyfm4lH3GuBGjRXaHTF6JYQhiEkzGOxv6wmuITrX5\nVwh7mkewqdYO02CdydL6je8i\n$__EDBwrapped__$
P	dbms_sql	column_value_char	Schema: dbms_sql\nName: column_value_char\nResult data type: \nArgument data types: IN c numeric, IN pos numeric, OUT value character\nType: proc\nVolatility: volatile\nParallel: unsafe\nOwner: enterprisedb\nSecurity: invoker\nLanguage: edbspl\nSource code:\n$__EDBwrapped__$$PROTOCOL2$\nUTF8\nd4TAhQZfxO+MLthWAtpFYiuf/bRRqKk0LYIDyEUodW8xQfTqk15K/YePgnmEMc6wHe1pDstBQjzc\nOZtjYOPpvMWiEmGlUpcgSKVPh0R/+sIb1FGWTfAqtQ8naPDVqA4z7fcyCWGZiBCoCy50Q1a+vo32\nei59yP4AO6yYNziQuqlWHexhfZ1+45O0L2V532NEvSSbxFY3ZPxPBvU=\n$__EDBwrapped__$
P	dbms_sql	column_value_char	Schema: dbms_sql\nName: column_value_char\nResult data type: \nArgument data types: IN c numeric, IN pos numeric, OUT value character, OUT column_error numeric\nType: proc\nVolatility: volatile\nParallel: unsafe\nOwner: enterprisedb\nSecurity: invoker\nLanguage: edbspl\nSource code:\n$__EDBwrapped__$$PROTOCOL2$\nUTF8\nd8qb979a5ebaQDOeV7n3n851CY/00j/MwZIxbe2tlXyQE/EIs+/6COoxQpSSVBXFct96WejF11rv\n+bIEJejLnc8/aO6foJi+PN2f0olRjDQ7YlsQ+auLYpeLhwAzAgqpCbau+HkUtkVr51ljOl7SMy44\n6Ceabg4KhwSjRaLJ+MCcJlfh5K7WBQZyaDD8cDvq5wfU53r3fbUtLp09fxfnIqeAD76aSKy/\n$__EDBwrapped__$
P	dbms_sql	column_value_char	Schema: dbms_sql\nName: column_value_char\nResult data type: \nArgument data types: IN c numeric, IN pos numeric, OUT value character, OUT actual_length integer\nType: proc\nVolatility: volatile\nParallel: unsafe\nOwner: enterprisedb\nSecurity: invoker\nLanguage: edbspl\nSource code:\n$__EDBwrapped__$$PROTOCOL2$\nUTF8\nd1ulWfmJc9Oz3Nw35umZYzLE4hOZBnQ7loyeNlhvEC7fhpMPvOaBozJL7DuFj1V2gPQn7cayHiIX\nfY9lJtLz+sWV8MTcKMjHDGXUlIwBjAPKmU3vePgpejNMzbCsCIe/DAytktsNYGrcwKv+GhNqFCas\np7uPnlt3C+yK+fcsFcPcX9lRMkIMCDz2OIR117Zr4F/ueMY9T86aJInxbi9Fm6W1cwiaoK1L3/IM\np62fSw==\n$__EDBwrapped__$
P	dbms_sql	column_value_char	Schema: dbms_sql\nName: column_value_char\nResult data type: \nArgument data types: IN c numeric, IN pos numeric, OUT value character, OUT column_error numeric, OUT actual_length integer\nType: proc\nVolatility: volatile\nParallel: unsafe\nOwner: enterprisedb\nSecurity: invoker\nLanguage: edbspl\nSource code:\n$__EDBwrapped__$$PROTOCOL2$\nUTF8\nd4iih1TX2EWQFHkzIMqTBownV6aGcJbaIVTP/uLAJ2fOpW1j129eeAQ0eKZ/ojYQlrCEWXbhQCUf\n4qff18IC9JoG06fV6UHhq0ISYSf5Mp9NdKqtdH3kwkWGPgTskbq6fj6I2RAmAwQyVReBHqQ/FZqZ\nCyyqCK4j7CGpZvysHetoVSwyvGTHqXmcANW0V+mIKg71KQYjg9zMRHOpoNhJi36BKgj2UJngY/GF\n3IKuJ8yPynKEZn93rGYEww==\n$__EDBwrapped__$
P	dbms_sql	column_value	Schema: dbms_sql\nName: column_value\nResult data type: \nArgument data types: IN c numeric, IN pos numeric, OUT value numeric\nType: proc\nVolatility: volatile\nParallel: unsafe\nOwner: enterprisedb\nSecurity: invoker\nLanguage: edbspl\nSource code:\n$__EDBwrapped__$$PROTOCOL2$\nUTF8\nd9rX7Yc39tvIxhTJ8QJRP+63weXM9sPhOjRHmHDvNimhBklZ/FjAoIYdj69bv6ggYNYOmtk08Bx2\nZNtLoX8S2P1oemrT8ZZX5IE4HTIkCv2y2b0vQi9onrZ3K+aMmzNxjNA1CKLeQLAY2nqJmkcubFIm\nZD0wOFvOJLlkX78Vw/jeiLA/EEUoCue/4PwFYBWhVPUoD72gTN8UrC8+LA==\n$__EDBwrapped__$
P	dbms_sql	column_value	Schema: dbms_sql\nName: column_value\nResult data type: \nArgument data types: IN c numeric, IN pos numeric, OUT value numeric, OUT column_error numeric\nType: proc\nVolatility: volatile\nParallel: unsafe\nOwner: enterprisedb\nSecurity: invoker\nLanguage: edbspl\nSource code:\n$__EDBwrapped__$$PROTOCOL2$\nUTF8\nd0g3iskxVug+idrV9CaAeyT6u2FZiNUe0lRfgecJ6ZpKoRiGuWGe2dO2bcydZqUJf7Rlm0gf8I8a\n05jUOf1ewtzyRLOEbD4Fo7aUm7DLjqDtIMuyNnJDmjfXlT0ve3/M4adXLwQau3rO1S69QZucdx0D\nCGhPQZDsuYuk6mWzmuscJkOenkTZLSpkPwVb3xj8BLpJa6kw3wOT0ls5oxL4PU0vRUzSZlaXxSKJ\nvC31\n$__EDBwrapped__$
P	dbms_sql	column_value	Schema: dbms_sql\nName: column_value\nResult data type: \nArgument data types: IN c numeric, IN pos numeric, OUT value numeric, OUT column_error numeric, OUT actual_length integer\nType: proc\nVolatility: volatile\nParallel: unsafe\nOwner: enterprisedb\nSecurity: invoker\nLanguage: edbspl\nSource code:\n$__EDBwrapped__$$PROTOCOL2$\nUTF8\ndxamBZUaJ3FlOyEKm82kNA/SLzZR6ExXk0C/qLutjeYMEEAvUCfP2T58TVB5ihaQEW9QyYsDs0nZ\nfj80vFrslnp+Cd5v/rWXDCuuWAtXfbmDUQspeKxvQtqRQ53OCaz2lftFdM7T3tbRTatbswOYTDC0\nCiflcrKZfVg6Emf55RohfblSbLvphwUnOp7DpUZUb5XPzXvVNxKKgtZuzuePL+D/4BjvDQGC07XE\nL/kns3e+3k7KlWfikaB2yPmSDtaB7fA=\n$__EDBwrapped__$
P	dbms_sql	column_value	Schema: dbms_sql\nName: column_value\nResult data type: \nArgument data types: IN c numeric, IN pos numeric, OUT value numeric, OUT actual_length integer\nType: proc\nVolatility: volatile\nParallel: unsafe\nOwner: enterprisedb\nSecurity: invoker\nLanguage: edbspl\nSource code:\n$__EDBwrapped__$$PROTOCOL2$\nUTF8\nd0TB4odXysnYcCj+rasaJe39gMsg5xOl5OdmjTxqqP8NO0z8VSPf3SSjjACjCeqZAv6VptWi1d3F\nYXyqUbBASwboDI+OqTYHmo2cobX0j3kzEQIXNE9UlNXiHwleK4Bfe3pMHrIqiwQXJOsqDgBfuXup\ndEMUg0RXasE7YuKLEJrsBh/sPN19Z2SEMKEBpNZhLg9KBUUFFfP9zmUi3L3J8D8OeFMnIgvsi9js\nkTUwxJfN\n$__EDBwrapped__$
P	dbms_sql	column_value	Schema: dbms_sql\nName: column_value\nResult data type: \nArgument data types: IN c numeric, IN pos numeric, INOUT value dbms_sql.number_table\nType: proc\nVolatility: volatile\nParallel: unsafe\nOwner: enterprisedb\nSecurity: invoker\nLanguage: edbspl\nSource code:\n$__EDBwrapped__$$PROTOCOL2$\nUTF8\nd+7SnB7wD5ySeUWgosQbIqoB72/ZbaxO+pL5824VgNcRyvKA+frheRktqcy/KWrg/673F/lq8Twk\nOl2s6AAIoaiAH8i/U515cIGhJQ/JxSnPNolFZS796vnquk4RD7P6KZVzMrUcSUK9oBE59S4RC4bA\n+5f1voSksOoUctH8lrTmAhDcV/itbG8QFqmZi/pivWYYYtBDIg65JrjwWGH1pBbM6ptvJpd+95jd\nACrrRXaokDiNTuAyMpQhGw+7aIOOD7kT/pZTs0bCUbY+9IG7CHXcWdiDGR6p9TxeqJL6BB3It8OD\ntF3cmaHhEFWrm5fm7dnK8A+7AW1v16hlqk7gxQFCAbE7pOUafFrTXb/t8sOP7kwGUpSzmh8KksPQ\nsqfoHk2qoS6I0DeKAc6hnVha7LcbrlYFIZShcTgWq6+Ux5HCGAfyBA==\n$__EDBwrapped__$
P	dbms_sql	column_value	Schema: dbms_sql\nName: column_value\nResult data type: \nArgument data types: IN c numeric, IN pos numeric, INOUT value dbms_sql.integer_table\nType: proc\nVolatility: volatile\nParallel: unsafe\nOwner: enterprisedb\nSecurity: invoker\nLanguage: edbspl\nSource code:\n$__EDBwrapped__$$PROTOCOL2$\nUTF8\nd6/EDR33VhByT9yvuxxWVnyJnSKjud3AOh87Q8U7R0Vs3CbdN2SOeqe9KoQPsnSWqfpeKAiwMrt2\naM880AE2Mxf0/VqkEOaIC6i2TenJTZN8ojR2AVe6Vaf/GnyD3Dyx9DVNpuz3534lwpo0zlIl5H4z\nnB+WtxUDxMeW7JmtMH6gPB07XQ7lkQDVlf7J60gc6c2oby+nhwXdWK8uyPiYt7Xr+oyh7IgJNsxX\nZZG20IM5X9OonocvK+XIycDSk04BTh7KKilpuqMHaUWPmJhgwObDdbXicIpxBoqV1ZXQHH5CWE/l\nvN4hm8W8uEvaNDaT1GsRVFE/aW5yQ/pkMo4QLgWE3plsFDRFDHhh33dWUt/WKC+Mq6E9u5g0ns4b\nuiT4zTWLC6/u9oEnQGaecddKcjofkkMAcYiO8MP2KQmgKT1r9Fy1Ycngv4i60Kk=\n$__EDBwrapped__$
P	dbms_sql	column_value	Schema: dbms_sql\nName: column_value\nResult data type: \nArgument data types: IN c numeric, IN pos numeric, OUT value double precision, OUT column_error numeric, OUT actual_length integer\nType: proc\nVolatility: volatile\nParallel: unsafe\nOwner: enterprisedb\nSecurity: invoker\nLanguage: edbspl\nSource code:\n$__EDBwrapped__$$PROTOCOL2$\nUTF8\nd8VA2MaSyFUMti0d4gg5slBRhqcT8lCId8OWVjMLW3YFyK2/okATf19nNW4uH3xkNFEr2pFcLlsa\nrIUGAlpRIIHYfw78HRbnmoqyq8FuYe1jaUpQGTDEPadqLcJqeF2SGRS4RcyshnrIYTwqqtoGyU3X\nPRANH7y/nbljWnhNAacLyEgZvUXPL8L+uGTk6e2RQujg5r3JU/ptcGVnBuhTG8b33Lrp9PLl3IXw\nAmUWBMNWOC9sn90BlXkDh6XBMxPfuA==\n$__EDBwrapped__$
P	dbms_sql	column_value	Schema: dbms_sql\nName: column_value\nResult data type: \nArgument data types: IN c numeric, IN pos numeric, INOUT value dbms_sql.text_table\nType: proc\nVolatility: volatile\nParallel: unsafe\nOwner: enterprisedb\nSecurity: invoker\nLanguage: edbspl\nSource code:\n$__EDBwrapped__$$PROTOCOL2$\nUTF8\nd/Fulp9wdu8CeMjf60/W23jSESvxmpfKfKyyo6axD2P6EdqhvTFKVKB6uPp1aFkEFEFwd1dNbE/5\nyeaROZBx+7JeLnpRZk2X/Ll3UH8Hi66HGQudqWYoy+UEVbPGaT3FP+vIBdpJgR8rOw1EAPxDDjtT\ndCICQVvET5jfcAcc2TGcunQ6/F8Z+5tpeV7+nitK7Jejs/GmNJcEcIXlWxE1qR26uxpSn9XkQY+3\nKVOwxKJHMzv2fAUpRWOhn8elndu2E1yzKo5Jb9vrCia7zrHrUetl8mtL0u7ZrTGfhgdjOH8zFxBV\nyISQnKZU8mt+R8cEgays3AKbeguv8XFJYdGOS50Z1M7OP0Ik+ujTuNbowUV/nnpDZVZclSkiN+CE\n6tIA0WoHM+uUrlrqURAq3V4sw0QdV++GglJO0tqLrETP1Hh0N19SYUpC\n$__EDBwrapped__$
P	dbms_sql	column_value	Schema: dbms_sql\nName: column_value\nResult data type: \nArgument data types: IN c numeric, IN pos numeric, INOUT value dbms_sql.varchar2_table\nType: proc\nVolatility: volatile\nParallel: unsafe\nOwner: enterprisedb\nSecurity: invoker\nLanguage: edbspl\nSource code:\n$__EDBwrapped__$$PROTOCOL2$\nUTF8\nd4XMXj1nkXZls5RDW3VkMK8rY0N8LRsz344pHd9CLjlpEjAJSQgYlJMVUeKluCp4kiSSCqXa9i09\nCNWjc1THDZqujqMhmgomMFmdRE05DM2RQhrDZx8V2VSd9lOPOBLf3XYZGKkwfzd8fMLHCtYWIIFF\n6+Dnu8fDUZ5Wwol9RZeQ6B/14gKi0lqypHIxFsFoEM94S1wqEXmHl5lEiY4azbGMwg38tmB58Z8T\nR0AaDqmS8oU8yP/LzFtqIgJEXOwIGXsn3DwolNEjpqrmO7YFm3lZD4SA09v/N6lqa8gETNpcoWlj\nk4ch2/lRXbo4yOg6klNqdW8dPw8VGXryqmpOMtjAfysRfjRZPSgxQ7yvWX9lU42pvsPHifkc06ME\nbzAPu7LLvYfsf/wo1Ym5lIawdt/L8vOuGu24/AME/cTRp8Y+95sTMGbp9oJvYIgnIhM=\n$__EDBwrapped__$
P	dbms_sql	column_value	Schema: dbms_sql\nName: column_value\nResult data type: \nArgument data types: IN c numeric, IN pos numeric, INOUT value dbms_sql.timestamp_table\nType: proc\nVolatility: volatile\nParallel: unsafe\nOwner: enterprisedb\nSecurity: invoker\nLanguage: edbspl\nSource code:\n$__EDBwrapped__$$PROTOCOL2$\nUTF8\nd882KTd+jCbfgFdarL+NTg+p/WsNT0NZyvFtQXo5JYQgvXOGa8SF8ydow2oXOA5go8XpVun43rqQ\nTC3gx48SdqpZE+xyNgAFTZ41anVb21WYnCDRVQKeFEeMb8cYje3wt+5HPCI4CKQ+XW9Ahqr3gI9n\n0cBpKnqz3Krn6iPmwMb9awxvcF7r/rXUCG1NmLXSuPWvw4XYFGeBOZrrKAfhjFgF0dOqjFKA4TUo\nsPfV1RSiYkauecIx/S1ZdQEHf03MPX+c5hpIIcUZGWuBqEW95YHsdt1bAk6umPlVAgdovMBc987A\nlMpz/jHfB4aGLLPR4qrPTfev91eHKw5HM9fjM7jzC6/qkrg9rKhRUW6vJxbFD/JEbQJqxeGugt2j\nqjGq0fytVd0fj6v6LK7VRUE55Rbm4aHTkBo4RAIdRonU7buK3qLEVkSSzw3jI3Bu3Q8=\n$__EDBwrapped__$
P	dbms_sql	column_value	Schema: dbms_sql\nName: column_value\nResult data type: \nArgument data types: IN c numeric, IN pos numeric, INOUT value dbms_sql.float_table\nType: proc\nVolatility: volatile\nParallel: unsafe\nOwner: enterprisedb\nSecurity: invoker\nLanguage: edbspl\nSource code:\n$__EDBwrapped__$$PROTOCOL2$\nUTF8\nd4M4ElYCRBAiOctUFh5yhJMdXBzjpKsrtNm/FeBRTDDci4MKUkuDc0edL3HCgrVsG3V2HPXTOCRv\nft8velHeRVp7PZguf92BSeuu+In/ezj5qJMtgyu7vdB9unbX3GBwwC61MKoMkq90KMvwXji9gakP\nhuKV8yJcZS+wElbQVSiXVr0fWOf9RnwWSj1n9pRRyLBDpYEDkH1czRy0Wj77K6oKSTkYw+M0pXMm\nsX+VJX/SZtvvLhDSTugHp0gbMspMWSKf1L3ifwvILKutBU5Q/LS90P1rhC3hhLVxoU/uYt+MMLtK\nadv0S4kfi6auGaIiYAhqqa6sxujH9xjRGkY6elP3aXilN2BvNcIty54NDl0ABu8M3+vmd4x4FT+f\nknGyvYRkinxSvQKDby6XOZHIOs/jdZ03Qi9TAz0aJRzsHFodZEvD1N1eyfVT\n$__EDBwrapped__$
P	dbms_sql	column_value	Schema: dbms_sql\nName: column_value\nResult data type: \nArgument data types: IN c numeric, IN pos numeric, INOUT value dbms_sql.blob_table\nType: proc\nVolatility: volatile\nParallel: unsafe\nOwner: enterprisedb\nSecurity: invoker\nLanguage: edbspl\nSource code:\n$__EDBwrapped__$$PROTOCOL2$\nUTF8\ndzY65Flm8w3EGdYE/zmw3N2Ze4oBRRVY4rX1FWiuClPnV7xsmWcd3U1eSq7GKL/DJU1QLQtHECkE\nSN3HBFclDwJeftoV0aNXjOzm5Z65gwqD8dMLdoCbwsb++hFFtFRAqk389IAPXRtcUhTaUd5u4c8V\nYwmg2RUc/kITNRR7aeKHO05R+03ap4A1ZU0G91+corGzYRiMoRLvB9saimoYlmFH6xGIl5BO55Mj\nPIQ6F9vKtIz97HRQQVtLewJlQ8BMuzT+D6PQjU4jZJcOjfRcpCUg/38jxAA/Iko54HnsGX1D3JQ8\nfNowq1fjFecoAHEoQtL2pM1KFHu3r4KbF1eDoILYIarwd5djXAqRFU8SArD6eRtNobsdknLa7ICP\nEkC+v+SrGeGJBXUHDfuVNWcltjh3XLnAN1CxC8HF5V2KpZZil3Z1x42Qcw==\n$__EDBwrapped__$
P	dbms_sql	column_value	Schema: dbms_sql\nName: column_value\nResult data type: \nArgument data types: IN c numeric, IN pos numeric, INOUT value dbms_sql.clob_table\nType: proc\nVolatility: volatile\nParallel: unsafe\nOwner: enterprisedb\nSecurity: invoker\nLanguage: edbspl\nSource code:\n$__EDBwrapped__$$PROTOCOL2$\nUTF8\nd8gLynLnxVpMkS08wZMP8hk6b976/FuwS3aSdFOoZOWDY/oP1vq8uf3yzyo1eREJZ4fQ0sViag+U\nxYWxphjLYqSal6dOUXmi6x6ZrDzKAUPZGAplARY9BMfEedBgUdmTSebKxxXbid/Mqk4AyvZSiwiM\nHroyX5n6tkbBH3gIYA7nhfGWsVpvA0PRl7h7HXbVP2uMBZ4LConsD2XhBnQ12V3UZx9uOT5PNwxI\nayPW6b4xSDqbITFA42vwgTrSxNMLXkqpb6eirLqe3995ldMdEr6sJNMuwGSGXw4UMP0ALKsohAto\nWFRLhU8GbhBK1NLHdr/Cd7qk8dlYmyvG21vz/BwnzvlsVLZQ1xzo7C6FGqH/TGWIPwkKYnq31sOh\ntqPAagUnQbl9tI+cR4m/88m/QwnXfpMJojOD12NblG/dRg4o+Tkf8oyiHkA=\n$__EDBwrapped__$
P	dbms_sql	column_value	Schema: dbms_sql\nName: column_value\nResult data type: \nArgument data types: IN c numeric, IN pos numeric, INOUT value dbms_sql.char_table\nType: proc\nVolatility: volatile\nParallel: unsafe\nOwner: enterprisedb\nSecurity: invoker\nLanguage: edbspl\nSource code:\n$__EDBwrapped__$$PROTOCOL2$\nUTF8\nd/zl6PDn87GuwCaHBnV+VjVyrGZt5IzAhbv39VxI6wftWCzaGqQO94eSRuCkbqh9Xb5W4tGi+YkI\np19Z9rvu7KKw7T5gkcU72gAv7Wc8l2GM/6MY1CWDnnHPEubRsK/pCwlY9/ALQo4KnKhtuhkhyBtQ\nTdeiA38dmsiU30S2/BR2mCQ17GMxijdXECoqBiD57h+UN02+sqxCUqZ3c583NE2F/w3oCG4T7phO\ngLuFQUrXc5jGMgIu5gjiopPEGkQ9D+wekXvMlgTiFLvkiEJ8ZP2Mm5e0XK7HDtggXJBIVz0olsoG\nLpO1ZbrKnuS2S+mVFZx18fQsXKH/As7EMoOgBVDJH6IHjQnkvxvd0JIAHfhiZedWYWlAkBWMpeyH\nYcjCqLvGU9Gzi6IL8ryVOd5Q+Q8yQHciEHPvQFosLny6tBrAeWLCqdk6rA==\n$__EDBwrapped__$
P	dbms_sql	column_value	Schema: dbms_sql\nName: column_value\nResult data type: \nArgument data types: IN c numeric, IN pos numeric, INOUT value dbms_sql.rowid_table\nType: proc\nVolatility: volatile\nParallel: unsafe\nOwner: enterprisedb\nSecurity: invoker\nLanguage: edbspl\nSource code:\n$__EDBwrapped__$$PROTOCOL2$\nUTF8\nd9MYrTxR7c1g604HPOE6pNvuVZFUiqvrls29FygLcQZAShEm+mnHuONBkAIVQeq9x6E3F1RFslXQ\nCP2geho8gLvqLBFa7QE0xxvfqsosknoU8vD9jVWfPKMNJW36GqSlv8OzmuxJE3kuMblVn0pzmVfT\nK+yVzQROztvUNjn8Wf0U/1m5+Z8rlisQOFVWPmlau5NnJPn+ybtPi2vrB3P+1CeIZFzszylQ//Vt\nW69xii3Hrez8WdZlWGTm66ibtmiKQvgi8dHQXFo40ngiz4EdPo2qjaQcTlrujhGiCECc05dH2DjD\nEh7/epHYsCwFPsOXGkyMSAvLyYPxqnePPhBIxFh8weAsfsJfvfmhqYSkHQkGCurAlYzfSq4mK3eg\ny9WK1Az0Evb7SSwvJWvJQ/YzRukFygmAVKbaSMwVEaQH89uzlHmyKppxPKBriw==\n$__EDBwrapped__$
P	dbms_sql	column_value	Schema: dbms_sql\nName: column_value\nResult data type: \nArgument data types: IN c numeric, IN pos numeric, OUT value double precision\nType: proc\nVolatility: volatile\nParallel: unsafe\nOwner: enterprisedb\nSecurity: invoker\nLanguage: edbspl\nSource code:\n$__EDBwrapped__$$PROTOCOL2$\nUTF8\nd218c99srdgNKqKQy9uK8AwxDVwt8ylym8CpGpNxzzqrf8kEmd/k1a1WnIDRcsNIW6BPxjSaZKaG\nKtnqEBATGXAdV0njaaUA2r8R07L6qsOds8cpiHZe3PEkDBdqg7AQNDb5WjWbgu0E+8tbtAjZqt8v\nq8fRzbQPcJMiCCICuCZaukd1oJpdyJ8DyDqYtgqOZP87NzVj6Xn36dzP\n$__EDBwrapped__$
P	dbms_sql	column_value	Schema: dbms_sql\nName: column_value\nResult data type: \nArgument data types: IN c numeric, IN pos numeric, OUT value double precision, OUT column_error numeric\nType: proc\nVolatility: volatile\nParallel: unsafe\nOwner: enterprisedb\nSecurity: invoker\nLanguage: edbspl\nSource code:\n$__EDBwrapped__$$PROTOCOL2$\nUTF8\nd2M4zTvHI0oguZeDlCNg00HAvpDhPAyG3iDBudxYI9dvD+ClTaNEJB+N4Xur3eXOVt5Bu/0sCWOu\ntl7+c2ZEU7pt9y7o+3+09SJ0Mj0MasI50nQcwUk1lM4JY9Zeqjn2dQ8/tmoPb/ikhYgkgK5KrwoA\n5dnKm7nZ5sTXMkiiaYMMyCor+hFXCSZ72/uTjk84NCQvmhxmOOSqsltAEpuxj7MdEFy32eL0HY9Y\no4Y=\n$__EDBwrapped__$
F	dbms_sql	last_error_position	Schema: dbms_sql\nName: last_error_position\nResult data type: integer\nArgument data types: \nType: func\nVolatility: volatile\nParallel: unsafe\nOwner: enterprisedb\nSecurity: invoker\nLanguage: edbspl\nSource code:\n$__EDBwrapped__$$PROTOCOL2$\nUTF8\nd2/lVuZrcZN59uYTpCHPlzZTliOzHhphmjJGWQH9GeDCmT4QBenbKv8kaI/zkfPBEh6ndY8oYWah\n01KNX6uzHDg4uUSvNm9ISQCC3b+RriK0z8GHCdp0+3jUMrzyG7eAJ5QuzJ7gbVi6nPJsVcj1mnAM\nIw7J3enyP9RDb4A=\n$__EDBwrapped__$
P	dbms_sql	column_value	Schema: dbms_sql\nName: column_value\nResult data type: \nArgument data types: IN c numeric, IN pos numeric, OUT value timestamp without time zone\nType: proc\nVolatility: volatile\nParallel: unsafe\nOwner: enterprisedb\nSecurity: invoker\nLanguage: edbspl\nSource code:\n$__EDBwrapped__$$PROTOCOL2$\nUTF8\nd3wM4HlE623aR0HyuuFublks6vU4gUEUSxuD4p9SoxGG28AVA/6NiOA8KH5XQmkut3T1y2uJyyVB\nU5sgxspMlQ5W+F8VmrTQ5CKLza2ll8zeqzYCeGXuGhvyc7KRf5RT7gi6OEV64zSvsNP0LUvDlYgz\nSDADm1MHXELQUbPs9lnZZEpAt7+9ErMw932nfZ1XnOmvExdJUAhS7g2wS9uJMw==\n$__EDBwrapped__$
P	dbms_sql	column_value	Schema: dbms_sql\nName: column_value\nResult data type: \nArgument data types: IN c numeric, IN pos numeric, OUT value timestamp without time zone, OUT column_error numeric\nType: proc\nVolatility: volatile\nParallel: unsafe\nOwner: enterprisedb\nSecurity: invoker\nLanguage: edbspl\nSource code:\n$__EDBwrapped__$$PROTOCOL2$\nUTF8\nd7heF0GW3OLX2sQX3mvNRTkx7LSfsUR9dVczrsNfuqCdz1uoHGYsSi9f9UJvWC6nNAQ0h/dHP3FW\nwsjoEBlz2Q6UfPyFUyC40mWBd89d8MiiUpQb/vZcP0il7rKYM3Etgro6VTvmapYwPn1vDGZK/2qY\nK7idBWV2X2svcbF6bEW46dJPabpbFfoDL/nIt0SmYIQ9ehbkSXSigU8K44Uw51YXt7K+X+2k+FKd\nVkq4naY=\n$__EDBwrapped__$
P	dbms_sql	column_value	Schema: dbms_sql\nName: column_value\nResult data type: \nArgument data types: IN c numeric, IN pos numeric, OUT value timestamp without time zone, OUT column_error numeric, OUT actual_length integer\nType: proc\nVolatility: volatile\nParallel: unsafe\nOwner: enterprisedb\nSecurity: invoker\nLanguage: edbspl\nSource code:\n$__EDBwrapped__$$PROTOCOL2$\nUTF8\ndypr1srM/HGxJK8ljl39p76bU8/FmwfoMAsjlTHNaoNWMwWJxfKc4S1dsUYMW+EIEt3WzK9Ta95o\n5oKcOC4v6ANkNHguVjuhFF5BOF/FTip4Oyx4ytixwWmUGdpklC5pEQj4IZDLHRftVDGhdwAqM/FX\n9HsP/ALaXtkayJKxscKfvuXgn/zkTQ4j6vnHxznsgbWurRG6BC192cUu40UgWC3HwMfbae4LOlFW\nD+LXj7+gIduPTgrYUhvORf2JG9Nu8G1/uSGa\n$__EDBwrapped__$
P	dbms_sql	column_value	Schema: dbms_sql\nName: column_value\nResult data type: \nArgument data types: IN c numeric, IN pos numeric, OUT value timestamp without time zone, OUT actual_length integer\nType: proc\nVolatility: volatile\nParallel: unsafe\nOwner: enterprisedb\nSecurity: invoker\nLanguage: edbspl\nSource code:\n$__EDBwrapped__$$PROTOCOL2$\nUTF8\nd6a/sXZrXfG7NQpuN4xulwycUy/B+bz1suZ44NrNH6np6JCuq9bOEHOelvCBk1BoMCXzLdD1Ftwg\nmenNm8DKHlWp+6+K+8B5tsG433vY7ouxUSnihI381/3aA+E9UJMQPFkPQhJ4u2VmG2S/C2I8i3v6\nxIYM/N3ZpCxBSAwGCYEnYb+Wqud1zrKkcLiQEJm74t6YJZvhv/ud/3fz8jQ1J6gMIROcQPnK8BLT\neO5Wd2YK6hU=\n$__EDBwrapped__$
P	dbms_sql	column_value	Schema: dbms_sql\nName: column_value\nResult data type: \nArgument data types: IN c numeric, IN pos numeric, OUT value bytea\nType: proc\nVolatility: volatile\nParallel: unsafe\nOwner: enterprisedb\nSecurity: invoker\nLanguage: edbspl\nSource code:\n$__EDBwrapped__$$PROTOCOL2$\nUTF8\nd0Gib5NEazas9iRJQbO34M+ScQz5nuu93K2wV6MRWwOlFiM6VRSC+IS+k9BlfqQZrw+fPS7nG34Z\nNL1fB5JRFjCwOpTFuNLQbCZ5VF/d8bQI8irvUqPT4YgkRz/TqL+QWscwAKNNtEQFGBNgoo8r5E3H\nJRLQ7qR7Mu4tyYp2Dtb4S4wOpkJoEuAx1nDWvjKlnqDPhUEsL3UvJAA=\n$__EDBwrapped__$
P	dbms_sql	column_value	Schema: dbms_sql\nName: column_value\nResult data type: \nArgument data types: IN c numeric, IN pos numeric, OUT value bytea, OUT column_error numeric\nType: proc\nVolatility: volatile\nParallel: unsafe\nOwner: enterprisedb\nSecurity: invoker\nLanguage: edbspl\nSource code:\n$__EDBwrapped__$$PROTOCOL2$\nUTF8\nd1uHEqX/sfstBJPgzdy2LUxgO7pw1M0jR5ykPYFFkNteMqUYqtDOcy9UVSZnsdn0aUHssllNWSUd\n/W982Zk2lD7hmyeUB56LtowP50o3IzoEqwaaFa2ztEEpIkrc4yaFUMBmhgV22mCk3mbFERzeH50g\n4HpSB1QtCssTn117eYF1N3gU/EXXDQhGB4/UM5ogd4zC4900BChsy9s51jjJWcKIpNfCXtiV\n$__EDBwrapped__$
P	dbms_sql	column_value	Schema: dbms_sql\nName: column_value\nResult data type: \nArgument data types: IN c numeric, IN pos numeric, OUT value bytea, OUT actual_length integer\nType: proc\nVolatility: volatile\nParallel: unsafe\nOwner: enterprisedb\nSecurity: invoker\nLanguage: edbspl\nSource code:\n$__EDBwrapped__$$PROTOCOL2$\nUTF8\nd/SLtkQiGZQTQRVFyGbsYEsio22wt0Q0SPd8+KWSiPiLqnnC5Fm8yQ1pLqaxJu8LD0jqw4uEqvGT\nmUMfsM1q2JqNakbJqsvrKwxShYHl+T9+0A0YkCrv1+aDAP9Ud1+zalpVFhGJDQ5Ef+tyy3CeOmy0\na23heive2AWw74SC5zbBVx2J/KpnZ0f0T2CWgN8HX8w9NnX1okmsJCNO2XGttbj4NKDgS9MG7Ch7\nXkhh\n$__EDBwrapped__$
P	dbms_sql	column_value	Schema: dbms_sql\nName: column_value\nResult data type: \nArgument data types: IN c numeric, IN pos numeric, OUT value bytea, OUT column_error numeric, OUT actual_length integer\nType: proc\nVolatility: volatile\nParallel: unsafe\nOwner: enterprisedb\nSecurity: invoker\nLanguage: edbspl\nSource code:\n$__EDBwrapped__$$PROTOCOL2$\nUTF8\nd++TcBEIsD0ITQmNgjcLFs33odc0uLmVveYFMLxSvo3nTtIyC0zwCQ5Qd8gV5YW3NquwfF4whS82\nwLtAHloTM6zGyh7fjk4PzBkY9qflj80cLhzkDJjNlcxKaWmLOI95E+17ZxaQXNXI/87sthQRVQyY\nn5zIt0RzCKvBi2ekEUivW44yJa4Z+I39Rp2TaSDcPiU9sFoF4BC+ZinWdHSP5XQRu+qzYFcTTcCP\nwliPS3MrATOy9PDPcW89klg3\n$__EDBwrapped__$
P	dbms_sql	column_value	Schema: dbms_sql\nName: column_value\nResult data type: \nArgument data types: IN c numeric, IN pos numeric, OUT value clob\nType: proc\nVolatility: volatile\nParallel: unsafe\nOwner: enterprisedb\nSecurity: invoker\nLanguage: edbspl\nSource code:\n$__EDBwrapped__$$PROTOCOL2$\nUTF8\nd3HKFKht/w2m7MuRl7beBNS+c5ml9I2QxXPlKzCsaSA2hPGzoxBLKJoEwP5OdFAGe6RQOTz3sv07\nG019utUfQuO6uZobSdy8CTcZYG1X7n6wpccd1zhsbP+jQT8duP/mTM37JngKPjHULWhUxfcaJBTp\nxGfBtf/2LUVlgDHoaJZ1r8UdUE51Caxx5KD1MUN2iwKsqa+ohApibvw=\n$__EDBwrapped__$
P	dbms_sql	column_value	Schema: dbms_sql\nName: column_value\nResult data type: \nArgument data types: IN c numeric, IN pos numeric, OUT value clob, OUT column_error numeric\nType: proc\nVolatility: volatile\nParallel: unsafe\nOwner: enterprisedb\nSecurity: invoker\nLanguage: edbspl\nSource code:\n$__EDBwrapped__$$PROTOCOL2$\nUTF8\ndyi4Pk8B0/GtvMbmoKYOiH3/QZUhuhyFnuzaJplxVSwqYRVpTqel2qoXnnqHOtMoRJpG8zdJqV6E\nHRLbypwAB+cr3o3lPdN1mEBm7rNGmbPKAuXUA6lH4ZBcc0bMqYoNvWHwNRNWWyUJElGpCSzmhhm9\nHxPtdCBbrblHXda/w/XlH3GMZujrljRpHSRYC//WMeyoRYWDJreK57CKBmUec9K1i+gxnVPA\n$__EDBwrapped__$
P	dbms_sql	column_value	Schema: dbms_sql\nName: column_value\nResult data type: \nArgument data types: IN c numeric, IN pos numeric, OUT value clob, OUT actual_length integer\nType: proc\nVolatility: volatile\nParallel: unsafe\nOwner: enterprisedb\nSecurity: invoker\nLanguage: edbspl\nSource code:\n$__EDBwrapped__$$PROTOCOL2$\nUTF8\ndxDPpWJah4KCS+HprnZxHsiDTtsJ6Gl+wgXPYdLwRo4KC74Sj0wNmg8rMGi6uzLbmFLKJsZ6YHdB\nR7ga9ClEJV8GMeP5WsMjCUH8zjuZ4DNTW5cXPNnKCDvtuY9JuUNXNyuZtUGF7qcfsGipV+gWFZWo\nDSP4jzIv75GMkDJmChBttvUZWetKk/bIFP7sd0ZtooH/FefdlDJuZE9K/YklviyLSHnUdsc6Xdup\n0Tk9\n$__EDBwrapped__$
P	dbms_sql	column_value	Schema: dbms_sql\nName: column_value\nResult data type: \nArgument data types: IN c numeric, IN pos numeric, OUT value clob, OUT column_error numeric, OUT actual_length integer\nType: proc\nVolatility: volatile\nParallel: unsafe\nOwner: enterprisedb\nSecurity: invoker\nLanguage: edbspl\nSource code:\n$__EDBwrapped__$$PROTOCOL2$\nUTF8\ndyXds65B/27Tpln4qXAwcE9sCnjoziJbhzlBHqrZT3fILvTfSYk/9/ZTE4nAMap5yJVH6RPYzY0c\nVs7PxxWRutQtz4VGhNuRAh8QB7eggh8FsdtxVIwtNSf24wE6YknooAUfFJaKh+VZXwjiMn9r8HU5\npxcyJEvZ/m3EG+sQ5fc7cegpdPYVPOdbiSjV18LrxgWYRNirsj+Q5qc7pRz3h+ifc/g2hoqwx0jh\n5y4fQ/QJRKic6sp2PeUVa9Et\n$__EDBwrapped__$
P	dbms_sql	column_value_raw	Schema: dbms_sql\nName: column_value_raw\nResult data type: \nArgument data types: IN c numeric, IN pos numeric, OUT value bytea\nType: proc\nVolatility: volatile\nParallel: unsafe\nOwner: enterprisedb\nSecurity: invoker\nLanguage: edbspl\nSource code:\n$__EDBwrapped__$$PROTOCOL2$\nUTF8\nd0Gib5NEazas9iRJQbO34M+ScQz5nuu93K2wV6MRWwOlFiM6VRSC+IS+k9BlfqQZrw+fPS7nG34Z\nNL1fB5JRFjCwOpTFuNLQbCZ5VF/d8bQI8irvUqPT4YgkRz/TqL+QWscwAKNNtEQFGBNgoo8r5E3H\nJRLQ7qR7Mu4tyYp2Dtb4S4wOpkJoEuAx1nDWvjKlnqDPhUEsL3UvJAA=\n$__EDBwrapped__$
P	dbms_sql	column_value_raw	Schema: dbms_sql\nName: column_value_raw\nResult data type: \nArgument data types: IN c numeric, IN pos numeric, OUT value bytea, OUT column_error numeric\nType: proc\nVolatility: volatile\nParallel: unsafe\nOwner: enterprisedb\nSecurity: invoker\nLanguage: edbspl\nSource code:\n$__EDBwrapped__$$PROTOCOL2$\nUTF8\nd1uHEqX/sfstBJPgzdy2LUxgO7pw1M0jR5ykPYFFkNteMqUYqtDOcy9UVSZnsdn0aUHssllNWSUd\n/W982Zk2lD7hmyeUB56LtowP50o3IzoEqwaaFa2ztEEpIkrc4yaFUMBmhgV22mCk3mbFERzeH50g\n4HpSB1QtCssTn117eYF1N3gU/EXXDQhGB4/UM5ogd4zC4900BChsy9s51jjJWcKIpNfCXtiV\n$__EDBwrapped__$
P	dbms_sql	column_value_raw	Schema: dbms_sql\nName: column_value_raw\nResult data type: \nArgument data types: IN c numeric, IN pos numeric, OUT value bytea, OUT actual_length integer\nType: proc\nVolatility: volatile\nParallel: unsafe\nOwner: enterprisedb\nSecurity: invoker\nLanguage: edbspl\nSource code:\n$__EDBwrapped__$$PROTOCOL2$\nUTF8\nd/SLtkQiGZQTQRVFyGbsYEsio22wt0Q0SPd8+KWSiPiLqnnC5Fm8yQ1pLqaxJu8LD0jqw4uEqvGT\nmUMfsM1q2JqNakbJqsvrKwxShYHl+T9+0A0YkCrv1+aDAP9Ud1+zalpVFhGJDQ5Ef+tyy3CeOmy0\na23heive2AWw74SC5zbBVx2J/KpnZ0f0T2CWgN8HX8w9NnX1okmsJCNO2XGttbj4NKDgS9MG7Ch7\nXkhh\n$__EDBwrapped__$
P	dbms_sql	column_value_raw	Schema: dbms_sql\nName: column_value_raw\nResult data type: \nArgument data types: IN c numeric, IN pos numeric, OUT value bytea, OUT column_error numeric, OUT actual_length integer\nType: proc\nVolatility: volatile\nParallel: unsafe\nOwner: enterprisedb\nSecurity: invoker\nLanguage: edbspl\nSource code:\n$__EDBwrapped__$$PROTOCOL2$\nUTF8\nd++TcBEIsD0ITQmNgjcLFs33odc0uLmVveYFMLxSvo3nTtIyC0zwCQ5Qd8gV5YW3NquwfF4whS82\nwLtAHloTM6zGyh7fjk4PzBkY9qflj80cLhzkDJjNlcxKaWmLOI95E+17ZxaQXNXI/87sthQRVQyY\nn5zIt0RzCKvBi2ekEUivW44yJa4Z+I39Rp2TaSDcPiU9sFoF4BC+ZinWdHSP5XQRu+qzYFcTTcCP\nwliPS3MrATOy9PDPcW89klg3\n$__EDBwrapped__$
P	dbms_sql	column_value_long	Schema: dbms_sql\nName: column_value_long\nResult data type: \nArgument data types: IN c numeric, IN pos numeric, IN length numeric, IN start_pos numeric, OUT value character varying, OUT value_length integer\nType: proc\nVolatility: volatile\nParallel: unsafe\nOwner: enterprisedb\nSecurity: invoker\nLanguage: edbspl\nSource code:\n$__EDBwrapped__$$PROTOCOL2$\nUTF8\nd2B80OlLz8zQ7nHVzAUluC91S5fL6oHqYV8qomP6wh+S/rlZd3B4gULRePUYnhxroM7KsvdfZFjx\nGkXz/nRTH7CPw6H6ggIASkypV1AWVrxLMqQ0dDG3vejjeSib5/tAO31fKLuZgLL939GPE5j5OYmR\nYp5Gmrk6Oaztu/XbDhJr3yoeMA5Ri9T3Kjl79OsGgn4Ia/JpHePB9HgpkqL+yp+QkDfFHOLZL2w3\nRdRziAxtLhElnsrj\n$__EDBwrapped__$
F	dbms_sql	execute	Schema: dbms_sql\nName: execute\nResult data type: integer\nArgument data types: c numeric\nType: func\nVolatility: volatile\nParallel: unsafe\nOwner: enterprisedb\nSecurity: invoker\nLanguage: edbspl\nSource code:\n$__EDBwrapped__$$PROTOCOL2$\nUTF8\nd6dvczZRa9qNXkBqwF7sbZ0v4w3s8VWGfPvs/KItqVaF6+5pdJzxV8tnQimK9jq6UgUbZm/HSlkP\nfVkbH3ci3+Ak6IwVGSyQmIV98cqZ+/f+rolDgx0ctttfilSeL2RRm7U6XHD/NlmfMMGY5XhVdg==\n$__EDBwrapped__$
F	dbms_sql	last_row_count	Schema: dbms_sql\nName: last_row_count\nResult data type: integer\nArgument data types: \nType: func\nVolatility: volatile\nParallel: unsafe\nOwner: enterprisedb\nSecurity: invoker\nLanguage: edbspl\nSource code:\n$__EDBwrapped__$$PROTOCOL2$\nUTF8\nd72+yQhxT+h4OwuCJWt+tT458xHi7N2T/a+aTD70oK+ZHmQZg7Kiy59Lwj1srIMlnPNRYKgPDbcH\njxqg8E+l2hITMWwvpGBZxroCQ1TaetbsV9wvaoVuyXmgPWhKT7zqVcXt1MwL/Zu0Wly8nUdzJoSr\n8LaW9IHO\n$__EDBwrapped__$
F	dbms_sql	fetch_rows	Schema: dbms_sql\nName: fetch_rows\nResult data type: integer\nArgument data types: c numeric\nType: func\nVolatility: volatile\nParallel: unsafe\nOwner: enterprisedb\nSecurity: invoker\nLanguage: edbspl\nSource code:\n$__EDBwrapped__$$PROTOCOL2$\nUTF8\nd1biLSD+8YFFQF+fi8kYyt14MGhAK7X7IhoF5UxOQGz26CaZSqcDLN4/vX0eq96fw3e5JzQGHHGE\nmHRyMzAow+pLQ49/+jy3i94Gdf4kq907q+JEi3/zynqZSTL56X4vxezCtNlEDHF/XsfQzR5y+xGK\nZw==\n$__EDBwrapped__$
F	dbms_sql	execute_and_fetch	Schema: dbms_sql\nName: execute_and_fetch\nResult data type: integer\nArgument data types: c numeric, exact boolean DEFAULT false\nType: func\nVolatility: volatile\nParallel: unsafe\nOwner: enterprisedb\nSecurity: invoker\nLanguage: edbspl\nSource code:\n$__EDBwrapped__$$PROTOCOL2$\nUTF8\ndz2XpKw8OYlcN3bd7R4w+KujYHlf2eW83e65cFFSLiZUit2CZYLlIsHFK7LEwyOWAxKvxofwLFzv\njD4tBvMeONhFYbfmOA/TE0/D1AJ8exvbghGEtQxYDHt7mbYjsyGUgK2UM0qChYQL8UOf9/96ZRIP\nVAwDTqaXCCu/gyT+9ER1\n$__EDBwrapped__$
P	dbms_sql	close_cursor	Schema: dbms_sql\nName: close_cursor\nResult data type: \nArgument data types: INOUT c numeric\nType: proc\nVolatility: volatile\nParallel: unsafe\nOwner: enterprisedb\nSecurity: invoker\nLanguage: edbspl\nSource code:\n$__EDBwrapped__$$PROTOCOL2$\nUTF8\nd40cC5CtBaxKa1aK+BS0gxFEaKWB9OalyLdHqh9I88Lmq88oxOJi2+h4CmyS3B039Q9X0SAdC+u/\nYrTsZHom95Y/3qkzZ6UgRsM3cdShGDM3tJAXPEkzsETUfMN3vR3Jz5xxfr+rA32iMkI0YnWbrT54\nUqTDYC8oamImEuhJOS8=\n$__EDBwrapped__$
P	dbms_sql	describe_columns	Schema: dbms_sql\nName: describe_columns\nResult data type: \nArgument data types: IN c numeric, OUT col_cnt numeric, OUT desc_t dbms_sql.desc_tab\nType: proc\nVolatility: volatile\nParallel: unsafe\nOwner: enterprisedb\nSecurity: invoker\nLanguage: edbspl\nSource code:\n$__EDBwrapped__$$PROTOCOL2$\nUTF8\nd2M3kwGDk9nbBQUkiEespJ96Zd0KAqtw45jKk2V+4KplQJWwgSW4q7s/DgThbqDdxMIjND8wXo98\neVH2KJT6dfw6p/EYH5icgy5muUNyYfib/6xqvGBV0rBC+HLiPZUdMvLtiUcCvY4aT7cMsqc1Bny0\n1M0RMV/1qkvi4fea/Hnd6jj5UfjCVxSwg47r2rSz31O52V06yg9aljElhkjiuST1CS9j1cKsCKoV\nbtplUQA933qXIG805v+Lx2qvDzerKPnH7Qp5TSBhx1n/u8nBoK0ESkVNPbw/dA6x19MNyCumyyxm\nJR32+QwnelpBTNmnbOA1Xs39dWLT7WJ3VKXnIX5XMiWq8zHd6clUSY4wotsoXZAtAjZd\n$__EDBwrapped__$
P	dbms_sql	describe_columns2	Schema: dbms_sql\nName: describe_columns2\nResult data type: \nArgument data types: IN c numeric, OUT col_cnt numeric, OUT desc_t dbms_sql.desc_tab2\nType: proc\nVolatility: volatile\nParallel: unsafe\nOwner: enterprisedb\nSecurity: invoker\nLanguage: edbspl\nSource code:\n$__EDBwrapped__$$PROTOCOL2$\nUTF8\nd2M3kwGDk9nbBQUkiEespJ96Zd0KAqtw45jKk2V+4KplQJWwgSW4q7s/DgThbqDdxMIjND8wXo98\neVH2KJT6dfw6p/EYH5icgy5muUNyYfib/6xqvGBV0rBC+HLiPZUdMvLtiUcCvY4aT7cMsqc1Bny0\n1M0RMV/1qkvi4fea/Hnd6jj5UfjCVxSwg47r2rSz31O52V06yg9aljElhkjiuST1CS9j1cKsCKoV\nbtplUQA933qXIG805v+Lx2qvDzerKPnH7Qp5TSBhx1n/u8nBoK0ESkVNPbw/dA6x19MNyCumyyxm\nJR32+QwnelpBTNmnbOA1Xs39dWLT7WJ3VKXnIX5XMiWq8zHd6clUSY4wotsoXZAtAjZd\n$__EDBwrapped__$
P	dbms_sql	describe_columns3	Schema: dbms_sql\nName: describe_columns3\nResult data type: \nArgument data types: IN c numeric, OUT col_cnt numeric, OUT desc_t dbms_sql.desc_tab3\nType: proc\nVolatility: volatile\nParallel: unsafe\nOwner: enterprisedb\nSecurity: invoker\nLanguage: edbspl\nSource code:\n$__EDBwrapped__$$PROTOCOL2$\nUTF8\nd+QeF6Q5Szz4N38JuWs2Ye5GrQJhD3fORZC3r2MOta5NNLHdrdQxTD/3LXgZqSE2d7yFZaIodmyi\n8/dk2IDf4u3hcFzwcw/I9vuwCBGfgfa2P1HOcyrlxsEAINe12VtbTI7jcyLFO2/lbB3seIJQ3Ffr\nyR7F2n/j2vCMD5f/Ua8Xc/D3DvSOneen4SvmmPydIvoWDhgf0iya223TvccfxLzg2CF1/EVxyMaO\n1XSK5ijrUOoTlBhWZX7D+1CCmgAuYI+Qq0wwV4HDus0ZUW0R6Jo4vQ4SF2CgE26CK4muvLT3UdRy\nAxGrJB3zyPiXM4HsKVLVzMThxUUZuHD2liVhbkxJXUu0AMsR1aIOQk1MBlaifs3BaGpMgg==\n$__EDBwrapped__$
P	dbms_utility	gettoken	Schema: dbms_utility\nName: gettoken\nResult data type: \nArgument data types: IN source character varying, INOUT pos integer, OUT token character varying, OUT tokentype smallint, OUT delimiter smallint, IN eatspaces boolean, OUT quotedtoken character varying\nType: proc\nVolatility: volatile\nParallel: unsafe\nOwner: enterprisedb\nSecurity: invoker\nLanguage: edbspl\nSource code:\n$__EDBwrapped__$$PROTOCOL2$\nUTF8\ndzm3tj/wnXEGr2h/1qj5xzjtEgwX1aWdXq+K4bTg8UxrCwgum6DOhEihvl7hlIyDNyMTfjFrjxRv\nVac9oShFTyM2a1tb854cPHRjy9O99eQ7qLqKboS2AzFrrVV1ywM7rAJhwYI7XiCjJOBM+RCFOlbv\n1uGliWFoPmgFxD9DO88uBH3YlrFO/NSh1a7U0ma1HER3Oe/3645+PtJL5JqlKlOE9b03SxudXWAj\nd1bPrQIEAb6vZfj/J4We40IQPhgyaIfzPSYjwf3gAUjsKLm6vpFXqT8EO2nvb0HeHDYV+yE5WYMO\nhiixcOhgkIMyyDjG/r9gQgrceJy60vAzPI7PDju7Czu1PDD6BjEHmNSQCVKuOamZHJ0Bmis+oFAt\n75wZnUS9U2V/OSyC7+P7AjX4R/dFbM7er3Vn5U9BHv2N2oxalP4mhIaC0OKDRU8jTcL1JPdB6Qxu\nzzYoO7I6SqXF91H6+okVAaWyJ8BPgUKJpCQFY5xPPexoDJeY/WiFF20CODF25qX+3SAQL/3ZpgNa\nCJy11S/JFeB3qyRSrcIRyU3nv66+07fl9933wKnHa8VW5WeqYSdTvKWuCtlxciODw5YgpZtQRCU7\nWiCC/upqN341XwcX2nPwNnTcVUFZ/foExrpmWkBpEsmFsGomr/nlPmX9XvhPxVDTdy6mOXcUDkQi\nJZXKgsCM90zA5Peow4qTYwDee8F9nlC1J2oIrYgVCVa6odIlGHXzatrmAy0waZ+WMVT2L4yQRV4X\nWWlWGaoI6wjOyu3IX+SReku3N2lMhOqDPdOaTi7xlPFIbLxZiBppBVBAFRYfJIQwX5s0PbBxKmr4\n2BGKO5fEq1ne+ttnSpVScacUn9C2h2ogNnLEuldsG09m+w47I7k009Q2aHJpkjXxppAsAp3SGPu6\n9SyoTmuQVn3TuY8gLlIJbcyRwKytpk9keG25eyotA2a4Z5IyyBFIw0iDAhHma/4VL/cYV017ZyLp\naURMzWIqSd+5LEH4xxZmwqq53A5vOOkF1UzMXgPPJbb5bU/z7duaPui5KR2MRkPgHuI21HD+Fxv2\n0CNER6aRE4vyKWm5fuQ/9K9f9juXyzb7IjLqp9G95QON5ALmMrSBIgfLqfeiVEbp0/ypVYaz1vdG\nXR1AE9uCu5QEp28Jmx4rkce5p0gF4XjVO6LjjMABI2sf66s+HyIXrwxQi0yPEcSQhTRZGmXpEPZo\nOpMsPYF/aCiyCKdoRY/1nqLxVqhwuhpdHJtq9FGlH8evLL6quVF8WmnQSNUqPQez90iAEnXeb8Kh\nPteAMj1f0WAjxGFlMTOKd4tbUbA4Yrt8h+kDrJX9we5fQjqZvJzELBJh81vBZS2O+wFQYUMV0Wp/\nRptJoxJDUODuTqjwhzSFOpWcXhRgkSmsgGYShv8mrxd3AkZZUydftCZemYU9yqvg+jhxoC26NYcT\nTpGtVXeHjSvQI0zCRZLdrl2NBKp1kGySAAI3YJGIpitWpTUtyPeHVhmHe8DpKgpEk7H2n/Cvx+sw\nykmlpQbrFKUyxAWuDCr3NR1A+S2bpBphBvXk1VJD5VP/l0M+dGFx9wU0HCGtsGCgiI/e9vAFE2qp\nIF7dmTcyIWncSMXsvDP3Hdi8TiHBtF7Lyz3lT+Pir+gxBTTuPvzASbpU3u2mDgQ0U4fkeASh33LX\nBwSWRxBu7RhgiWRSQANMwdvs3f5AJ5j49BGWpvGwJyKE7v9VWDhDSrEhl4UcezUVrWxL14rcbZRh\nmJaoK9WDL2VMCZtvXbYRcKjpKc6L+BgM+JGN+TNlME/CfNNvY41n1jZ2ADLvRjCM3NMyuvtnwR8D\nlK7RGe65pqctP9cOr03uwkWVY0d6CPkOvAZo6JoqWavvxoHIVgDrSOSHaSS13HR00BTj20p/\n$__EDBwrapped__$
F	dbms_utility	format_call_stack	Schema: dbms_utility\nName: format_call_stack\nResult data type: text\nArgument data types: \nType: func\nVolatility: volatile\nParallel: unsafe\nOwner: enterprisedb\nSecurity: invoker\nLanguage: edbspl\nSource code:\n$__EDBwrapped__$$PROTOCOL2$\nUTF8\nd3aAs3ATymV2Gl4PdHQ5ZG45y7zrUQqx2wiUkzrLo5FmdRtvfTZy/LBZJH1YkViP/6T7THz6aVS9\nZBQy50oI2HRPaDixGgArWscVtlx0kTtNCrXSh3j8Yz/ZyRNUEGw4Qwl9NutpZrSfXeDJ0zhJRI1t\nMUku6y/KYOLWhqk=\n$__EDBwrapped__$
P	dbms_utility	appendtostring	Schema: dbms_utility\nName: appendtostring\nResult data type: \nArgument data types: INOUT source character varying, IN stringval character varying\nType: proc\nVolatility: volatile\nParallel: unsafe\nOwner: enterprisedb\nSecurity: invoker\nLanguage: edbspl\nSource code:\n$__EDBwrapped__$$PROTOCOL2$\nUTF8\nd5dqLAZQWEYHOws840vDT7H5l2d6r0p3mQ7/DwuyT22DYPt5F0fZ4S88j2cwNdT1VLOzKoAJe+OF\nU4p+FSTxCbeKQKSL3wCtWZQ/XVXi2GwcBjBGMQ41E5uD9Er0UFvQZ3SqFxcFFnXrBekZ4cfzrDYY\nuhhMp6EJN9fxx9VNRYLczO3q6RUMiqQtpY8InhqMkICD9ofxZkBS8W6GOcg0\n$__EDBwrapped__$
P	dbms_utility	showerror	Schema: dbms_utility\nName: showerror\nResult data type: \nArgument data types: IN objname character varying, IN errtext character varying\nType: proc\nVolatility: volatile\nParallel: unsafe\nOwner: enterprisedb\nSecurity: invoker\nLanguage: edbspl\nSource code:\n$__EDBwrapped__$$PROTOCOL2$\nUTF8\nd+/la1tXC6BzMK/H5qmXkU5XMBzOlaYEIQopdRV3iEq/twtKyxt4bNPaw/ovLG7WlEzjIhNHaeAY\ndTcPXnat6+H1+GiABgynNYtY4TUtBYxgvdw50E+Vspn/rRt72dbylurEJE2oacV5Gg+oq49LArpK\nltE4uWhNRTpP2JQa+pwTiciqLXs3704C1UfDQr3he/tN4oJIiEBdxKLDIUGi\n$__EDBwrapped__$
P	dbms_utility	showerror	Schema: dbms_utility\nName: showerror\nResult data type: \nArgument data types: IN errtext character varying\nType: proc\nVolatility: volatile\nParallel: unsafe\nOwner: enterprisedb\nSecurity: invoker\nLanguage: edbspl\nSource code:\n$__EDBwrapped__$$PROTOCOL2$\nUTF8\nd7rl54Peaw1JQjmfNhoRLzNeMe7vtkiODj0ICCRJYgCdbVwp4CEG4Yo+1lU/pnHZHFhLVJGO8iVb\nbcYcY9fLgxJqej2noRlkcCvJYWFqz1ym2iDrSl25bmni+FrlRjvwaYT7eDEc+PkbZpEErwkLC10N\n+IYAuLiQvxIsBZKy55gsYK2JUUkdqs3ywgvONAej\n$__EDBwrapped__$
P	dbms_utility	getoid	Schema: dbms_utility\nName: getoid\nResult data type: \nArgument data types: IN objtype character varying, INOUT schname character varying, INOUT objname character varying, OUT classid oid, OUT objid oid\nType: proc\nVolatility: volatile\nParallel: unsafe\nOwner: enterprisedb\nSecurity: invoker\nLanguage: edbspl\nSource code:\n$__EDBwrapped__$$PROTOCOL2$\nUTF8\ndwK3df5E9IEgPWPaeVKpe9yJH+LSsGoSsB7/q3VhBJkasNokcH14gMHhPFiRMnT519IpkPgaVhkW\nJZkgznYR/G1Yo3cqyo9eyTtYU07kFIcftBN/8g0cC6NgchTBXxGr3yj/k2JEp16IjT/RLedQSvuF\nQtdyG0CtLOqkhzBWdTm+PultWGWvHq6qWfde4SdOnRee7vAngx3qx4lqsM1QGa5fscq9QtUrQJf3\nq5LTAuxzmwK8oVIjpm40VNZMxf+Cb4FxKLtUaVIcAf4jzJwOD9nPjYetYzDqEB5Crss78ehVuPK/\nhktlOXgURKu9Abj5mx3sQtlrDm58KoXOnoXdElMZPMYD+wiPYQ34J22CYIvbFtZ/buMKA6L7jSBr\neM8p/5EjBULykm6pUTsuPJ4C30oGoj5qylwS0hc+cRGHW33JxV8UMPbFbCaygUQaGZJK+tGso8fy\nCAMdRj5Tv7k4NntpTHHyzF2m1/oYXOpEs+HRkpd/yVh80T8jB0+1wZwW3orKXiU6IZfu+KRD1qCR\nmOUfHoOzY6ImD/BqxvyxliffCAOjZ9sHbK/M4ZiMDGAv++Fe6sx+l2FfbbY3zOb976PhSqD/JCNH\nUZmZNEngcjgw+ziNvIc6CWkkQ73SNoZhUiolKd/coQYBAl2L4oPpvVzDxMjsTIPYJWtMmddIMwzd\nU3/sxxuznu8ZsDKBf4cH7U0InpOJ26ubf/WN2ajngpo5tGOjc2vg6p/d97ePMwb21KK50DMDs9hj\nx0RuWh2VDqxouK4FsFKFP2f5qE6lGWQ/ppRcTENM8RHNADwkoxKZzRP1UUZHP8tjEhSyoOnH7stL\nGP6TE5P8GF2jz8+VpOfiSDBfYL7mzANrNKdmUKez9BgHbEgGmDbAdcDUcNuppvTXpITLIB84kYDi\nA6+thr0+fxW8E3dMUWoXuer/QR/4hSBtVu8pxHtrnBEz3FIxomtyKHGXDJ1IE/g1szvPz6BmDm3y\n9EJCdc1ON0JWRI2Ep5JlPptyfmlHNBGWcyahTbidPofG9OynfPIYSZLJZ1WCRghOQk1QgfMV5EYD\n8b5O6krnJqaRdFx4DKWfPW5uxA6F24ULksenS+EUwY5cMeE7PPh7LGrNofe1fujPEjjvX0OHMxlH\nNhDLmuB7A3WlfXVlujuw+FWQZyGERQcgV5X0jBC82/WY3bmhZlwCgUXLJ/WHOt/F7lEm98EvEf3/\noBDvHX2Qrd7yJk6VBV0eXyC064YQ6nk8ba5tv9YbfUdxsdYGtLlcWElgRQ7cPmGR\n$__EDBwrapped__$
P	dbms_utility	getdependency	Schema: dbms_utility\nName: getdependency\nResult data type: \nArgument data types: IN p_classid oid, IN p_refid oid, IN lvl integer, IN traversed text[]\nType: proc\nVolatility: volatile\nParallel: unsafe\nOwner: enterprisedb\nSecurity: invoker\nLanguage: edbspl\nSource code:\n$__EDBwrapped__$$PROTOCOL2$\nUTF8\nd6DAaPBKcu5sIiHg0FmALfNL/Z7ZO9HhNSibUaPDoUXHRcdxG48ebzAx/KOzZvJMhEqDfVouT0gA\nMyeOKy1j1NsSIl3/mLhlyuStBkNm1kGZiNzc3/04MdMYPHptVpPF1186yAuNHqeTQvQl9b7+0WtE\nUiQDhUS+RIClbB3+JBS+ggNUnThVfQhHrKM8Oj6mAD4/Z3KPKJVyK1/chlJJiU2FaxlWQfocCIF1\nekpITyKRBi+bnTgcfcAKV2Dwjzz1mWyFfdsACMZRdIz3j/eiw43PmltuDNfUdeY5OYD/yCdRNhJq\nN/htxUDt39FrgXF+8hVLYmsVSXstyemB9aruI/kqNMFHlX+gmYSWLQ23aqYu6GQLr+Su98jn7QxU\nnOkrPmYmTHBnUxckozyTLQWIVYw9BKvKsa3tCB70gu/RT+r9hieTdI3iSmySr1iNw5ra0Q2p9pDj\nMn6IB4G/nZbO9+MqCbs2o8UZC5twTpkVBgVco/iEZqAvUnOd2YlN8M5M3MmSJ35gxClFV186xkdy\nMZeusQ95Bzy9namxE1SIfCJsWZLCDjdBiW8OTZBi4MtYyrd41GW9Me1mEy4ebuO25ENeXUvrX4bg\nhG6j75xY+UvsGlP39+etw2dsfVpjZuA/oIWfvVNn+eVcJgscFuZ3KLrElROPHpmNubDcmbXAURFd\nJxKVJhN+0hvNuPju7ehtoqcR+pTPEFHD+mg741mmX8quXSFBLmm+TNp7V6Fjx+AMtRIJja/9inOg\nGjp0HQklv/5/vtvM2WMMH45tbGh4MlT+j/kAeijewN8BWKVTSqQS1G6RTJbcwx9wr0czB2EMw9gG\nTlpWVFbZx65ddsiWa205UlYE9tygUYP4bfGg6KuWzxPiZon7qDDWP6bIohC2T7KCAOPpBzmRQ0Z0\niDiWAdAX2QqjZkMtzvMR3z8b9hT5T6YAvj8kKNSUcb8ZoVNu29Yi40VqMgYDYBrTijPsQDPe5hQf\nWm44O0BxkMMw5x87cloOAf2DJds2izjfBb3eoBfAs4EdZjTe2RYVFxJqMltddw2mA62HiOUPHgII\nY8KIuVcPjCBsWZWGfoLYqhHsIC7hyF/d6ejjYaAF+W/epEyUnO96tScwLLi00PoKs3tWAbZQoy5l\nU9jsJkdaCkaWbLy0Uwf3kv3WQpihSwu1dOEu+59ueK3dHtzHRETPeEQpe6qVnQBLRylEkvnFig2b\ncVUhZ8iL/qytVTRkCGBnMPAvuedqQmvfE7VEdhBORASqn44lRKvMahuGn1YUxN+PPZnwUv1sFJSR\nuhWYnLP3GujnkJUvwXZahRXWsHMuPCtuXzR8mLtFqRJNfuhCkmPLm5ncPd3iLuwIHOzAJHHEeQt9\nhWyonG5qX4dpacgBipVZAVwSFIHw7QWZ+cCfiBw/BPtSGDtPC9RxBAWwZ5QlGs6XKfND/NconW/H\nxwRIIstwdSJaQxoKLVrppfcVBYGP0eZMZzYSqIJNprVcCSjes2yVmPlBrlsHwmqYTaTI5wBBPWSK\ndhh5c9y3h5oTq/tvTBNxyfK5FL8HfIOyem8rygUetWxjFTzCgnpbf8+0/GCvKzM9wah0JKxi8hKL\nYkNYDaHe/Iw7aFV6s4biK/xamgcObgqyt8eydOY0M1EZxAla85qWbY9KVeGB4B/ZbpB+Vj8SiSlF\nmNT1BsousRii+wRxnkrxFm7GBFm2oD6ikFd+4R2u1c2Uugx1shB5+xKORnoGVJaw1YFamZgXv972\nOoYAg7Ed2hyzbq8aCUKIn9MQ3pvtwBGY1gUU37qE+5Lmu+p5hv0e0LmfTTMGOXiupQpm+sEgnQ7E\nyETaC3607KNBB3WdBYocycDHsxkRBBSJtcA7Vhu6jPafoRQrYRI+si2crTFhwHZ0sELMBLWdjQSh\nYyMZEN3QXMlJ+dGKNJxObYMYDYd409VB1mV0KrJTeR7xOaqztxNU3xA38ivPRDZ1SDkvIahtIHaV\n5cUApKZeDczd5syr9fGxvbSJKkRGolnXgxmPZQ9dvTaQUQGrIBBP1FndJ5A+nkVZl/pa+T/VJc5h\nmsPwKIFGjWWe2y9KU3MaL6c6BW3j5x6ckWjJzbMa3UyrAVkx4QZ4Jh7BVz2R7T3futwC7Bxzije1\ngm1Rf6lBgHQCBf2Q\n$__EDBwrapped__$
P	dbms_utility	comma_to_table	Schema: dbms_utility\nName: comma_to_table\nResult data type: \nArgument data types: IN list character varying, OUT tablen integer, OUT tab dbms_utility.lname_array\nType: proc\nVolatility: volatile\nParallel: unsafe\nOwner: enterprisedb\nSecurity: invoker\nLanguage: edbspl\nSource code:\n$__EDBwrapped__$$PROTOCOL2$\nUTF8\nd6nBvWYzk7KXBCKLR6qgMwUKZ1ApW1mwngHmsaQhSc93OzQJfGHagW0XHaJzJ36SJIYaoEEH2stO\nbMx+pVUbZ6BFkoCrwrKYXd6z0cmnpTUGdWNMb/unyBfsUntNKdQWcTGdMgCDaXSRghsRbkVTZuq7\n/zMqHFmVjriDieT6fITzaovZDofozPIfPLrpWkZq/4R2N9pcL9wyfcFQbiyHc3BgsqvJ39N94QsK\nSDdLQZZi14HLc0pPK+s4Egg9lzluo4m8ig06eOGZZe8smBhEgJisLDESsse6xwDy3dn7S0/dCMZO\n3ZVdt8EUtyA4IhbFnY94nA3y+qw/nWLypiUnQn1OGFrVHbOFZiNaeyEHRBaSueK+GE2mFPYM87vf\n1YPt/lSypIx3xQizV4smR2i9H7EBlbBjakaidcH13DS1VyyUcih6xYZEuC3qKytDG3ezkxXXUHoN\nn8XiQoczHZE6aVVmcX7Jg1yq5nkgIC/n9CwpCtFOvNTN4coVO4Utk9KUSkkF4NCzOPikXpUqxH0X\neMfkQnCFmG0sexrboxzZijNbuM2MpS9K+78IKJHVzRz6LqIF0UpsUcoV4fBnT2xHb3+qROvIfoen\nuuU63tY/SUgHkGH4Q/kPnfnGVjNbeKY6NPMbpwbtUL6sz3OG6HQhlgUeA/opGbIxC7AbMff9HH8F\njnRw03mL0lDL3s5ctPl/TkHNLnx5eTLKbSXXo1IYM7ztyQMACT+xIPHlEfhe6/BFWiCiPAzFmJDq\nC8BlSWq+9SV79OVPPbiOSmO/wuBHSY5YSPoOFYVx7SZmv3bCDqnUmzJpGuNheo95SHG6zh/hrMtS\nFLTG5cCoa4x5wJfK5NHxyReShFGBu3zXT86U1prDTf0wfByH7K0MFTL1AG46eOqrZglVVR5ava4Q\n9Git9ti5FK3hC6idE2G3It9mNpQn164OKMqokCWzUa3zsg==\n$__EDBwrapped__$
P	dbms_utility	comma_to_table	Schema: dbms_utility\nName: comma_to_table\nResult data type: \nArgument data types: IN list character varying, OUT tablen integer, OUT tab dbms_utility.uncl_array\nType: proc\nVolatility: volatile\nParallel: unsafe\nOwner: enterprisedb\nSecurity: invoker\nLanguage: edbspl\nSource code:\n$__EDBwrapped__$$PROTOCOL2$\nUTF8\nd4HD4ca+PI2adY7dBQrnnHMcT4K4A4O1qQEMRF58JOSFAaL4aOVVq578GwoX9/XzmgG63ygUVbOX\nP+qN2jP1BsQQaeeNOllRIu/uwAljVmRQeQ+4W9RAdH27910TnluyfiOqnL/aN03JT/1tjvocdI0Q\nr8RtLhEJZdLXclxc3pdCWWvzAAzw8TnQ+15gSLTmYhUjhOQYIUYEpVA0lp6aZFqaT+q9T3FoCu9r\nMZBgKN9WffSMaxqDuBsv5/BV1ev/5LmWcu1fT10pDvN+UvuccwmBGCIiciwpykD0cZwbYSoJKaI6\ngJXNgRmVwpHY6aE8CsIsX7uXDi+Q4Y438cAw7J5DZMzH5mFZSJP6cUJdeongX/HJKkkDSEIsFYop\nEtDoctlxSzvuzxAZn/q7h7QiELkDFmyrLrVc9iT1Q5wXtmkvZMXN8S0AcsuAePsfTCWvipSObueU\nUIao26XuuGdlM+4+J0x232XDzlyVP7cLd1LboA3btPvKj3UXUTf2toKDoEQkTJCx+kdcm1hJxu3U\nziA4SAFeziBF5PmuQ4NIOvTxi3R4jnVQrkqDNJk1ImkLLQ5kMkAV1I7wa3gnV/iPqjjXBdfylhZY\nfmoraYPZH292FAPzW7GWLoxZZMrhwK0+ro3ys0hdOOASv6D7AScRD3W+YmKtC96o15uLoXgVtz11\nlEEE37K7+t8cEetRaqzFacsIFruqYRCgM+GE+53lSVLYRZTPUvUGLi35UxorNAp5Aj4tvwy6kgG9\n6FHowXsCTwJxdIMaPCmVnBo989uoCJpT3RBUclBqBEq+woD71aawz3dOhqyKjcFlNK5Y8goxQZs4\nnnbrzk7TTXSMjSoNy+569HppXhvNG6zAYr6i76b1sIvaE3a0EZ1CHJVKdKY03XhsrqfqPUu0UF/f\nZfcpRNQHqwxR+NUf8fj2uVMbMSwC2YnJShvTo2kZtQ==\n$__EDBwrapped__$
P	dbms_utility	table_to_comma	Schema: dbms_utility\nName: table_to_comma\nResult data type: \nArgument data types: IN tab dbms_utility.lname_array, OUT tablen integer, OUT list character varying\nType: proc\nVolatility: volatile\nParallel: unsafe\nOwner: enterprisedb\nSecurity: invoker\nLanguage: edbspl\nSource code:\n$__EDBwrapped__$$PROTOCOL2$\nUTF8\nd/BLPjxG0xSccF13JoStH5Ue8GzXlxsgTe9o+8GE8c690toECY0sAL/IlX2FI6J3lrQbvMTDOfNy\n7nZ0DPmaoqyiHEWDCu3roajCfs9MOnMUJQ8i9LJMnxpdKtdeMVyqhnDK68O8oECVRnanC+/VYoAl\n9gFZhnuhgB35JZ3Kjdp1Gmjm8fYmHRsIO2GpME+Ld5VPyGJYxEUynjSJyqaUh21PfztkXEKhfD9F\nV1KBfr8TD82E14AzZ0DDvL1g/7iHLJvDOtybpjllyjG4ssMCaENRJhPRU9ftC+kurmemA+ZLIuyy\nIQB1ydKs51VcrGQbUKKgVfdOTmN8dnhlOfLe9N+6SBSr+ReMJ6iM7lg363SaMYWt6nh7xKvL+xA=\n$__EDBwrapped__$
P	dbms_utility	table_to_comma	Schema: dbms_utility\nName: table_to_comma\nResult data type: \nArgument data types: IN tab dbms_utility.uncl_array, OUT tablen integer, OUT list character varying\nType: proc\nVolatility: volatile\nParallel: unsafe\nOwner: enterprisedb\nSecurity: invoker\nLanguage: edbspl\nSource code:\n$__EDBwrapped__$$PROTOCOL2$\nUTF8\ndw9Sel9CWalU8Kt2SNarPR+WNXS+oE1cqPcpTMGw/ZQaAmD90E1aBzCSbGflX7bWrBXEyvgujqBJ\nDsPGnxWyoddRhvYfrDZO6MwKcOUd/m1G6JfV2oX1zHt8XQffiG+wnzW+VtIjDkDvFG9GtFdsK1cg\nGawa7AYXgax2s+aJtAzdo+JEqh+sLCMLBRcO23P+7vnk64yL7ko+aKwgDDZcp2v4cQAM09/HFYVm\nq5hrBxWQMmAEABo4KhPGE+tl45chq1tQXjfAM3xBc7KqcuFCqIFiZWRdRx9ht62A5R3E3PvEGGb0\nuLsP/0ufsA3Jnw8zU9+HCQ9JtZuzTKyh2nu+EL9WR0yS1dcNZ4FW4OMtUjoMvB4ExFQn1A==\n$__EDBwrapped__$
P	dbms_utility	canonicalize	Schema: dbms_utility\nName: canonicalize\nResult data type: \nArgument data types: IN name character varying, OUT canon_name character varying, IN canon_len integer\nType: proc\nVolatility: volatile\nParallel: unsafe\nOwner: enterprisedb\nSecurity: invoker\nLanguage: edbspl\nSource code:\n$__EDBwrapped__$$PROTOCOL2$\nUTF8\nd74ceNI36tdRMNVMY/zfK1RH0zvk1YQzRlxqi/wk88OgIuQAwSA1XQTb8KqPhemMmDoLWpze/ZwZ\neO9fzy6tUjbVCDzpkoqeS+DYTLi5geMLGreApL99fiy3Q0RB1pyrWiba1dCc92K8RVUY+v/xPjCF\ncPsoMfsJVZQQHxomAtqwJfGTbReQ49aFwpoxtWgcKaA7WuMkAxjDYL+EXY1hnVrnqckKTiZ6a+rx\nwQ3OCb1QDTcJM19onfsCpUre2DfrCVnoZW2n5viUiZjQXRiLHs/tiA/A+FE8QJBkywL4MVVmX0xd\nWeseM8rKivSHbMJJtiWu5QYZiABZR/nX7Ee/aveMG0dkOzVh+Yz94Ns1svKY21YUhfvEWEH6IJVK\nn+Zk++LmXv2pWk3o7giW+L3LjBgnKMLLA7sEE7dlQMBq91i4dBR9QLdLFchTso0N+kioMY/nQD2R\na5HZKCijgF/G/xKsj7VWCAaJcwoF60hFIcjJGLeB7SvTwKCqbtJuKS1ieXBwRGkvVwtbTqHZQyYO\n7v/xMaHaS53LODNNfMbebBKCeNeGjcl5Rp9aUopqB+lm+mqLonmf6/qdRcqwduWDeWkEBMLnp0lf\nXZ8m+5eYr1t4uC8fBWhrT4leF32hUKNoAxx1QWJBmonIK+yN1Bg1H1sgArKNPxpdYKQr5Fv1iC2X\nG4tdkeI7IrtQrtTyTW6c68WhDKvptrYm8hoj5tyMa8cR4QbLHYE2gyZxUlMt0QJmeguStd9PG6NT\n6JkgQMzP7wcfb6b2P25vgxam6RfMoWCoOFjDaJRCEVBf+1ftaSQ485my4mY27K4g/s2R7mCvPgaC\nVsfPNiVe1SIVzwiquHQIptp33fPWRQZ8ZTU78DwGArHdnUyVQRn1Pq+BbA6+LTsmhYpMFfTSllUF\nkaHErTVb0hC0a+MkgtExvrqKBTHDsD+zWl5O5tFSyS8S/lQfNymFXNdstY9B+t4GQxr1Z2ExKws/\naxYsLjuhxpAkQi3EI7L5bgp5QJuznd63qlgWYfmwoiFyUId3eOtCTuSyIYS9mrRaRu2PwSeNGpVd\n/R3rEsUnU3U3aOaV+OxUxBQUZzvSa7MPPyqUXGK1JLFGD0OgJuTutzZ92FNDSbqo5hvyi7G0xqZG\nFU2yl7JBrm7NfPYvnc9PcmViQxsWv7D3Twe/QMd015lw1WW5BlczL0r47LAH1omhR+f+L3LS3VUf\ni8enKr/gLzVLuaVvKaXiCYdMsAk5CHmJttnqm3kmjJ3TaVMXnKirLrPhz4TgXGnXZGPSkhd51dm8\nfdfXQqQpSzbeLaiLgQZUlVOOJIfk7g/4cHLSc1SNytNszipidWNj6+zkUqgwIouwyhlAc7KzV55w\n6k2scr6nRmRLiL86pVYElKgNdGRcJ+urChznq63FaXrSf4xTCOVOG+8bfr/Y9951sCCd2c97SQfE\nugHtvWvsXm0seLh+37SNVlS8E9SJX9zKK+XhfCmbvzublJ94CpVP/E2mhytXEs0wm0XfOLlG5ID2\njmUeQnKFszNcqe+tlKOLyWU7kKinM3dX4n3aCYNtDUZ/AhpyQ9Y+lbcd8wLl7Q203wtkYAmRQUxP\nJxsKm0TuYHXPKHkQ\n$__EDBwrapped__$
P	dbms_utility	name_tokenize	Schema: dbms_utility\nName: name_tokenize\nResult data type: \nArgument data types: IN name character varying, OUT a character varying, OUT b character varying, OUT c character varying, OUT dblink character varying, OUT nextposition integer\nType: proc\nVolatility: volatile\nParallel: unsafe\nOwner: enterprisedb\nSecurity: invoker\nLanguage: edbspl\nSource code:\n$__EDBwrapped__$$PROTOCOL2$\nUTF8\ndzGBK4d6wvJ5Nb8B9BHal1C4Oz6IX0tBscYIFUrDWlv4VjfV2C3QNoT5gUgPmVtGlwIWozZvh/3n\nEJ8q+Nt/fSzSe8RSb39fOqSNrxgsSJPlkhYxmf0uwvHtSdXyLjb8LFiyIjsp0006Wx7PrOK+/UoY\nZRazNMIEew2nhuzod9QItLDfNfvM9ZlstqV20Wcx0WaJs6yPgaiKWAPzjNnax7y2xJFOfJP8jLHI\nSn0jXZFHxZs/4WhGYND9yGmUrY8yTFk/SjvJGf35Bua3A7lOBshs4tFnDdoB3SJXJ0tKg8ebq32I\nj71afU8Bdemf73PK9V2UpNzoK8BZq97v4eSD/YU/LMOW5hOf5IGjCs2KVnIxP74DQPf3Qhlqan42\nu3Ugb3kvPyI9Kx4ux82DMmu6hLgcX/ktE+Fu4nWQyEh0yUmafgEhoaV5fhewonz8jABtAWmNXpL3\nUXQajwur5aDVxY/lIqKw24YCv5/H146yn1DnQWt/lS5hWDfTruSYScdZLPdQ3yXgGlS3cahKPMqe\nuBmlNfddBJmTUl7wdrZFFwNCAiL9ULEkZRvcDu/1kyYVWWpY62HnekEU0fkWxYLdRWFoTog7Kpr4\nKChc5Q2eY0IWxMfiE3wVOgpdOAYhZSYRIp4IJlWf/GoiD5feXF8HL5QP31Z0h7t3P0DRoi160KYX\n0SdVDb4FXOHHSQ9GQw9HMLFv7awmId3k/PMNwsfx5JqznQwGn+QCW4z0bGnawod4Lw7QjLwjH/JD\nCLPOduYBkE2LKn4fQOgH9D3WjbmlxTbwbN631NRRJ6aIgmwwXz2Q8MbYkPlPODIgLOxXnFLEvxk8\nV6Es4lE2+lcxH8fdGjrWGMtQdDTlpB47zthpXRJ0Vbo38sFXIJwPp1ZppmUuJ76RmwqP8iV4W/SF\nbRZ7twN0oDajJF/qypB85vhWc8GBan7HrtRnlxesZjBqDbG8uZqfHDNOYCXMrc71VqRdUPN6C2yd\n3wAeP2SiYRuJID3kxCc/0q7GRFQiITj4+OT15d/+zCgWFTqNhjoGaIzQWPOvrt1UL3aLv5XuM0oG\n6Y0X/dTNBew4gpzt0KFiEcdQYmrlsOTuPmK06QMdp8p84q/vLo+RPC+/Y9fTpWbl9YgnlbgWg3Z/\n/VuYcErROZOGTcBjaPE+1d+3K2T8axnhK4er1xAeQiNOqzIv6J/bYJsK3ElKI1zRfh/NM59CdzvE\n4US6\n$__EDBwrapped__$
F	dbms_utility	get_time	Schema: dbms_utility\nName: get_time\nResult data type: numeric\nArgument data types: \nType: func\nVolatility: volatile\nParallel: unsafe\nOwner: enterprisedb\nSecurity: invoker\nLanguage: edbspl\nSource code:\n$__EDBwrapped__$$PROTOCOL2$\nUTF8\nd8ORtTZfI4HBvkC2BMY7EcWPKBCMc+U+GAMrNp7CjSxJGWPpkOi1mVMYLfop0B4pxy85fdSj4u4E\nnvSnSocUvxfGJXxlbgRrNpCfH/QrHF892toLPckZLEQPzg/c0q3pgYDaTKQHrBPDcoj29dgyk7BH\nrt/D/sZOdpVXj8HCZY9c7xhaRWg6zG9IIZ4ykY9q2PUijLl5Kn/iz5nDR4BvmLtv/a30D/Y=\n$__EDBwrapped__$
F	dbms_utility	get_cpu_time	Schema: dbms_utility\nName: get_cpu_time\nResult data type: numeric\nArgument data types: \nType: func\nVolatility: volatile\nParallel: unsafe\nOwner: enterprisedb\nSecurity: invoker\nLanguage: edbspl\nSource code:\n$__EDBwrapped__$$PROTOCOL2$\nUTF8\nd0UxqnNv3Mgtsd8FPZmzalWEMl+WP6LFsyTPJZb4nVkE0+M9UZKaN6huhaxcKZgH/NPk+E8Yyk7B\nMZNnhOT2gJP8Ln63RzV0cgMWr46cKo8d8JcIG+FMIsiLIBI1bbPQlI187wLVJzKnoLh92TfXOi+L\nQbs=\n$__EDBwrapped__$
F	dbms_utility	get_hash_value	Schema: dbms_utility\nName: get_hash_value\nResult data type: numeric\nArgument data types: name character varying, base numeric, hash_size numeric\nType: func\nVolatility: volatile\nParallel: unsafe\nOwner: enterprisedb\nSecurity: invoker\nLanguage: edbspl\nSource code:\n$__EDBwrapped__$$PROTOCOL2$\nUTF8\ndyBAxZdIwQbjCpBtH7e6nwBK8h42exoy2AtQhxisGxQKYmu85tVq0ubEyZv4m1e4NZ6u3aBR8yKm\n3UvsMeAM15DTc0t4q8pFXfHQ+ttKoP+q0lh+z9ikXRyC+QHHJ1t5WI94DB73aoD7lmupUMQkBxXt\n23M6qUyHQHezwI/sh8DUPSUI+l65bQzZLPfv2ujyTxjz83xWWeAVTZUt7aaP8qLwL73b/ZiqfsZ1\nL8mzYt1KUJWG0JXiPDgw/0OO+o6t55ba+IqYSc1KzsYVm3ELP2JQmOzN9qrDIcS7J7rb6n3qbaxn\nEvKlrwZs\n$__EDBwrapped__$
P	dbms_utility	exec_ddl_statement	Schema: dbms_utility\nName: exec_ddl_statement\nResult data type: \nArgument data types: IN parse_string character varying\nType: proc\nVolatility: volatile\nParallel: unsafe\nOwner: enterprisedb\nSecurity: invoker\nLanguage: edbspl\nSource code:\n$__EDBwrapped__$$PROTOCOL2$\nUTF8\nd0aeaz/h/GvKIQztIaz8J/DPgOEeIqzHlv9QwtWPxajAwAjB6sQ1HMChC6u4XlEDX0oZ0Q0jqjjm\nUQvmC0JBLXj4K68Nu11rxkahucXLPd9ojcxvuoo+d4prZT6VpSF8D1KnobMVkQtch3WQQ2UHo2bL\n64FzAS7Vys9bUMAPk8g3OR6a+CqyNXl04k/PMwwZYAn25C5v3oryEHXWAOr6YuJpUXubI/DflNxN\n7QpgDYLdUOKJ+c9A4ki4SyQOanw/U4FpSZ63LN225dY/uRZpk6kvb7H2CiHvEcHhHPTx28ocNmLl\nqvzHJTDUUu0Ow4oVmKh/u6cJXYejFFRpfYizr0jRKBlZSWAm/3ewwi8y61nrvkRBimh85gLLz2V5\nANUBcstLVReiNILEza78I92xqn/2snujF0THQkDa0Xy5ljyxmdm6MjjZkufBJjlWwZyVOXtVJxCG\naNG7MiXc3A0+1R5uQPACSbosKsjwX08MYmG0GGojy5W3kahKX50K16/4VXjm3nJyudP7eqfpea/V\nglSM7K1c10LUEH1ynrIRWnG+jqsh+nHLIbr39KigUQp+97nnDWPHFVfTMJnq+mSwEXthzQYsnR/S\n+qdi2Rq0oIcz0SENH/a+hk+AnVsdGjV1kQ7dVzue55mx1fhJsTyv9OfuXj/r+8ONsdb440f+085M\njw4TNiiyHsyhbAWNeirEX9+1tAtfZ7mOy0FakHoClrHaB2EfU8j9N/rMRADDax06X0+SwnADfU6M\nWQ6MA12oIjF1q3pPg4qhsO8L3aBowhdzWqtXB0z7iVFZWpkr+SAyqg7ZoKLpBgE9NZn2WVwsJueL\nHBwqQsP3/m/meSfMJLUIPc3ml93fxA==\n$__EDBwrapped__$
P	dbms_utility	get_parameter_value	Schema: dbms_utility\nName: get_parameter_value\nResult data type: \nArgument data types: IN parname character varying, OUT intval integer, OUT strval character varying\nType: proc\nVolatility: volatile\nParallel: unsafe\nOwner: enterprisedb\nSecurity: invoker\nLanguage: edbspl\nSource code:\n$__EDBwrapped__$$PROTOCOL2$\nUTF8\nd+NAuOfr9xGxe3DXD1fe6wuod/Vswc461xJyiZhRWTMXiYgzfiVb2O0YfxbjIRJNQLknQWX4HAKW\ndgJX45MAU47dFLUgJlLcrPgETuZKMNqfVh/YsvL04dZTQJvFpAtzU39H8sQ3hn5BkqN6dvkvpPDU\n3Dzf2dqnyPHPshCWRxirE2ByTed6XcX9y+27mwawUJjbo/XjsWThMqxWXvf6FCTsBrsxCnL2SNhH\nrMPW1eisfiShJT3TXgyPDxrHxDD3Ck1x2RozfZQYUFQo6T5QYmNT/fRtwBbdeGnblXl/yPfiWT2x\nGlxTEs5YoClq3i/7uYSve37yCRxcWl7sV9Be3zmXuEylly8oXS+Vmd9EY9KGnrWCNgsriwlCIiN9\nopy6wRJd+40h+BoQCWXx/Sgw1TnTGnomerANnsavpVgpoNkA6WFHUSy+XZWvs2WBFtdPQHiK9wDS\nHgsCeEbVQWnoKl8qKLhZSfaI5SCl\n$__EDBwrapped__$
P	dbms_utility	db_version	Schema: dbms_utility\nName: db_version\nResult data type: \nArgument data types: OUT version_l character varying, OUT compatibility character varying\nType: proc\nVolatility: volatile\nParallel: unsafe\nOwner: enterprisedb\nSecurity: invoker\nLanguage: edbspl\nSource code:\n$__EDBwrapped__$$PROTOCOL2$\nUTF8\ndxcrZiBHq0++BphE6GOBNDlcj1uB1lZ1d7wrV31JNBNHLPb3XIh90pdca31znAYjHuYGv6Jl3Yq5\nRzOx+WgFo6T1MF2boyIv8Wm7MNMPQYtOSBLh3opFAaClx6anfLjersRCk5S4eFvTbpXzcyLr7UB6\nq8WXOnGAJowyF1/O79g5cra0gFHD+eiaTebhjDn76no=\n$__EDBwrapped__$
P	dbms_utility	get_dependency	Schema: dbms_utility\nName: get_dependency\nResult data type: \nArgument data types: IN objecttype character varying, IN schemaname character varying, IN objectname character varying\nType: proc\nVolatility: volatile\nParallel: unsafe\nOwner: enterprisedb\nSecurity: invoker\nLanguage: edbspl\nSource code:\n$__EDBwrapped__$$PROTOCOL2$\nUTF8\nd1Gxne+3uQ5zKzT/S2kXswu3Kw/XcBD9lV7rqRU1g/bL5fSgBjeRbMlhodK9s7bsLEOhiGZteIyr\nq3KM7iFHt7b/WQ5BZj+E2r6HKVYVVvLpw+SlXUTUzqpmNK0NnhA+X99aqIEN6KTbAUFB89ftK1Vz\nZxTBfm09hk/v+BxmGWWn5SbqL7drPrzfZD3dgfCmEPdZfwK0N0/5B12SmszgrqBJ8WZzm1EerDjQ\nQyZJV65nii4/PYXN7ne9WKUK+BNAxulMMC/sz5BDuxNWFlOhzgBvT14zniDanhPokCJw35gNAs2K\nzgK9/5EkBlTUavlUs8a7Qw0tDWR2xZl8frjFpFANYDd+ezivZPXWx2TEn0cyHceF+wZ7cR5LFxGY\n87GKFy8QRWeWIOgDyTWLjidn1ab+4nFtF+IOUkhDNBeJx9Ot/XlILx+vtBA2dwOZ2v7u6MPKtFkK\nUivj77awQT99Ol2n6iAAFu0w4bd5O/WsEZzdHa06RRX32XxK/cvWJwf82eAGji8=\n$__EDBwrapped__$
P	dbms_utility	analyze_database	Schema: dbms_utility\nName: analyze_database\nResult data type: \nArgument data types: IN method character varying, IN estimaterows numeric DEFAULT NULL::numeric, IN estimatepercent numeric DEFAULT NULL::numeric, IN methodopt character varying DEFAULT NULL::character varying\nType: proc\nVolatility: volatile\nParallel: unsafe\nOwner: enterprisedb\nSecurity: invoker\nLanguage: edbspl\nSource code:\n$__EDBwrapped__$$PROTOCOL2$\nUTF8\nd2u8LChhpjf6y8LLq9LSTswEsjU2iiKMVtw/BHZyCl5E8r80BLm+Z9RX05ZbTQzf5un5tlUrCu4T\nEyhnqKPFHFnmDMJA/Yk98ir9ukicwTx45mOFk9Shh2kWujHuTFitIp0JLC2G930NGFqDDcz+rMnW\nTfxetO5xr+gcDvweoWol2C92lqzyGDaD0oiErfggO5ZELHU4sKhn6SN1SXcUrzLDzCAihSJXtw+s\nUApI9LPfm8nOwlG4Rj/0szRdG4JNv2Jt8qRxJ1vNQZ+57Ndft+Ha2rADYzFxnRU+TkNLoErl9Op9\n1BHIt98QgU2SXtv7gPQ/ssb7fC7KAniDfWFhh/jk1Kgf36ATaa/TTMOHGXmbIPgDsw==\n$__EDBwrapped__$
P	dbms_utility	analyze_schema	Schema: dbms_utility\nName: analyze_schema\nResult data type: \nArgument data types: IN schemaname character varying, IN method character varying, IN estimaterows numeric DEFAULT NULL::numeric, IN estimatepercent numeric DEFAULT NULL::numeric, IN methodopt character varying DEFAULT NULL::character varying\nType: proc\nVolatility: volatile\nParallel: unsafe\nOwner: enterprisedb\nSecurity: invoker\nLanguage: edbspl\nSource code:\n$__EDBwrapped__$$PROTOCOL2$\nUTF8\nd4pAgEBUW/NXUVHDB/0it71pLiB0nAioBN018hdNxsaMfspJ3RXi0u1npuYq2wFHQXCT5oibtpZk\nmDggICPiO0EPa4hCn6MxLeiyzpGqZgooZIWNEIG3Y0Bt5obxPbLinIQfElye871BjotjaYtZVWIJ\neb718AWxaIFeyLgh7RI0CA4rQL8gABKYJ1/5RL1InNwNjImW4Qe1lwJFDdAgjVyWjrS+w2/AsBEi\nvqrH3z/aXv+gfX1JwYVCFtZ01A4rgva6LvK/qaYWq2f1srfCvqy8ZNwUiu420dTpBnq3Yn5yXVlN\njYsEfpG4EDig09Yu8pqFWkU6Xn+O7iU+Jn8jZ54G+BKfo/p0wHFweOQ60U5rRWKPJyO6KriWMb1a\nXIQxMUcbypf9vFIoJSq0YaPDKF4jJ0mfLIxLmzUlg+JAGSBpC66axKXzmiKXBuzeer7lnDWBxS9H\nzUmUB8iA5oQz6EParqjSTJVtXzQB/eX8m0RPNku6ojcQhA8yGXAM8G5yQxH3btQV7YcVEq05dmU3\nQIYUZ7cMsEjTurpHjRuP8h0SYjD9oEKSLQ5CiQN60rmrEgK7auYqOSluhchbXvmQy339s3UpiWjl\ni0SR8fePmtCtnKYkPvaoZFhuUG+L0sf5PLB8KSURyOzkGegAg/J5Cf+ILGJ4/FB6FvznAXsZo8Bm\n4K/PpGWqiNRm4KIKcGIEZJ5x1NRe34f9rmUamEjwwO4o4BeogMGzu7rKRggFtbz846RQqYTHlm9p\ntPxjuppbS1vzwIYmnPtIB3cHORzBXf+hr2/0ExgoInGBeg7j3FPGBVuZ0n5yq6O/8d221NRf3H+u\n1kIGMq84qGQg4DVWEuViwMHlAbFJ5D9hcoObj2m19A0CnGJVSQMo6/xD9qo5\n$__EDBwrapped__$
P	dbms_utility	analyze_part_object	Schema: dbms_utility\nName: analyze_part_object\nResult data type: \nArgument data types: IN schemaname character varying, IN objectname character varying, IN objecttype character DEFAULT 'T'::bpchar, IN commandtype character DEFAULT 'E'::bpchar, IN commandopt character varying DEFAULT NULL::character varying, IN sampleclause character varying DEFAULT 'SAMPLE 5 PERCENT'::character varying\nType: proc\nVolatility: volatile\nParallel: unsafe\nOwner: enterprisedb\nSecurity: invoker\nLanguage: edbspl\nSource code:\n$__EDBwrapped__$$PROTOCOL2$\nUTF8\nd3TNF5y0LJTC+JIVghOiyhyBgjDoB06X/R2QkxO1EtAgqSQK13fU7ioVRFFZQ5fhm1gKLahqQo3L\neXWv9BED/126yAcKUe0+mhf8QAWz1mO0mci40A2wOg4dFs71c1UChXopNUMtOGV1Pc6C4wI5jxSg\nzDD6GSQujTlKV8qjsy41RnMfQvRYswyeru9SNAOzEsiotpx9H2GrEeeVUaOZmVHM/yuS1CwNBzhj\nanVPmqvFoqXU2W1vR4j/f87FV3xQijHICHqVsTJewigQA0aJuk1ysV5uTOTtTk5F2Yq4Pguw0Uw4\nldQ9UYbx9vi/2mu+5Zq2GOY0f01myW9X8izHky8iA/JioeDGMSIY4zWyUbXlRFHL9GQ+uQ0kT4hS\nIQNTF16Mo/9F6UeycbViAlavORj0Tbk6xLioHZ6cZStJPcKq4hMkisSf5LM/R0QhzdEtkXmXC36a\nDA6R9fj6hO2AtNyqsFFcfaPGuAaIhIKcaPUhPynM4apnfJwFX5bkFkp/LhfKBQbuYyV5HCCT3lI/\nT1a6Z2B2zpZG6tez07usFhwGoWOE7Ii45wN86EmPZApERTVxJ45EivP5+n0k1qBRn0d+pgk4FGYn\neRqPfLW7zeXqWU2P3cGSeycloIOHUaOZ5xWAlUi2jF6fk1wM0Jwj33an6EzoU0KbavDeRlYdNSRS\nzrBOsyb09MYrycx48yzdSNnnaZjTA9/sSZ7wNRfNissue2Ozm9fIiXOeMeB9FVepjq9Hjmjgj/vF\nZh0+D1F9qEK9IROl9GxYtkOWXGXzh3mPMtAQn8CfcRuEgCRBxR0=\n$__EDBwrapped__$
F	dbms_utility	format_error_stack	Schema: dbms_utility\nName: format_error_stack\nResult data type: text\nArgument data types: \nType: func\nVolatility: volatile\nParallel: unsafe\nOwner: enterprisedb\nSecurity: invoker\nLanguage: edbspl\nSource code:\n$__EDBwrapped__$$PROTOCOL2$\nUTF8\ndzN8alDzNz8Jn4YDgSSowMps9r3nefuctNek5XH19G7XSe03e8iTzwd0RGqSn3/p3vfnJILc66xU\nnrP5AniJH4yV7UHyGjrxAlDqcwKNFi5An8XzLyEM8y93HIZk6fPySKeSORFyuWW7PjM/bxYTkXba\nCKfBuNd0ZPMBpNeK\n$__EDBwrapped__$
F	dbms_utility	format_error_backtrace	Schema: dbms_utility\nName: format_error_backtrace\nResult data type: text\nArgument data types: \nType: func\nVolatility: volatile\nParallel: unsafe\nOwner: enterprisedb\nSecurity: invoker\nLanguage: edbspl\nSource code:\n$__EDBwrapped__$$PROTOCOL2$\nUTF8\nd/RlGJJaIX4uCvAsLrLM5pcUmeP+bsFFpa8Kmr9X4oZIJnP8mI0GdmvXhGE9FlvNxC0f9un8zM7V\n06d62iR9LcX3kYxDN20Vwvi2PI3u/DcyszJ2nD+PBJz41YVakEkZg2CdvA/WzBYtZvaHSQgv9JOu\nJUAgu6ENvzBm8SJHNUa3yw==\n$__EDBwrapped__$
P	dbms_utility	expand_sql_text	Schema: dbms_utility\nName: expand_sql_text\nResult data type: \nArgument data types: IN input_sql_text clob, OUT output_sql_text clob\nType: proc\nVolatility: volatile\nParallel: unsafe\nOwner: enterprisedb\nSecurity: invoker\nLanguage: edbspl\nSource code:\n$__EDBwrapped__$$PROTOCOL2$\nUTF8\nd2rfTFtaa6dtb8qvv6BJOZWn7zayWkYl99WWaf9mPcavW9Ff0HIRwVdt6tT3VAksoriLkcQgOrtd\nqzBjszugi/0ZRjG41Xv7YzG12lTAPMG0gtstfobr/ct4qZkJCmPmG9L1D2BP54HM/+wCmwu6jWNm\nRB8gBG4lxJ/A8/udtYz8B4FA\n$__EDBwrapped__$
P	dbms_aqadm	purge_queue_table	Schema: dbms_aqadm\nName: purge_queue_table\nResult data type: \nArgument data types: IN queue_table character varying, IN purge_conditions character varying, IN purge_options dbms_aqadm."aq$_purge_options_t"\nType: proc\nVolatility: volatile\nParallel: unsafe\nOwner: enterprisedb\nSecurity: invoker\nLanguage: edbspl\nSource code:\n$__EDBwrapped__$$PROTOCOL2$\nUTF8\ndwO4tLHVe+XG16Q/4qZ12SxFfWb5n4nViCI+GG8hD4XSU7ok7/6h4wGwXl/dQ2in4yARkFS8R5iM\nu5Ra9h5RID2CjmoThNdRGocnnPH8qBQ7DKsBVFmyZkBoFPvkzQ90BeM98Wgpv2kGhWe81lxuHBoQ\n3YX4a+SctRSgrpMn2daNcEWCjRGub/1lk4fjCws5E/ikYAaLAEp220IC67QEaa3UwtqIErH1x5lb\nEWFTYxIC9vLWcMUVcDlkPjnPhVnZqAPmcBLz/iTS9CO3K2zNR0LgnTUnO23HcEVvv/eNSNzY2QBt\n1J4dWa5bNZ3jiFzu+bop7yjNXLwpGTe/l/uOthjL3WguDSHi42zcr81BCzBv/Ht3C/hlKUbbF7rT\nZM4M9Ef+LYMfjH1NqJJtzdwlJ/XTMHG1mbOFgge2FYl7QNJMLfm7WucBGyiYS24x9P517cuE4ZzC\niU+XOPwurHyAvzE6kpypA+I9WPoH1z3WDATlKEnUq731z+QH0b9snU0JfLza4BPJ95KxBh1G6Aeo\nFnnIqT8ayE96qSUCK10Dyd/61poWv7Wo5Vprx8fcjNBGwY6w4tJJNeO8qqcI0GkycIJkte7CGFCK\n7CY+p/uJJ06RAjyAQC75R24/kJJH7teyz/MQIHVY7zarEzdPxraZnxadfOOAwYr1MVIUQrmIsWFY\na8Ro27JDwT0hfcEck541VfOLiZs7aZ0zuGOSa8oXgqCHmJppbu/ENzefwSRnGzSfLZTgjBDecrGe\nCPkjLaMOCpK4u0Fo3DE4Af6p2DJ4Wfg+1g1qQSpSZZmD8aj9caZkXSvhH3Cr9vfy6ervZzWUkSk6\nTc5X6vFaFCrdmtINdbFCQNa/JSavZNA6rbotB/AWN3ILOKmg1hOWNFISM9U1JNtDJFFB76whJd+t\nw7LclKhGDzjBaUEz/F7nzRJWarPcSg/y1YgngD54HTPAvs8f8zg7ea0kvjdvtVYeZ4VsIO+keWiv\nb66YVoQtEQmYM+dafd11DdBX0Ka6Zu+UXILLbIt9mwkrNn761jow6xL5lctObU92OlhqN2cI3Qvk\nLTLY4auJJoZ6yRIT6InvGZKkd1d/jgROhXi38OX/L1ZaVWg4DZsgF12ji22YcnmagLuDWZguN63n\np7vOrp0+o6a08ykKh7Vek1K3NuZ+4q94xei0G/+ecyoH7XVrXRHVyO6Ix9gdffRIWOpC/5clDUHV\nnBU4ejhfyKsQGQclBKcbaRCXf7CO0EEtbYQ2rfWhNQYDgV6UEsE1464+lVUGDV8zskZijiRs9FBU\no5ommvZI8LidW5+rE1sqypjB+PN4z8ZQxz/M/ef1cndpr8GQ4bpX4ba4QlhWISHYeDddHDzpeWHL\nsAxlFvjMrMOOsboscJjhWAOpCNsBXCw7hFK1Ks74BkZAOhLV3z+OwDzbQ7rgjrOKxFl3ORqKxYed\nor0eOROph7Oqtudxm1FCdKR0KJUMPgOoYmhceaxTgQ1aLfxh8BTI8ty07V09OhPE333JE31yn3vK\n4XAVfjEuCjDAezQPl59Gyfu4TqhRU2UIKJmIPzqI61dx0jWn36GQyx/SC1KBarU0TTlzrOiHRxSa\n4J1qRrgFsHWYREuqP1N9xrEECYuNU51XhHCdQrmlOsVxnbOX6BaQvL6yqjv/rOIaxA59Oj8IZixc\nbP0yv+VHMNo+/hEdvT4KupfFtj6YJff9TpGjCpJWeJFxPWHBE72gFTcjuEPwEV338NfA01dbjiLV\nFdgRhDIUYyBgvl0Lq1uzNgDwNYKwKO3njA+lh4mgUdG/cTukZ7sb/JW5OnFdsolOOukPzaJJ7Lqs\nD1iDbCSbZpisYeiuVGOS1oQ2jtg9C8s0SLP7Z9H+3bNUXpyd7qvbDYDk/FjKeMYGEBU3AEnSqySm\ny521+0uZFCdsanBpIF7zfLhWm743PAe5h+qFfWK7jsrBJ8PiKjFp9PzMzpFwsKAo02WCmQBtQrIf\n4BxQF6hc1Q==\n$__EDBwrapped__$
P	dbms_aqadm	create_queue_table	Schema: dbms_aqadm\nName: create_queue_table\nResult data type: \nArgument data types: IN queue_table character varying, IN queue_payload_type character varying, IN storage_clause character varying DEFAULT NULL::character varying, IN sort_list character varying DEFAULT NULL::character varying, IN multiple_consumers boolean DEFAULT false, IN message_grouping integer DEFAULT sys.dbms_aqadm."none", IN comment character varying DEFAULT NULL::character varying, IN auto_commit boolean DEFAULT true, IN primary_instance integer DEFAULT 0, IN secondary_instance integer DEFAULT 0, IN compatible character varying DEFAULT NULL::character varying, IN secure boolean DEFAULT false\nType: proc\nVolatility: volatile\nParallel: unsafe\nOwner: enterprisedb\nSecurity: invoker\nLanguage: edbspl\nSource code:\n$__EDBwrapped__$$PROTOCOL2$\nUTF8\nd0pVz/fMjsFhkQqdIogZIFcOtTtKhzERtZHC4s4Wn6AUEyGZpTetPKWb2jmo/rPbeBaOul3YcPW+\ncL4sLHvKVz+A5VIc2q5FyCZqtRbZTO7dqpMNLRUlChntiM9lZOdOtnw3x+ME5htqjavgZyCAOaDW\nKMW8uVi+toI0J9zde79qN1bAyhu5vuGTajWQgvKMbDuiBzLW00RxQZ2Ky2zhBBLSfjCZd4sIHGR9\nF7yRBKzyHxcwgXKEddOX0U7JK7N6GTXdryN+aSDWzy+rW4Za3PcIVVRCvkm92XPvyreqtWOKsmLI\npbhA9L4bxGVIZgNbzrIDVkTo2KgKAUKR98Lr4X8tB05YkMM80VrvOrGG2mnaQii83gIHrc45QnU5\n1lyBQxTCj3oTxPQTA3OuIiAlpgDVh6EkSFo/f5x3FU9YdVkb/7bhBZ41TLvHR0mEqgDT6uHGa+Sy\nwDAB0jegx9YFj1EOyPmWSLSyZgW4yWqRDlaGaSLHerCDnvGtrtqqjVM0A4NxamodAcVfbIRtvS+J\n8+AMf6JbaZyK6InT3L7cxvNK+wrcGYAVHQnzc7KgEiCnUQGrIWoTGeNgYwn3tFA+8pTngquiLW1t\nbchDOCZ1gLuj6owRXZPHKXAGIRP8690t5RFl0r+LYMskNNbotWJZHZ3rjKUhLhaqWhhscAJWJ7Dy\nNixerF3F8scQb2ngcMfPoLSvREqr5EkdWA/hU8HhOK8VhldHPOEfFFnVi+YWVi0AwiW13BavGOgN\nPekN5ap7a5RCTJ/N5584YiVJObj0kdcIg/ISt7yqNaeSJHUH8xrLUTlPV1WRKPWmDdW2yxytJHor\nzCjgtEJQauC6QCGPIHBu/m9w80hZH4QQ68mzBRHXoD58r2WJ5O211HOs+P9ewh7HoCfdXltAzy52\ngNFba3F0eOvTX6bkpVeOnzmrW0CV0t0owtoJmpoF5rY9Xxa4BYE39xDc7mIcGF4XXhi5w7MSXXlr\nBwMJ\n$__EDBwrapped__$
P	dbms_aqadm	alter_queue_table	Schema: dbms_aqadm\nName: alter_queue_table\nResult data type: \nArgument data types: IN queue_table character varying, IN comment character varying DEFAULT NULL::character varying, IN primary_instance integer DEFAULT NULL::integer, IN secondary_instance integer DEFAULT NULL::integer\nType: proc\nVolatility: volatile\nParallel: unsafe\nOwner: enterprisedb\nSecurity: invoker\nLanguage: edbspl\nSource code:\n$__EDBwrapped__$$PROTOCOL2$\nUTF8\nd3VaURHPfWtsVKd5rzf/UigQVcLw13iiH0ixqN2WuRusJiuBT1Y/E35aSXs/VASIVVfraKxzlkof\na46TVkMRcqKfKn3tHRZCNHIBj6KXGxdb6eT+79iGrjRZqu679cxTeOQPWzyizFrb7DFM/7eNOC+Z\nAhEAeYp3cnuYTNc649iJF0gdBO49tnJUAkhDZxswXO5skWqCmTRoOEvh3ZIhpFr4PrkIpmjwsNXz\nFfFqpQDfyvdWMD6/PZ/PnidZTqBF+sumdmoCpvrshhUP4YXmZSwJMVBgOTWnEXz+JxMEMpQpjX51\niGLVRCUI2iOf4EyD+IO6LJF5bKPQWoF3nPHkkArBJpZjUn9uayCSgUdh2VREREiGYAP3qyMa3VZS\nnsUVPXaHdz2ZVL4Ph9UxP+012SN5HP1tzieL9hOPy8qXx1QqubCa3r9QYswoKEM5IJVku0u4Pg==\n$__EDBwrapped__$
P	dbms_aqadm	create_queue	Schema: dbms_aqadm\nName: create_queue\nResult data type: \nArgument data types: IN queue_name character varying, IN queue_table character varying, IN queue_type integer DEFAULT sys.dbms_aqadm.normal_queue, IN max_retries numeric DEFAULT NULL::numeric, IN retry_delay numeric DEFAULT 0, IN retention_time numeric DEFAULT 0, IN dependency_tracking boolean DEFAULT false, IN comment character varying DEFAULT NULL::character varying, IN auto_commit boolean DEFAULT true\nType: proc\nVolatility: volatile\nParallel: unsafe\nOwner: enterprisedb\nSecurity: invoker\nLanguage: edbspl\nSource code:\n$__EDBwrapped__$$PROTOCOL2$\nUTF8\nd2keDwM2bFhyGqj0rnkJV+PoKET3IfZ6YDSSpr/x6avv+62buv9gLyBeOi2TykImsaZo0Qdo7gbC\nf5jLtzpL12ps4I0mmavK7JoNmcJclzew8l7YqIGkD/6zCdxl/B1Jx9+NOkGMuX2AGBNdZR8jkF1U\nXQtnH+hAdn0fRtoLyy0mBFM3IOgFAnDQzwyGtv3Bo0pW9KeNTrZxxP6ig8ZbSSiDVTIlVl0hcimC\nP1FycoyR40FpuZBzCJeCbpcyrdHgs4Axs61D/LFqwT4ORftLd6rU4y5iS6Bg5dD2c/300R8RZb2S\nB93buwqw0lyCA+zzGI/TYe7lRyk/41AsEmRdxdICCT44/jTNswwDszmt9FZtqYvRkjcX/nURVctA\nMgy7ozLcRTTlAfSYqK+orUkFTLPqphfsHLxZM2jkBhqsO2O0CS23TJCGwR7TuSTrOIeNAzZ25Mhe\n/xKuDk9VSlJyGzndpDCWspvrPh1ZrQGiKofROt2DPww2OLrFFVYj08VNqobb+p5UpHpRDCj8q7aW\nxGiR7u8on1SNpQKb3mcPPOXrLkuwwZYDxDOOvdWySw1zfj7qGvr7oL3F7qMo0/Mntmefc68W1D1o\ni2pYHA9U12hv6tGVxHEG7/YNSHTGCKe8NSeGSzEQoPj/7cNPW20NY1PjZn+W4uZOsDmHmPashWAI\n8WY+cDdHqEqqEK5w9U8+lVoJTkC7WJANcybwWieMU6Qvoad6CgMOmoU6kcbNiv6hV812nSNE/rYb\nqspKepxdWpDUu8KU6wILDpgV0oO/OftcBgyqNhzF6MuHjZbSHwCfc4P0Owq2ayo+wQo1oZVMWHw=\n$__EDBwrapped__$
P	dbms_aqadm	alter_queue	Schema: dbms_aqadm\nName: alter_queue\nResult data type: \nArgument data types: IN queue_name character varying, IN max_retries numeric DEFAULT NULL::numeric, IN retry_delay numeric DEFAULT NULL::numeric, IN retention_time numeric DEFAULT NULL::numeric, IN auto_commit boolean DEFAULT true, IN comment character varying DEFAULT NULL::character varying\nType: proc\nVolatility: volatile\nParallel: unsafe\nOwner: enterprisedb\nSecurity: invoker\nLanguage: edbspl\nSource code:\n$__EDBwrapped__$$PROTOCOL2$\nUTF8\nd/TDmkIbF0S1IRBoUEWpY0Xm+tmhHbkDci0U14z+/NEBFFdB985cDDoXbg2wRutX5Cva99eqHB7a\nxOFrXAmFw7opgXLuomfnua2zgwMWD+tbO3E75baG2w4EclNYwCve0JbmlUvjuGPZTfem1scYGcJ1\nzltjfWq6E4zCq0m5287awKUfFHE0VTKBtjiXfGYpbBfhRlcOqpGpiJC/nl2+u0KfvTfl7/GW5lNb\nb/WeTtSfmf6QOz5wwcamwmJq5TkSA0lgLkg99r0cM+u3xz0fZOjHT69/G3oUPTstLR3LQB6XKM/C\niyoG8g3YQthDLbPskBiLFLEM3NU76YP0IQqBXYwfrXXvAqX+aZkXQym+KureMcuFouiL3tXTgjqX\nyY2Itq+nb9eeMcxZO/FWW3iijsFp9FK0+O4GuLg6qJNNTYxrFgS1Y2MHArA8nVCg9U8f5gzLkPzV\nYpOLTtRAbLsCV9BzmpjA81UXxjcQvzH567OOhMwKSsfFwy2gPt6DGnK2fZBiW/QwUWh0V2ExBtC2\nL+nk3aLb4e3YBYwx2HA6dsKAlaaOT0jtd6P1lZt06gVe7TX0AKTR8JvaqABjgzf/IgEj1kE/r3f1\nERPiBqYKtJ65TyjCAg==\n$__EDBwrapped__$
P	dbms_aqadm	start_queue	Schema: dbms_aqadm\nName: start_queue\nResult data type: \nArgument data types: IN queue_name character varying, IN enqueue boolean DEFAULT true, IN dequeue boolean DEFAULT true\nType: proc\nVolatility: volatile\nParallel: unsafe\nOwner: enterprisedb\nSecurity: invoker\nLanguage: edbspl\nSource code:\n$__EDBwrapped__$$PROTOCOL2$\nUTF8\ndw9Ap9dIwb9YVp9hX8B2Xdmp1t+JsCO6xrI/r+rLUmQJc4D+3mEFVNjo06SzytBVohkFYehSrn5W\nQ5HLpwtalbbQILAPOLXDp6Hf4+PNW8XOj3mxy8Yfk5lj+3dkZl9EKxzHdkc+fDkl4KV4IWSbpqf/\nlIdUa0h1qu5A1QbeGxzH46DVqazcn4ONAuvnKk5q4Eia8UlHjwgtGw75ZF164XSyGc3NMtPiCoGy\n5hP2oSAGeAL5f1A5wJa3O94Xr/6+btvyHMT4m+ybk05eRVmJt9SAz8m7Qawx0Jmws5lB4ZiaQnFh\nmbGeOeCK83lUAVUXJ8JTeXx7KlchZo10NNsXWUuO67nVHnlwY4et/0yq0hKce90XE8TnPL1ZJVDg\nzB35RFUhAG3UWbYSG+PF62wslemkJzD3qNwieTlqdia0jR4XquYbbdKj8YIw7oMbdetnNTvy3lSs\n+/yS1THGQoE+I4+b9yQTFHG7oXF63+Z+SELEVDeHCGD2nY+rRYGhyTIRHLIOidoDDDYzpeb/\n$__EDBwrapped__$
P	dbms_aqadm	stop_queue	Schema: dbms_aqadm\nName: stop_queue\nResult data type: \nArgument data types: IN queue_name character varying, IN enqueue boolean DEFAULT true, IN dequeue boolean DEFAULT true, IN wait boolean DEFAULT true\nType: proc\nVolatility: volatile\nParallel: unsafe\nOwner: enterprisedb\nSecurity: invoker\nLanguage: edbspl\nSource code:\n$__EDBwrapped__$$PROTOCOL2$\nUTF8\nd7Scy6jGrHg/GVTQAEaCtMX+I6nhUEwgVpiWMWuyMhN6NPwezHqW8qHPByhjcOfTghy7lb27u3JN\n8Q1BQVxHXm4U/Tp3a9CsnwF2Cy28vIhkSLHh9zmEANT8JcsuhDvdEfH6UndradiHvG3VlYX4sX5Y\nwO8GzBj3M11LI6Ke/6oA9mAuYgOAEIyv9oFpQiLySYzuWlOl6jwo6ZvXkzNyXGyoHMbwtXTAsAwt\nP9txsPnVRi+UvwAuk6pif0zuQHoX9gYkdKFgIC6dCYuzT19Juu4IYiaMRz92mLYzQ0Y4r15fLyuE\nOfyZGd3bDCNIn51rJraZy8UjdTmlJb7xId+OOwXegPJOc8YW7CZWEif4iOC/jTgcudoMcHr6GIFu\nJK3FAs/sPa1Nz302nflUhuRlBJvLQdR4nK81zNzNgPmV7+Q0NqhdY5AW6O28GE0xEd1UWFdQBBob\n+yJsRfbLHfK9yqdLcpUyHA1aeCTEQzaBxP04V9SR73LFj5LU4vQ4LWpzuLVZ2UQyNzB6UcNSzEJ0\nr/C/FlNtAbn+HPacsjku/oevkUwIA2PMPAwCmO0K94uKSuk/AnVUbc5mKo0=\n$__EDBwrapped__$
P	dbms_aqadm	drop_queue	Schema: dbms_aqadm\nName: drop_queue\nResult data type: \nArgument data types: IN queue_name character varying, IN auto_commit boolean DEFAULT true\nType: proc\nVolatility: volatile\nParallel: unsafe\nOwner: enterprisedb\nSecurity: invoker\nLanguage: edbspl\nSource code:\n$__EDBwrapped__$$PROTOCOL2$\nUTF8\nd8d+TpEkzY+YNWsfrNkTNPhqhPQ31EWcMdufZ1o2oR7HQNrcnMk8WkAxFIymu5oB/NpuZ+2zMQwA\nl3Oqh0tHhRgde5I2trujkXJqLdvmEDdm8M1EV8AhbnLA7oiGHSE4SqBeKHEU2d70aPwWTGJFTeZK\nCQE6NpPBgY9kICeuZAG+TUWpaFnN85xLo6mZPEL+vMzQy5G0vobCEqC3fiHiqbfoRGu+YqRwqabJ\nmmGWfvu90v8OA/eR1qd6bCII3ZU8fmoX1QPTexkDvear\n$__EDBwrapped__$
P	dbms_aqadm	drop_queue_table	Schema: dbms_aqadm\nName: drop_queue_table\nResult data type: \nArgument data types: IN queue_table character varying, IN force boolean DEFAULT false, IN auto_commit boolean DEFAULT true\nType: proc\nVolatility: volatile\nParallel: unsafe\nOwner: enterprisedb\nSecurity: invoker\nLanguage: edbspl\nSource code:\n$__EDBwrapped__$$PROTOCOL2$\nUTF8\nd02dV0K2zlrAEiBOT4M+Xj6bH5JSWOxgQKy5pcKhozpZB4dQHSQ4k5ykMBy2AzXSaxYTBJGJS9Ag\nURhMoqlHloFrfkJty4pqHp1gCL4N4y6BYGKG26YzyqvZk3NA6VR5n/Z5eFMY30C2Piorc68EE7hb\n2NjPr7Ldf4aAVkJcRgY6QXdMAH6huVNsPN1mGiRKVfj2WZVUIHFUwD0/hQD6RT/L85kqc51dixPb\nj5O2ol2glDq6y4yJRz/J1ByDtDkkHLE1QSukLnoHOok2Ow0fzGRS6gDDkV22RgiNSqHqY1Go+IGD\nW6yWQUox0lQVctJz8YjWOng9KLPNVwA=\n$__EDBwrapped__$
P	dbms_aqadm	_dbms_aqadm_validate_name	Schema: dbms_aqadm\nName: _dbms_aqadm_validate_name\nResult data type: \nArgument data types: IN name character varying, IN label character varying\nType: proc\nVolatility: volatile\nParallel: unsafe\nOwner: enterprisedb\nSecurity: invoker\nLanguage: edbspl\nSource code:\n$__EDBwrapped__$$PROTOCOL2$\nUTF8\nd+FvfuYShePHGJzpYVWR3NP24xGV0M+IzmFlK+VTVOH0V+v889LPmv0uySdstcvr6y5lUQPiFsAm\nfmvT337JV3KXmiaFiny2V8CEdGweGrwddDNWQlnBJCwkJ8qWcClE6dA3sC71Jylim/zrKbMd9ThY\nkHeeMcXdrd/K2P8caVNmUjGYL0mwTW1rhY46n9AKS8sKQyTzJNFT2b1BLP/fn9IK/wVkKPNr9UEL\n4d5mrf0SJohejru2sBHq5EsCbN0pbuC+SJKvtsHUomMH0SlY69297r6NHQpYa831ohYk33etPMAC\nZmPJj0WpIvqZCas6peq/FoB3YgxHcLd2QEfnVcFXOoDZpuf8zbK2bdE=\n$__EDBwrapped__$
F	aq$_reg_info	aq$_reg_info	Schema: aq$_reg_info\nName: aq$_reg_info\nResult data type: "aq$_reg_info"\nArgument data types: name character varying, namespace numeric, callback character varying, context bytea\nType: func\nVolatility: volatile\nParallel: unsafe\nOwner: enterprisedb\nSecurity: invoker\nLanguage: edbspl\nSource code:\n BEGIN\n	self.name := name;\n	self.namespace := namespace;\n	self.callback := callback;\n	self.context := context;\n	RETURN;\n   END
P	dbms_aq	_enqueue	Schema: dbms_aq\nName: _enqueue\nResult data type: \nArgument data types: IN qid oid, IN enqueue_options dbms_aq.enqueue_options_t, IN message_properties dbms_aq.message_properties_t, IN payload anynonarray, OUT msgid bytea\nType: proc\nVolatility: volatile\nParallel: unsafe\nOwner: enterprisedb\nSecurity: invoker\nLanguage: edbspl\nSource code:\n$__EDBwrapped__$$PROTOCOL2$\nUTF8\ndxKhywKwGLZvlItfGjraiQgSdBeF/tO9xUpJON6lHqAzJ7IlI2JVXr5Uot8N/FpSK6w9UeoobjkA\naUF71BC4fyUiwff3xm/+osAfyHF4/LFMpH9XbWgatnq5yuj3zzUuxF388/L/Fwk6J1cs5VhbGLFd\nDvNsKbFBcKGHBPcJdp6KvJrQgo9aPK1FztMqlUp1Sbu9BtvW1k66zGb/TyNSuhXti7TWaC2MD9RA\nNX2SL4GPyUyMM/oUT9ibp022dhf+9v8r/zG4ozqBzbO+rv+CavDHgzfBN37IP9o4bCuPyKtQu1XL\n7JEoLI/3HkIb2mvnYnuoxrUnxkHzzcqK8f8pEhHETK//loLWfrJFg9GDkuiHIvBSvXq6SGqyul2h\n5s7TPGaFW1x227pFlAvkSHMbsEk0W6kuukZ6CMGfOw7tpIqBz2YrXFp90U1k6ORxULqiH9gr286k\n6gu+nKVnBUR5IDTuoEm1uXKcLC+riYc7odyueS1xw4v3dmChewpi2jjNYis+OjCc/vNEvKRn9Ly9\nAXkj68YmBXbKJRzRbl5ibaHUc7Jlqbphg4D4Jqxx/wxhCur/tQzfl9onlP8rcV2qo63glWC+sPuO\nZLpOci2ViI0loW5PqYNpSldFjDmYsOEvY1uh2JL1/UtGFDyIN3h0mHJvQrSorh3GGlOEdr0s48UA\nVi0ctsaA9az+DVH6it4OiGXqjEtO0XHIt9un5ysijGy3rnLMAFtHBXaC2MbGGl+ca6TX+DTq0y70\nfU2vLPX9JIK/C13ctSnw4zxEIQDdXOMDQRmqKXzcidvzDM1mLgQDYwlYTYwAjwgH0zI3ffg0m9Sf\n0x3V3eJeZbJAhRqMq9gZgwk29tq+/bXbKMeS4LS1BBNqGBOj3kZItpKV66RByhElw9FCRcggfbWu\nn7ac6sFPqVXTumX1rdkhKNDglK8R937dMALvyQ5O584dzfASOwMAfKwtQi+fAOp4nV97N49gr7Qt\n3m0+iHZF3TWknIvKRoXWjyxBXUgmH1bL5QtVycg72rkWxaor61hz88xLEab0d9Gh7lmtBSYrYjx2\n4nk5ZRB4uCUh4OoDYo+KxXRfBDQyM71/3kBmEn9x4bitcZYcXoE16bDoPmzgDiLJ53mnsbslSziz\nCdN0Y8RFJ69IfDo+r2zEwHtKyl26T3gbhS4RLaha7EGAH14o85dAN16G0ERvUmHupB6a070zrKVV\nVaGk7YyQwHa3Kq5K5QhfBgUGZBsl1wVtsuAAMCCN8zG4GEsoOdLOcbLIg7zUI62rm3t1JtC7isO4\nMMg1BOkK5SH8qpX7GBkE69QAzbZ0R00TevMukeq7wtXM9QQmJkHQyvvSLuaw3UwK7H/sZ9/lHBUk\n51gFYJqeS7piu8SUVYcKluC+SDwP0QD6tIF3ntATGLCwzkeHTNQD0/OF/gA2gMl0gdAyFi3bqvE2\nwjOJ7SBZwT5cJCtp4ohTV+zE4EHAFLntyiwD5wZvs1l4haPrqV9X3LRD8iG23U997CLipDIW4g==\n$__EDBwrapped__$
P	dbms_aq	enqueue	Schema: dbms_aq\nName: enqueue\nResult data type: \nArgument data types: IN queue_name character varying, IN enqueue_options dbms_aq.enqueue_options_t, IN message_properties dbms_aq.message_properties_t, IN payload anynonarray, OUT msgid bytea\nType: proc\nVolatility: volatile\nParallel: unsafe\nOwner: enterprisedb\nSecurity: invoker\nLanguage: edbspl\nSource code:\n$__EDBwrapped__$$PROTOCOL2$\nUTF8\nd0PT9m5nXA+9Tj6c02ZFyVmaHxISelTGyD/OgnZJBsDermwIrMvprdWki+nRi4mopf/G4hainZUX\nOApss7x9+U3aSFE0SVO0FA+6W+IGkA24FX+xQ0Hu6G30MgTYTQLQ+FgkBBKvObi9/oy8xkqFDJux\n/eJ6TeQec59MGjNK1x7DDF9c6HbC8upR6L+4O5OOnZyVFRM9Bj8JvGgp++n5wHYR21wdTgtCq+iZ\n9R1wQEafS5blgQkpm/alXtUScVKyDowfcIianX0kNfLSP8yy4T1NsnUzyrcIFdi/fbX+y/2ekDUA\nxEUmWj05UbXa5AoclfRix8s/KP+KMMZiBicblIYz/NA07TsSsoZwgxZiwhPPlq6a4Y55lfCjTy1B\nyDdqo7zZ7pgcHrnRTW04ME9gJO6PVg9xk1VO1wpGaOfTc0lQEhnRpxcmaE4ykrgKaNPwwwIZNudX\nLBik5epWsvgNsdZI0SM2V/LcvUGTHyAip4I9ZGSpF6AfeV+PMjiXzoXjvmT6KEFb2oKlVbiX/PkB\nv75RTwls8YnPioW2MpwDi2einwTvX0r3VJ5y79Xm7e7FJ8E0A5ojJJAQ+/+4CfbeD9DE/fdZLage\nz1r296cfpQ3w9IYJTKGPXS0N58bOLtmHOXvSvFTBKl4bDYRRv+XOs999vAZf1UGrFFxNrHfOt1KT\nv4/z2qs/DQQt/WZULmuYTsEkoEA39YfM6OfpIxIGS6SZJAIdynzNUWQn72dqUHVm+H93g7dum3ps\nMMzv/0dzn3SRY0ewwEjVwEMsyCT/uqdmupqE40ibwFMKsLZ7phFMF8q8iZl9MUCnjnIanx/1v/a4\n09pqh7rXws9yzO3M0yyJ5UtSa6yXA1u2Ve4lVgwtPYz9TMELf/OU3P5Q4i33ri/71AGQBjDMZYkn\nJI3jUF7lStiow3bCr52gZZL/Hn4++90H\n$__EDBwrapped__$
F	dbms_aq	_compute_sleep_ms	Schema: dbms_aq\nName: _compute_sleep_ms\nResult data type: integer\nArgument data types: wait_until timestamp with time zone\nType: func\nVolatility: volatile\nParallel: unsafe\nOwner: enterprisedb\nSecurity: invoker\nLanguage: edbspl\nSource code:\n$__EDBwrapped__$$PROTOCOL2$\nUTF8\nd7OgFgmuos6h8FwFSsAaEDS9LZvw38/er1UkDrA7smN5lu936sGNHYP5iEZeZOtzJGrSA7nGtyhk\npdSnKtm6KiuKFjEvOzG0Be4liUN4Y75HOi1Gn7PjsjezceK4rjJZf1ycobH07mJ1KVkRFuCNIzQ7\nJ6YLOJuZ1OHXe70TiRwq6xXzwI7w5Ni2m726SClEvEzB6U4/uFK7qvBQZu93aFlMu2QEKSRByxyg\nBJWZOQYg4MwrpvUvIxjJBsSnqu2p57kXt24nlnh8q1QcujZgZShv8bi6PT4=\n$__EDBwrapped__$
P	dbms_aq	dequeue	Schema: dbms_aq\nName: dequeue\nResult data type: \nArgument data types: IN queue_name character varying, IN dequeue_options dbms_aq.dequeue_options_t, OUT message_properties dbms_aq.message_properties_t, OUT payload anynonarray, OUT msgid bytea\nType: proc\nVolatility: volatile\nParallel: unsafe\nOwner: enterprisedb\nSecurity: invoker\nLanguage: edbspl\nSource code:\n$__EDBwrapped__$$PROTOCOL2$\nUTF8\nd4HtYb0CXEtUJrZMfrsCJhrdo0WbwGDtDT84qorS/6b/b6wDQfEgUDPU7FHX9w/0bCG3Tbu+ov34\nGFd5jheJO+N/9O2+Ls9g0qWEEuJIRzbxX4g5Vv0H2FVVZjVxSL7YFNcec/G1vW8fbRV0egWVzOMg\nNXgBTrzflqEmKcc8S4h5iANA7ArPn5Igq6ci5qlNisDC1xcLQBYaeuWWGBKQ1GVIqA9aOKjHPUat\nctV7jhg2d5zOfqaYLFY3Oxgl0q84g4/cJUr/22kTq+bi9gWUBaDO7uO4od1hN7qwiOuXkXrEQV2i\nhMtpYOtSJ97JtPUGlp604JiMa/utdeApNkJ6nJAfiL9vJezgc5BU/gEPQXR/KgE/tu+Vm5taGrOp\nhEabz/r0zg1umZhilTiAi4TH+AlEXNH/+IEEU8ISwYbJsUNh0rPw2I3ZaqJn9GH17IomF9xF0lym\nCUnF1nv2UyokGniGk05AWpR9gxwwWcHZW6ZpPCXFm8LQv36EdlqQTbQqCif1wu4scTf0hT4DWjct\n8jEEN1G2ntr0bY0faQZcvozAa8GMtI+vvn0Cgg7eQnh0a6Py3BXx2HZLG7KnXkVe+Yd9KHrKmWdL\nUJj1SZuPpHLmYTnijB2sarh8qe+0JPkICs22U4i6LgCM+gEpwUZpD1GllqdOB48FmEZ/nCjNnzQW\nkPbNjsTbZVrCJ0PnZcrpwxBq0huCUSX2/dHOGQdK4Zd1v1tLrD5LVMFw4pN/sOUm31o94COZ4Szi\nNu4lr3XzAZq+clOfXC45/tQ9ixPnsSdtM2vi7rkRczFS65KJku0ItN8wPq407eMUi6v/xeijOetw\nk5yQoFN4DM5fYfTSU9e+vbb3q2HzWJDx8NTjrgdMeoPo9XHEP8aKQumklvYW9q436J5aanpnaGkc\naCpiAJ8kAauiTrMnsmZziLnTq8m4oaeudKucSUj4b4LDZq0sXcXX5Tjh3Vc9zR8MoszdXYsfHDX3\nkhkNJm1yIngeq6if4ZfqqbRlrwG9Pg9MD3aWPGSBm++mEaZHmkmfbqvkHWCVY4ytk07YRX29rcIr\nPJ7ybQnCwXG3ohlyNgL7zOlRI1ji3M07jZMg6Vy3130+86TD+l4Fbm9xy6esumi9RgNyK68zap+f\n+ngYdkyAFCWwSgVuyhjQSLV/MoTj1Sdl7PvUfkl8li4XPme8thfLsJ9C8/t0nfF0IvRMw8aLp9ge\nP0Kh9DQ0DwAeEFHZItgqmBj4K1VROPot+AGZNxEk2j7hQMWDUjS1t9SsToXF+TgvrVc1o8d0bfT+\nkk26q2tS2I8dPyFqI2v9hRGl/id/c0m9J6j+aUCto/bXSylg/xbCvxPpwLHZPj4njAhnD2jGRffc\nzKhScM3OIBFt6Fcr2Lsi4kLUAbjDZyE3+QIyOoNuBni8JRdyoAGZ9tfHgOl5U2iFLMnzX8LRYAu4\nnUJpQi+01AVjHVxIT4MvfzXjr8FfRc6vW0Hx8dCWENFoDYuMB5rPYtTAryj3U4RlPar4iblrzfgD\nJLN8/f8NJwLvmtaKzGPQMbn/zPexyYAiitYR5d6XWMPA9vxxy8uekF12hWy3c+0UVFBbGVOjs/2F\nj4NbqVFwyPe9sO8v0myjnWB02R+tPDmDOfQd9i+MqMeLlgYTS5Lk/PfNPg2mnZNCoEcefQX6SXgJ\nAh12Y3f3ccDnA+g8XVmC537bLMcqZWeYPqKOoJepPnU1/73ey0jNazoWOGeiLvpJl9Y1bjYH84/n\nnLuxRlTiQDupTedaDJJa1k6qQCcVhriOtz2FBRAqsvBiQeaK+cWRpnzzppKca3Gxj14CvafxC2kB\nyBRn8wKNnFMmFxFrceoLCVjXU3nkhOiSWignwuS+LOcAu24s9yoSFNYNEGHyrnM109EQBz+AlwsI\nEi6EAqo2OOefUW5rgJXWgoTlGsS9jLLpOOdNupAmLOGtl+Egwdu/S25WuOabHMmk+sNVzK2M7HME\nwx+IfE7pKF4Mp6ZtTxMg5W6JQDnPh8Xlt7sxcxRNQk0SO88MZTDj529Uq00F8xNBeYrurs7SC9qD\nR68Ajwo65D8p6KzdZeOJOpZgFg5kjbr0cqUHoJjqp8jwCgaECw0UMcgq3uqYtAzxHX9gnnNIjFZg\ngll7VHuB8Py8ys4Asm14MczD1eYhiAk5Kd4U2TretNZE0LhH9oWW0HGfRMkcxZExeFRgsXMu5X+x\n8viToUZ3zYXgTxrNoXKbvl6H/ckuzlOuJKuS4IJPx8lUjwWGYi2OSKYlxb8qazeXWJ89CHrwgJ9c\nbNRGyquIqlciiIn4TMGYUBvxhnALINkHq6ZwcSxDESKNiggSaAtQUML34lrOycB/t/T1+e3zg0Ci\n5+W7ZTbX86GBy1Wf7h7NGKU/t/esM1MzbvaKJwCbY3qKrcACVCLECGOiCH0ULKbgw5IdYaNIsmAE\ns33ejxQuSyLasTQK+0NpQxADo9wgfD2R78VzZBZtkwoDLBhX7QWvtpkUcaF5gaJjGr//TOtys9ZW\nLiLlhAw2IFhs4n8Zv058tfLL4/Vo07nCWT1frdgFTCJy5EoZcjcVMgK2SANRCvo/7DWSI5zbmmcN\nMi2rqD/yAV/koR3F/7vCcJioTEf8NVAFe6I4IZQOeKj3mJsWExU1/Ycfmmvd84B2Tykk5RSyE/AE\nVQRNGq/hxO05BnHe690PB9+2JjH8y/BAga46iqEHtEfgRiUsmJj/DQj5LRfxx0glVu4fOL4m3HJz\nTuUzMkxXBZb8XCkSenInxlhm4whsJ9AIkapC9kmuuHR69P7r91MoUZeUaSezJ63yffUmj1MS158U\nT9PcbLJ4W4siZihpJQDSJdy9MfcdUGRPomz1da3Y+/ArpfTRDMjiw6yQLfYvHCep0tAx6Jw+itNY\nhkD8DJbmbA262ez/X9aCsFbWjKFcA6X60QHEpqNYnh31PoAKma0LQnuN7r/hxid2RAL7n8AW+o4j\nx1FyX5G+lL/fQG1aVg66uOFP0Rso9v4Z+IA2velqao9jNeOS8Th2sFGsrTF8jpbUOiwTaDZIeGen\nzpSNs+j2qcV8r14ZrQgwTG1aHMgBJ8Hz2e9M2zXx1w1RZguOZvMTuGYW/gi+AysXmu6BqQsgC2eB\nB5aF3KGjNwoBUNbKIxWTPDbprh7eFfnOeX+qbGOOEkEVnk9N/M83X9yu4tyP2Lam0jDD9dS0xcTF\n7bADclMUMUWaw8s7hAKKF61qMTcBiD9qtPrhJzzvmYrSPIuU8CcQhkRukp+gzwwKK+iONURGPZiI\nSxbq2OK5vKYLbPjG4QfJO1IJqpB5ZxJe/kWYi5ubwpOrPxhLtPn0TwADCPxlKFJl2j80UsB8w99/\noI8o/EuAbnJWpPIkQizkcG8yAlzUJ2XxE1NJW8q2WYF9QWVHvDhXWKpi8XPiHD1fbc/3eZ34SYUT\nLOILnqhSoKhkenwlKekkOkRtJZgFebbkTxgPXp9KHz+rhwDc+P/nHgL5Xa0Wv2Sj4lVQPqG/CtYi\n0DofMkl9PHiwK+oL3Ml1NE5rpFA3DX0cmo6Aeni+djppR2EgK+F/sWJ3EY0au0TWau7SlEjFB6wb\nv5b9TXJLFcYCOM+Rq24SvyYp9hnAFiFxNncftWka7hz1N+l0AB1mlObzzT0HHMwhgIRp9CGKnTqN\nzTm5BbO2McMdF2axB41BRXQrcS1KU8QZ9xR+QOiDM6N5R2El7MheHyKp7WElpSNHQ9+AJyk1at5K\n+W38F+J/aRDN4Sx9YKv/RcR+Zz/k4q9tjK2RW2dG6zLGouFAJ2kUUZlj9eyZ4iriCs2IvlHFcMhE\n4OPSJTIlWYBbY6d+otrk7OTj/pPMusrStE8kwk69Lm/M1MCRW35hss4Sy9virIKUthyJ0nRfw9eA\n/V7C5t4Gnbemz3oGqsSR7E+AZb1gQu04VPST6ITX8N1PeZsTih/z5MJxVPwBqkEu0p3HOcKOFeHT\nsWWWnwlKd0ecelkPIq9Ha+CpkkaYGwUp4s92GlNU1n0buOuHzQ2Mk9xmg2oVOx356JKA6MuY3dhq\nCJLxQGMioUvfGyQP63A29LlA5YXfmam+9WcqhGGgb5nnqTlMa6lrryU8D99ArPSDPEJDmzyt0JCB\nElWpNgH6OTJE6pc5yvYDbPkzBaV0DSK0xa0xZ8kNp1khD5rePpyapXwK0w==\n$__EDBwrapped__$
P	dbms_aq	register	Schema: dbms_aq\nName: register\nResult data type: \nArgument data types: IN reg_list "aq$_reg_info_list", IN reg_count numeric\nType: proc\nVolatility: volatile\nParallel: unsafe\nOwner: enterprisedb\nSecurity: invoker\nLanguage: edbspl\nSource code:\n$__EDBwrapped__$$PROTOCOL2$\nUTF8\nd1YA0dUSXvKFReR7+6tO7sOJxYLWBJQN/xsKxoZroULOJfhH0BfCN13RHoLRq+RxWBvY7S9e+vJw\nMBHpmeigUpJ/Gz+Fzl+6MHo+NWWGLLVnxUXl0i78ugrXgbEdCWINYYCVzeBpsQ4S3Em/6bBhE9nI\nrgE0IJgNapiG83Q7p0XjlqadoSNDUs4SfN8CVsM0hq+RJr3oraaIsk1H\n$__EDBwrapped__$
P	dbms_aq	unregister	Schema: dbms_aq\nName: unregister\nResult data type: \nArgument data types: IN reg_list "aq$_reg_info_list", IN reg_count numeric\nType: proc\nVolatility: volatile\nParallel: unsafe\nOwner: enterprisedb\nSecurity: invoker\nLanguage: edbspl\nSource code:\n$__EDBwrapped__$$PROTOCOL2$\nUTF8\nd1gsY6W+QG0RYzG8J25ohz3Yspxm92KyRPagEMRcb/jmNnxA6WYYUipIGwYHDqX2UzE3HQiNXx0o\nFhqob39hl0qKWVVfwqnBZz2UhB90IY2hc/K/hDVrBsB+9yBESm0C/EYnaofu/o/LkYTjR/uLqQ9e\nCbmNmXB4zDTPxL9lPcaCdSRIPCJTCFISe5+4dd9pppl20zURZej3Napztw==\n$__EDBwrapped__$
P	dbms_aq	_dbms_aq_callback_operation	Schema: dbms_aq\nName: _dbms_aq_callback_operation\nResult data type: \nArgument data types: IN reg_list "aq$_reg_info_list", IN reg_count numeric, IN reg_operation integer\nType: proc\nVolatility: volatile\nParallel: unsafe\nOwner: enterprisedb\nSecurity: invoker\nLanguage: edbspl\nSource code:\n$__EDBwrapped__$$PROTOCOL2$\nUTF8\nd3DwRFEpf81RAT2kpOdMFPbinZ/EBv05+mtlITi1mf5NHjhsfqn+jwq0/Ojtv9n4rdfnxWyEFtJx\nwDNLSp72wu6pA0Q89lWtXJKP+8tXWx7cUKvh1UHxL76XV+ED5zLIkZ+NhdYjGRTJawUiYbCiZGd0\nfRWHBgmDgtgJHUvAZOzUiRXGZaPvYnhNzC2EkNxJg30CZeTF7SpgGzr1o/2Rh0kz/5nf8fvk+eK3\nPwXDyN1Y4CAsUtLFWI3Hh1APLORmbKQfZzG+ltwEaLBqV1p0CilxkieWP2idJ0GxG2rwIkHvqKWS\nbeJrjFhF+Ncq9QLmQFsM3LqpNBhLKH0FQWk340/Lyg9VuqTCFGIbqEQ0yLu0q0CPG+vtfSoBJrGC\nzjX5GV1TwoRpCIIQ7WMfZ2mwQIT6bJHJ8wdMoGgOr4aVZWFss7SezBi4dITYXn6/NeHfBp6+DQTm\nF9bIbm3rk4IGpo/R/hS0SYeSvWSnsAaUy1vxOg8S5bhXa+GAI51g/YKe0ehopnWldrdUldAJ6AQo\nGYAiSkneUuMQzSoc2KWz4/qontUSB7FvNF0AfjSn2dwcZskLpJS+i/6hOcnwACbFjMeNNA1DCGCy\npzY2M7wuKkYUjRDLP/AY/U25dbFPB9fxtFhSVo/uI98ZqZ3O8MrLwEK009lLGDz23J+ARUiYX38+\n291lbrtT+1bIHIk6Hfg8fT/FHPASWK4vmc4VYOuNDc84QlcbR4QVfmN9YedJWY00+n7u6SmAuM2a\nYe2S60q3UgCQd8tJyTDyodYE8+hP03qarsZsmnhw5w7suGyYP7PLKm2pHoPl\n$__EDBwrapped__$
F	dbms_aq	_dbms_aq_build_dequeue_query	Schema: dbms_aq\nName: _dbms_aq_build_dequeue_query\nResult data type: character varying\nArgument data types: dequeue_options dbms_aq.dequeue_options_t, qrelname character varying, q_name character varying, q_type character, qt_sort character\nType: func\nVolatility: volatile\nParallel: unsafe\nOwner: enterprisedb\nSecurity: invoker\nLanguage: edbspl\nSource code:\n$__EDBwrapped__$$PROTOCOL2$\nUTF8\nd2sODOtbtOxki47jIjZV0ux579TAAcThe1ZeVHmtg4CCwKSnRAF5/iHE4mjbzxCkrG/eVZxxGRq7\n8hcTFNvXZl59NBr0nP3XgVHkQQdi2EldWaRCiMbPdMhVRWft2qESLp1vWKq6HAYFfR9ejGyXOk6M\neJWBZhCQf5QxaURwIonzcl/NaZxUKgV+IimMqRm6O0gQ0Ykz4Tjrw1HU69y07YprBTgZMiw8ZiQl\ntlngxvwL+OdAGow1KO33KQMlYR6V5O5UcLG7f0uQxmvKYgWiwfoAF4tsW72K2N6O41NvTctHf0z3\n0RVROgwWAU0HvktsvShvuvk9VlEvHRvEiCelfpuKh1/Q0/ops7ngYCjzWOfcDg8g4/Iiv+PeQjmp\npci7qpOKkZiPWbfhUsPoRWQXRDg7Ey+fHyAWlv7cRzdb8+9n3kM9c+HtR0U9fQjSJ19+VZgJa3sm\n/18Svn+P0BqUzNN5sIweZzvDEVsrTYpW7OYwQTr8BHGftSprJEXLFKiggT8gxkq9ZStZy4UjFVlv\n3DkegLCsROflee9atxBp1F78p4dfYhgHo+m4X72U/HmBoPXRYtKl7ASM1Cv3qgI8SZPrwoKBcfDe\ntdA54X2cQbVVvCgoRSKturCCBlAFxV9TYbX5W89tPaHwBEMrIZhY2ldr4inuE7rIlV1JLvKow+sj\n216l3glwYAeaqoLeQCL5sSnz50sP94LZKpr1vnfx3d9OIp/Y7t6rLBDWkUlhrzXIFhXPDwQwVeH0\nA0nJx0QTs91rUkrCwaPBa1mITUbjpcwI0C7xFYl5p1gVT7FeBLceeM+OHUCCrMKlg5i23uDo/o8E\n8uF2vq3bCDNOu/k/A7mysPtSYgIIr4/6BFoljw==\n$__EDBwrapped__$
P	dbms_aq	get_qualified_object_name	Schema: dbms_aq\nName: get_qualified_object_name\nResult data type: \nArgument data types: IN name character varying, OUT nspname character varying, OUT objname character varying\nType: proc\nVolatility: volatile\nParallel: unsafe\nOwner: enterprisedb\nSecurity: invoker\nLanguage: edbspl\nSource code:\n$__EDBwrapped__$$PROTOCOL2$\nUTF8\nd7oyRxB1PB58ttn4pRebWrpIFJO7D7qhMhe54i3zpWng5MuhMS/lK4gjGTc/kn9leKJTTtg35NbN\n7+JozUa2wLM6vQUEZA0tsaaTfL3spH7+LGd9U0rQYqDtb8WrXDtOTzh2PKeh89naJjniV+dyvFTi\nm6MXcmHQ2mZZr+tuXlkgpLJ9VXOQDgALAskkTiy1qFgWMWodyA/dpzzGCtOR4ftlf3O03Jdtu6mn\n7jLfH2BVIq2bYPpyredtgNrX7sNjPjwEX0ZHin8esZBOZYzlO/+y8e1W2jPSE9kMkDbtXbmeIJZN\nQhqZdvdwwBeLOdBLvg96Q0Jai6Ycx9jAr749SqkixswxCt6uQKIq5ZRVhPJknqbJbocou48=\n$__EDBwrapped__$
P	dbms_aq	_dbms_aq_open_dequeue_cursor	Schema: dbms_aq\nName: _dbms_aq_open_dequeue_cursor\nResult data type: \nArgument data types: IN dequeue_options dbms_aq.dequeue_options_t, IN qrelname character varying, IN qname character varying, IN qtype character, IN qt_sort character, IN qid oid\nType: proc\nVolatility: volatile\nParallel: unsafe\nOwner: enterprisedb\nSecurity: invoker\nLanguage: edbspl\nSource code:\n$__EDBwrapped__$$PROTOCOL2$\nUTF8\nd4cAPAuwBK44RNXbD2BHoq1ghfJ5hxAZN5JBtFXUg2XOxOOWmV4K/grg2ykkN73i741zb9yQ7VHk\nL4sW067ViELQR7n6lYZoTT+x8BABQnJgBzRHbfrvdpvmDKIcIwrSPcOwg2MgQnmywQR0iOv7E8xx\n08rQ4DYJliq5evA7WNhxpn20V9eA6MTg8S8xMZlwSfTG5D+dM8C8jWtdMGGlgfxVYEdb36Sk6tU3\naVcmdpU/RufxC8vqMkCtpN6KndMdS94IaxIkppYzPN6oCK8tFmj1N8O3WTYGbbZfTJNZzZBI18tH\nv3qoU5kQKkIcbHw0b89JpHwTrCXmvDiCCqkpvLojRgUNdSPPB70i9cUnGVhlUual/tKwdvuOYtIt\nVSAYi2CdtDuIjk6qeIfp3WxedpNeFT39S/bTdG8leZXHoMglkXFuYp5HhU7oFHyCSf9J0uny+8VX\nT8qeQxaxh+GK6Bjnh5PsS8V4YYwWHpHrhzAUwQZq2yS7mqyU\n$__EDBwrapped__$
P	dbms_profiler	_install	Schema: dbms_profiler\nName: _install\nResult data type: \nArgument data types: \nType: proc\nVolatility: volatile\nParallel: unsafe\nOwner: enterprisedb\nSecurity: invoker\nLanguage: edbspl\nSource code:\n$__EDBwrapped__$$PROTOCOL2$\nUTF8\nd4JPHQ0njykq2W5kGL6pwF6wa/8TxEAY09uZst7iJ92wCXwyK6F0ZviQlxwHbL6u/7QavYWCv59k\nNihDyws+AT3DSTKBjGqKvKEIGdYW2LKVt5LVr1ADtMvy3KfydnnNy1CAWJlpe5zZiT5bslYX9uPS\ny/9nfxSQK8KZIC9IWk651EDUzM5BZQiIKRFJOD4npc3ldwzwxgPtX0Lxulu7Gu4fOSqrfvohE4xS\nvjJaT7vck6J4mLW5it7xF2+gd5DPTafV7A09KEsPmmPWfpb37jsFMhAWUBvr/wJheJFdfcvv0WHV\nxQcUm7MEHmuH0F+bl68FL+NXJLLMXrButAtJky+IVwQ2z/3p+X0uMMagsjnv6h5qS5sA+3aEoUtI\n8mSMtaurpXn/BUB1I6WN6jclxICABV4mXEpkIgSgudHNDT9TCqbm/+LdohmWze4Abwj/BXmo7p5I\n5qjaa0y1irBr9k7gaoi5ZZ17hvC2SWjTYh89iFSjFIItAGEMgBmpIIppiGDy9Qj8T+K4BPlUzs1J\nCovnCdZXKTRjqjCEqfkKAF5+O0cNC2hiGZls3evH/rqz9XPCD00Qx46/EO145qDD6Oi0b1hOxPGT\nvNPoMkKyvZxuLig2w8eeSUI0OzLerotulbDc4do418wKokD6qdzMEEAbrIL9Ye5LngC9t3u6XnrC\nGkqZKJGMa59vepO/Hltc5F5F7NnqOcIJFCZ8URt+Mq0Xw7PBusgVG4HdtbZDuYhemGb+BLz7GeGj\nQuLlVJqC1zHQvSniThlvJiTfgIuNM3MojR8xygwIidUfyTjdx+ZJccHaTTZ9A/Z/uLKCja7JucHZ\nyy6rrqllPHavMIXw4Fo+iQPlZ18ddCdcD18OAASMjrlsZlVvSpqmyPwa3vzB4tqEMdxx9ylows9B\ngbo5t2V1c0Lph6nbGE/ril7s5UrXj/WJWLEY/T+99Yo972XWkS8Ty1AravHQoCxJTybzlYpO+aI9\nuayzbl0h6ZJORN6B/piQl/02QqvXVKb+B9vVGqUR9pXSlDF5CYrgzIIoJAgM6Lbvb83efWXaahs0\nDVyku/jO791DwXeGi6RT49aa/W4u9kO368oTIbBWbKpAW6XxN9IPIOn0LBzPIXt5oTjHdy3OWHUI\n15HNbwOJACDvpEeIbI3hU2y4FcI/8SItMyEBepRwcqBEPJRMX4k+H7P5DjDKW9H5tQ==\n$__EDBwrapped__$
F	dbms_profiler	start_profiler	Schema: dbms_profiler\nName: start_profiler\nResult data type: integer\nArgument data types: run_comment text DEFAULT sysdate, run_comment1 text DEFAULT ''::text, OUT run_number integer\nType: func\nVolatility: volatile\nParallel: unsafe\nOwner: enterprisedb\nSecurity: invoker\nLanguage: edbspl\nSource code:\n$__EDBwrapped__$$PROTOCOL2$\nUTF8\nd7mCXCx4SRmYMsv0yaqsDO439coTkSGaxWNpWLdJqnvHrLQQGZZyXOXSnjGTk+qsCUOXe1jQcpSd\nduXrt1eOZ2gsm1G8ztO5ERayIzd+ebyMssFiG2MWzcSFKzkRFld/MtsmXndah53tClCA1q9Xi/mn\nLEnenjY+etCGsZ5IJn/JDSs51ITXu99uAeNoMVLQBIEnLWB0ciDGTBh+BqzWddXQ4DMxYFHt0xlS\ncv2mi3N8f1Kb+NMVmkVMEhHTnDLroKOy/rP/q9wjLggTexSEbhf1iXUgX1wWOShzC6ZeJkSzctIj\n1afFYyyZyaUQY2VJtkCz\n$__EDBwrapped__$
P	dbms_profiler	start_profiler	Schema: dbms_profiler\nName: start_profiler\nResult data type: \nArgument data types: IN run_comment text DEFAULT sysdate, IN run_comment1 text DEFAULT ''::text, OUT run_number integer\nType: proc\nVolatility: volatile\nParallel: unsafe\nOwner: enterprisedb\nSecurity: invoker\nLanguage: edbspl\nSource code:\n$__EDBwrapped__$$PROTOCOL2$\nUTF8\nd5tzKXCIOt4wu0+vYTGdvEF6UmxJpHUIUxnUTKtox2BdBSX8YlB1OfbwDQACULhPRRb6O4DhgXQ5\n2UTMK+hhPmWk912zZiW2Erfzgysleno8WJi86IA35uXb0ofq53hQ3hwV2anrMkuLSCZ93lBPlY3V\nHCWaTW2PrlLsRI5KDMaIMY5T7Wx1V0u1ZZ+fDEzL3rRanGS2upoquDEaSI15P/wGFiXoLfKnvqWL\ndptn1kv61MMq2yqb/Sb4d16ghg+pICcuJs+two7+C/xyuYfLt8NbQrs8ETIadietS8Q0f3pvb0Xm\nFem8fV+d0CLpJOCLGRiTLFnAz5Tz1fkn6vpMQDh+Folk09EIVneFlXGxBdi3y5QAzfrDYooEkOKm\nrLospVA9maq792dyZraUdyeBDystNYdW87FcRUDULrg4Noll0B1PlG1Q1u7WwUhOZajpAyxzEZFQ\neVCmndBhNYSwB7w=\n$__EDBwrapped__$
F	dbms_profiler	start_profiler	Schema: dbms_profiler\nName: start_profiler\nResult data type: integer\nArgument data types: run_comment text DEFAULT sysdate, run_comment1 text DEFAULT ''::text\nType: func\nVolatility: volatile\nParallel: unsafe\nOwner: enterprisedb\nSecurity: invoker\nLanguage: edbspl\nSource code:\n$__EDBwrapped__$$PROTOCOL2$\nUTF8\ndzun/rsD4/QTMh543hvnyjMQ1Oqg0PlhDyUc2l7C5PDugmSanoGbCjgxj2GsXjCTXwIHsSmRxSVG\nGWK72EYLsiiZf5K+qO5YFZXCA90GLhEF2/kod6kVjHPXiRBy6ew/+4gaYPsIQ/+L5EQybL2gIYSo\nbEHmG08Bm3IXP+rRSTxOlA6eEw9ALRlbghlDs/mJGFQ4dfhMcHhkTPH0tpjQm4UiLPV8nruvO6FH\nfiZwEtCdjOVYv1fOMj7M1QX6cHt33qfUmZ4D\n$__EDBwrapped__$
P	dbms_profiler	start_profiler	Schema: dbms_profiler\nName: start_profiler\nResult data type: \nArgument data types: IN run_comment text DEFAULT sysdate, IN run_comment1 text DEFAULT ''::text\nType: proc\nVolatility: volatile\nParallel: unsafe\nOwner: enterprisedb\nSecurity: invoker\nLanguage: edbspl\nSource code:\n$__EDBwrapped__$$PROTOCOL2$\nUTF8\ndyvo8SGelcOECn4aagZEewPG3HFFNx6jtE4RWIDvHyNbCKWDhRTBueHUAaZAlQ/7nV4JhN0xKcgP\n0+SXXL53+MC0fmyuv0KeH1acTgJVhBxkhJbO7G2kyQNkhqtg3iNMfO5W7M22uUVkFnQlRr1/3hZK\n0a7BCgqBjOwvM8LWn2/eRd6l+paQdm8dUylN0M4c93NqYFVMCpTx/OnTaAYe7n+TL64SPSswLZa+\nzC5OzMA/dRaOdWneSzW8Xx5Z3RF2kq9yD36sTPn4vV2EfUZYQqM4P/mv+9ATETDZHAQ64Kh+5rAN\nVQHmzTAe+0m1wiAZjRAwXFv+tzJ//p+Z0LHLcFw4Mz9HFbyvhMkoSc4Usb+ba5XKlurpvnT4qNK6\nAgoy8XHRrawB/RvBOoEuxaKvRa3TT8arS31x5Ycgp2KlogenaUOjUViYJShQzIBCTu1sTlIVEbUg\nQgQazCo=\n$__EDBwrapped__$
F	dbms_profiler	stop_profiler	Schema: dbms_profiler\nName: stop_profiler\nResult data type: integer\nArgument data types: \nType: func\nVolatility: volatile\nParallel: unsafe\nOwner: enterprisedb\nSecurity: invoker\nLanguage: edbspl\nSource code:\n$__EDBwrapped__$$PROTOCOL2$\nUTF8\ndwEfRZrz8tXcQFQnspytzij3Cw75YW2IhMsvz6jRvd4HbSsSlr95jArRCKhZWZYcTA+bMBMeGAgB\namcQtcVqvMSbXK+Yrukfu+ZnM8jMRRzDxYWVG/NqzJBYpz3lITIA+gVJDs01qXvZ0QW6CVxQrPWo\nJe/4dhlwf22XAj8z+90zSaKRZMQ1s8zbwYp1WvCwG72nAOGMKoAnaOOdGmkez8O2/lYQ68JEzyge\nRxQ1E4r/kKHUpkvyXwYKj91pVbcXoZU2di9M3KM0dkPL6LVUC5CXEt1wAj+zDId/5vQo0nu/Jvf6\nMCWBoU07F04bFlNOu7ITAW2GZHdxziHnAaCfkWPoXm3etYjKsM6iCwLm+HnEEKvt+wF+xFxc0e0r\ndFPuQ+HNYQQDBzOWKi1b\n$__EDBwrapped__$
P	dbms_profiler	stop_profiler	Schema: dbms_profiler\nName: stop_profiler\nResult data type: \nArgument data types: \nType: proc\nVolatility: volatile\nParallel: unsafe\nOwner: enterprisedb\nSecurity: invoker\nLanguage: edbspl\nSource code:\n$__EDBwrapped__$$PROTOCOL2$\nUTF8\ndylJkUmzRCM8TYCpsUTQBgYMve+2D/39u9NLrml9AzJXXc44cjxhUIRoelu4i6auebHrQ46Asenf\nh0mHYKQljAGelub59e52uvy58GZaR2nzOHczHQp7g8P4Yy5bojqYEL+P9tWGSO0XfEM6tFGsTy11\n7XJpRKJ6QzLap7EUW5OLMT4YRyX/GyjGNeo84GEOZRAbaHVkRtzQTuMtAewgB4WKAv5nk1Ihd67h\nACsGkLa9rBFeasBpPfP6RbY5iWCJ/EnbNip2roiPCEqkKNc6cp7ZOkXGhEro3lIyCq3Ob6nuHwSm\n5bGNYQyrxBnCZ8uMnCKgiveJb4Z4Id69HWEv/KUaMyQnI5YKlewwlAbrm1v8Ii3WjXwqdFihDNBJ\nvsK908tMb0IKDyFzcjyyCcwhaVhU9/V+RwDbfGMb5dhLDuLtpKgFTz4kKKEJObJ+o5o=\n$__EDBwrapped__$
F	dbms_profiler	pause_profiler	Schema: dbms_profiler\nName: pause_profiler\nResult data type: integer\nArgument data types: \nType: func\nVolatility: volatile\nParallel: unsafe\nOwner: enterprisedb\nSecurity: invoker\nLanguage: edbspl\nSource code:\n$__EDBwrapped__$$PROTOCOL2$\nUTF8\ndx1fE11YlgwyzluSajCOEmvKn3HqkGjRnsx3hmvOaB6haPyooCkKwjwxos3a/cMtLnDmzglIqNA4\ngDEDl476hUk0krz8vdW5LsqC+4r6cM0VGE5UlL5QcQ/CJC7WSunear3xMbHq4keftaQEcg12EapD\nZuUuYcsqhGDdHEvWQA==\n$__EDBwrapped__$
P	dbms_profiler	pause_profiler	Schema: dbms_profiler\nName: pause_profiler\nResult data type: \nArgument data types: \nType: proc\nVolatility: volatile\nParallel: unsafe\nOwner: enterprisedb\nSecurity: invoker\nLanguage: edbspl\nSource code:\n$__EDBwrapped__$$PROTOCOL2$\nUTF8\nd9Bg4m1An2ZTdfrCP8sFq8n0xiLf+i5Rr9t4q9QM4npSkV08Zu4wTmwE3MNGbJwdIM74LsrEQj1t\nbgUG7l0ROQRujaTCrJ1Ae3my52hlaOiXHPdlEoYCpiQekXm741e66HhtFYEkZyK4Qi7RFXKXCST/\naGcSjSOuqFgtbEEcrYD7Z51Kpa3RgqEGXs59GtaemTEjPSj1pONPBi/dgeE1xFuqo3ZQoxqTcKKB\nm5zFSpd8q/sPok/l6+pISogqDWoo9WW2UPBqd7P7xYEntrCq1MmcRNYqDRzV1bkOzPAlq/InHo6U\nFW8DnC3WeJyFgd1+I0NmNtNRjpKTb0V8FlL7FU8GXN9cVYOVEp4D3/fK/VbW/54XvYm/uxO+4WFZ\nrNLF60kXaF2hDXBlpQ5/FkNALMcPKKzMxljCCXIY72hB0jfhTe1znk5vLyOqtTVgeukZ/1INRf7n\n+WAJr2tAsAKbz8AICtMeJ3d4iSL4H4ivyWVbn8oNRXhdPTrFURHaow5KMwg5/l8vxJxIk2pdu3eP\n9TCJrfmeHl4=\n$__EDBwrapped__$
F	dbms_profiler	resume_profiler	Schema: dbms_profiler\nName: resume_profiler\nResult data type: integer\nArgument data types: \nType: func\nVolatility: volatile\nParallel: unsafe\nOwner: enterprisedb\nSecurity: invoker\nLanguage: edbspl\nSource code:\n$__EDBwrapped__$$PROTOCOL2$\nUTF8\ndwH9LQ3DLgDUBdHMFW8ksIZZHeetXKTAVOVOfHa3CjhhNHCUgJb2NJmTzw63FkiQL5fubzcdJntq\nkQdnvMqn4PdBheTP4MMkKthwOchF6YfeUUx9KBfYTLDGG2E8hnH3bo2WJ+/KBafzvONz82U2YsAs\nlQ14RBJq29dh1tJpxA8=\n$__EDBwrapped__$
P	dbms_profiler	resume_profiler	Schema: dbms_profiler\nName: resume_profiler\nResult data type: \nArgument data types: \nType: proc\nVolatility: volatile\nParallel: unsafe\nOwner: enterprisedb\nSecurity: invoker\nLanguage: edbspl\nSource code:\n$__EDBwrapped__$$PROTOCOL2$\nUTF8\ndw6BJ4QBx+dlOc2uwc408vqWX4t66Et2tZ1jsDEQBMeldR7iH6g0PVXIgL8jZu0FVKcqi+7zNS9E\ny/9R9COPN/4mrpadjIp0AAm2qK81qEzASpz3CkmdixBTdMbjBoCEjWIMYnE3lf6BVtGEZw+1ZbHR\n4i4wCrRdSluCsQ9wQHW0JRYTszNbCzhEpiK2sgxp3YFd1VJ3ezb6zY0CNvlC2Bi9Pzf+6+Uwf1/G\nSlM6Y72br8I+A3zINbcaDpWVcN3al2hNxsGlNcOKig4qRBtSk0xesUI+7cG5xLbYIh2pXpC9Af9a\nqaE+yS7wG696FeusdpbTMOqP12Pmu5ra0eDp9kgEfh0qjROV9Oi4eJsD0ha6flW0o66l2hZmUbE4\nKHhU/IyweHVxgHOKLK03ZMhBJYJ5pR5L8S3+q1EZOJH0oSbwfjVLYJ+m624pzADVcU8dInAaZksC\ngvKBTTqYXilmPhSSIgbLwzzdHGe3zdulgN49EPl8DWM414OmlJ9/dYgMQwrpNjZR/9xw0ZQc1cvp\nKxQFSMhTA94=\n$__EDBwrapped__$
F	dbms_profiler	flush_data	Schema: dbms_profiler\nName: flush_data\nResult data type: integer\nArgument data types: \nType: func\nVolatility: volatile\nParallel: unsafe\nOwner: enterprisedb\nSecurity: invoker\nLanguage: edbspl\nSource code:\n$__EDBwrapped__$$PROTOCOL2$\nUTF8\ndzznIIgEh29FQ4nRpVcCldMRsBZAzJzmDDWC3PiERVMfx77ZLjG1sYIvwp8gA4c9PaR6HVJiykIN\nCYwa2qEw5RSFdS4nPqWufzZZ0j2dU/3dslmtnd5xKnhX63U3xjx+3AgldifOPgp7Z+uHjH9RdE4p\nvZOj8unQW/7O9dKnVgtH74OQxCXAJITRYSxThEFW1lxfWfD+zFUxeM7grG+Pfdr0UEpG/SYDOI34\nKYP6Ak0qr6/Y55GXjrqs0jiOVRxPXisUap4/9z9gcrGchRGpEmiFRMVgJlEIh5h7iCRHhBIXPHn9\n0WryyHAaWODIRTwZKpXWuhAlvyiaQi7shLw9MBO0yPjHczJUXRYrodnSExxHu2i9PHHIsRjO3tq3\n5lzQvppua0TR4fc=\n$__EDBwrapped__$
P	dbms_profiler	flush_data	Schema: dbms_profiler\nName: flush_data\nResult data type: \nArgument data types: \nType: proc\nVolatility: volatile\nParallel: unsafe\nOwner: enterprisedb\nSecurity: invoker\nLanguage: edbspl\nSource code:\n$__EDBwrapped__$$PROTOCOL2$\nUTF8\ndw2QDe4zMRA4xE5Ie+8srgXB9KEjMcKmpKkLuOT49TjZ1dQO1H4iqSQhQR86wQZVOGSPCikv72US\nvnOsgRiwgg83KPwwekY0CB2nQo2a/r6cV11+yMrNqedU+axSO98Ae6Aa5zoGGUt9/JvNCV2pqrdM\nCCiejYPNGA6Mt0aFi/+Me+EqWcQtfkIsheZEQVecEWcouZQdRt5C8d8hzILeqBeQqyAaAWca/45X\nX7JUVpwHbPGn2MIXtCaO3Y/v99Kkq9CizaYzaGkJABeFMtH9eeaqoIuS4mPXx3mdbH3FsX3xJ3Jo\n7GcBN0GTaNWpnJPFQYl4CZzcxec9SPr13VG/d7jU/1jjwPdiSrXDlvlZKIFI4dkrP3ONtDFNxQ+J\na5I18tXIXFBWdHhnBa1MehACksNNtpTCO/bgc8SooIkuQlCgpU8f95H9FrZN+w==\n$__EDBwrapped__$
P	dbms_profiler	get_version	Schema: dbms_profiler\nName: get_version\nResult data type: \nArgument data types: OUT major integer, OUT minor integer\nType: proc\nVolatility: volatile\nParallel: unsafe\nOwner: enterprisedb\nSecurity: invoker\nLanguage: edbspl\nSource code:\n$__EDBwrapped__$$PROTOCOL2$\nUTF8\nd6/+mFc267o35oZbiHMUcb1CVYwQWLbIfheWmyjpGSyBnZnJKUfiroLvuCTLKGyYcSXev4/SvvK/\nxyPV0c2WI0hSRt9FTQMLA91X3a+WZ3mBodcLAhGXTL0CxTRW/jGg9ElsLta8PYyi0bqNQDiPHHAl\nIjBoBzGpR+g=\n$__EDBwrapped__$
F	dbms_profiler	internal_version_check	Schema: dbms_profiler\nName: internal_version_check\nResult data type: integer\nArgument data types: \nType: func\nVolatility: volatile\nParallel: unsafe\nOwner: enterprisedb\nSecurity: invoker\nLanguage: edbspl\nSource code:\n$__EDBwrapped__$$PROTOCOL2$\nUTF8\nd1Sd4EVZLp8tvegYyLpomNbzAymqr2/skZaFRZo8kMSMIiyzBKLIS74WN8WiQ/93iNcDNqleVerE\nvjA0k5ueSPoUJhePZqu++vt06M7BKX0dZ0HHMP31Qnp0HYz0XU9ADYWsvveOkNOat1I8SNzOi1Cr\nXSny5+fsbSs4xrTwUdxvVkm/VkRP4PzpGseYvnesF8B95BSKd2rh0XLDhIqsPD5Xh3lSAJlwHfYg\n2VPyF9WKzqs8tBTsCvtQ6395hKuSR8R24bIBkvYHOdX7ScdYI3EuAWTlcReDIZdzaOHbuKISUn1H\n$__EDBwrapped__$
P	dbms_profiler	_write_units	Schema: dbms_profiler\nName: _write_units\nResult data type: \nArgument data types: IN p_run_id integer\nType: proc\nVolatility: volatile\nParallel: unsafe\nOwner: enterprisedb\nSecurity: invoker\nLanguage: edbspl\nSource code:\n$__EDBwrapped__$$PROTOCOL2$\nUTF8\nd1MsaEeirfv5AkDdZOsmXRZ2m4Y+olgmKchkdgFio4a6BQSBajgCTaFOTZAbwWjQ5INwOUfwlqNI\ngFCbNJC/68nfArplqFNIeD850OUx83O2HWcF454rLTn0HuZ6NtZmaYfVRjFJoYtUWQTuZJZNwJiw\nWv5yf6IxvbcvQF2BkfAUjfvNtTGxDYwyP7fXiV40NGrhnHUvmED6ojUUiTpJ+KW64h13OhHaHq3W\ndk5aYH6wDJEwBbqOWMEI+ONDcQcjNFySv4CX0Ojyob+sksW3B1i9ZCKjPRvgsknTLCOvsPaQ/VUr\n3gxa/GDEjKSJ1nCk61VdRplVcggRHktirFUmgy/3YefDsAVffILqsNeRatjGYeefHsoRuM2bRLF/\nesSkMUmVB+bZF5r5JaoHBkCULN4G/aXNvBBEVieVJm6ZTRNOEeK4FchMehPAd0bOkX8QlOEzuAlF\ncMPMcncxh2L1HCbk5RBZTelfDkhj3rOmceDt5udJnaoiyAYR9/UqeIrhcoXHe/xhJGx6NcKk99gS\nlxmKqFGnrISAvQbeTm0lek/aJSAV3CJ8L8nYKZTA0hWOSscvYkqDFccsIEIPzNeur4wFQ9zhj3tD\nVfLQqtCzWREe8bjF6m6mDcCqOeS4eqVbL2Eva4XsfD2MDR+yspQ7NY7pj4kzEDbAnVIkwlEVCXdK\nSpEdXXivxFLmgS4lg8K+LsGpQggY4Dlnz2j1URsNXtcl/QsCEQqmEXx6RYn89uI0K2heKflk\n$__EDBwrapped__$
P	dbms_profiler	_write_runs	Schema: dbms_profiler\nName: _write_runs\nResult data type: \nArgument data types: IN p_run_id integer\nType: proc\nVolatility: volatile\nParallel: unsafe\nOwner: enterprisedb\nSecurity: invoker\nLanguage: edbspl\nSource code:\n$__EDBwrapped__$$PROTOCOL2$\nUTF8\nd0Fe6fJVAWe7NnMGb3zExFm3ka2K/2RHIDGE6gzFvNHiAFpsiLuZSSTcbvwrJjPMI+wVEvP3fWdP\nl5SoJtd6jnvmH3iiaepAc/QBrD2Axv5w5OSPIvdUfKbdTfigpBvlUly50vI8G+FEkYXyHBDarzc3\npv2a6pX1snhQobF02ALVGVPxyuaiAlWE37VymoRcqz+z/Q+w7AHLFEHPKT76vcbPHXWgSXk5XyGz\nB0mKxqfmYyLEumSTV0WXV35ibdR0GeJ6gMxJBjAXI4EOosWwWlvHbosSavZ9npLjOQAiV/TgyvEE\nQRHlYISfXG/87kIdHdQ9PTCOX2EllDBcDuN7Pm4T0mQ7/TVEDpV06qmJxl0iK9mHqcX4qOCJzHuU\na5oWGKrjn43sz10prUG3pqR1+5vW0DlgQD70lJ6cMDNoBrTh0EE=\n$__EDBwrapped__$
P	dbms_profiler	cons	Schema: dbms_profiler\nName: cons\nResult data type: \nArgument data types: \nType: proc\nVolatility: volatile\nParallel: unsafe\nOwner: enterprisedb\nSecurity: invoker\nLanguage: edbspl\nSource code:\n$__EDBwrapped__$$PROTOCOL2$\nUTF8\nd8KjrufJ7MSbOtCUVhN1kZmbC1eq3HgGuLN2pSF7XX7aDo/d1/SVf0DouO/sjcWtxE2KjGGOu90k\nXtB7Xq3AS8YUwHjW6xjMTn6sxbqI4iIUl1d24j37I9LAf7flWkmQyyi9u6cBoZB/SRukNZGcZQaY\nVAHn0+Dx\n$__EDBwrapped__$
P	dbms_random	initialize	Schema: dbms_random\nName: initialize\nResult data type: \nArgument data types: IN val integer\nType: proc\nVolatility: volatile\nParallel: unsafe\nOwner: enterprisedb\nSecurity: invoker\nLanguage: edbspl\nSource code:\n$__EDBwrapped__$$PROTOCOL2$\nUTF8\nd4IkHEjKGiZ6uQeA2wj4ZXztIn0fSubQWVOBQCPWowAkqgiD4fuf9rkhpO7b9EhUO7izoDk/fobw\nq9sL91pMjhqCjJcezIl0Jbm1zQHO37W81BxS+5QN4zKZ8fEphQikRMxDWcsbDgMFY+18z7gxPQ==\n$__EDBwrapped__$
F	dbms_random	normal	Schema: dbms_random\nName: normal\nResult data type: numeric\nArgument data types: \nType: func\nVolatility: volatile\nParallel: unsafe\nOwner: enterprisedb\nSecurity: invoker\nLanguage: edbspl\nSource code:\n$__EDBwrapped__$$PROTOCOL2$\nUTF8\nd8zDMA4a/PvK5yf9OW98KVyKvOrVGlMZ9Z8mcQfl6QY6U72fqsv9kfrUJoQW3Thz0oDINGUeyUO/\nCY/4mbnfmni+n0QjeHG3YNxmEIifWxAlOKpNjwBGbye7F+okoU4gGMPjMhWCZNZaIIf5zjJqiATg\nHBj4YWuY\n$__EDBwrapped__$
F	dbms_random	random	Schema: dbms_random\nName: random\nResult data type: integer\nArgument data types: \nType: func\nVolatility: volatile\nParallel: unsafe\nOwner: enterprisedb\nSecurity: invoker\nLanguage: edbspl\nSource code:\n$__EDBwrapped__$$PROTOCOL2$\nUTF8\ndy7PmkgawCjguwN69sDN5CHd+ROUirqU2179AexVCJIpCXN/p2G8MBAMIGGzN1qoR5h4HfSYAsVw\noVji1fDMBsdhTvwHVqpnguoBTEsh2fE7S3q1Ro1uPxMQvEDz5hmaJlsi4DCGi8MTdAzsMoIbN7iF\nhj3DKWB+dIRWRQr8/0JGpeNrJ/TW540=\n$__EDBwrapped__$
F	dbms_random	string	Schema: dbms_random\nName: string\nResult data type: character varying\nArgument data types: opt character, len numeric\nType: func\nVolatility: volatile\nParallel: unsafe\nOwner: enterprisedb\nSecurity: invoker\nLanguage: edbspl\nSource code:\n$__EDBwrapped__$$PROTOCOL2$\nUTF8\nd0CGENLaApJWZX/MLgbvNH5vaIcRsuoi/at/qz/y6eO/YF/0euVZ3tg1ZP9V3MOZtJD2GBIPSeRI\nN7NesUbYlQm8KLIw5gAlAACSm3iq816lCPSwYeM0xuQhsC0GsdVjDf0g/dLkdV4R9bIxl6LbEhKG\nQj/nudlRFYZUg4uSTJNK2Z0NYVvGYjr/OmiF//DEZ3sT/kvBbf4Pl32ooMCFqwu/LB2n2WClN4tb\nHr9UqakYoyX4kbh4u/emtzrnnuqDanX9HCkl5lBW0zo0SGewHuyBxZQI87Xm811MZb1NEQbLJYkI\njXqk+HD8ZHqsu9X3scRpP0aU0zxGo9DCEcmE1yg6bfVxIrUCciEyzlpYAvKaOWJVJmWnNUiR2uwm\n1UgGmlBd7nyP+ZbjZ0edrBk1Oo41yy0RcbXjPX4J/8fH1mtqCgKT7SznJKBJbGXiD92cf7IYKyBc\nCKelZOvKW+l6Ig==\n$__EDBwrapped__$
P	dbms_random	seed	Schema: dbms_random\nName: seed\nResult data type: \nArgument data types: IN val integer\nType: proc\nVolatility: volatile\nParallel: unsafe\nOwner: enterprisedb\nSecurity: invoker\nLanguage: edbspl\nSource code:\n$__EDBwrapped__$$PROTOCOL2$\nUTF8\nd4IkHEjKGiZ6uQeA2wj4ZXztIn0fSubQWVOBQCPWowAkqgiD4fuf9rkhpO7b9EhUO7izoDk/fobw\nq9sL91pMjhqCjJcezIl0Jbm1zQHO37W81BxS+5QN4zKZ8fEphQikRMxDWcsbDgMFY+18z7gxPQ==\n$__EDBwrapped__$
P	dbms_random	seed	Schema: dbms_random\nName: seed\nResult data type: \nArgument data types: IN val character varying\nType: proc\nVolatility: volatile\nParallel: unsafe\nOwner: enterprisedb\nSecurity: invoker\nLanguage: edbspl\nSource code:\n$__EDBwrapped__$$PROTOCOL2$\nUTF8\nd5yIQCfY9am1BHkWecYHjyR5rvhk+gaD6uBBz9gQ3NCBJkAVX4vIg0AoIouez6OPY13u+FKSay+R\n0r1c1B6rSon2LjO3puvxkMApPhcDA8+QEWXH8y76k61Ee6Iygzed3mq42PLocQZnQQ3RlcM5JJXE\n8bIXJqsgC5GnkUMvs0/a1w==\n$__EDBwrapped__$
P	dbms_random	terminate	Schema: dbms_random\nName: terminate\nResult data type: \nArgument data types: \nType: proc\nVolatility: volatile\nParallel: unsafe\nOwner: enterprisedb\nSecurity: invoker\nLanguage: edbspl\nSource code:\n$__EDBwrapped__$$PROTOCOL2$\nUTF8\ndw/nLcJu42Gy7xtb1xothfP6mDPOKsv0qKPtjsnuHVPcSys42mkQyHwQ9IulnXqjDX+9oLOddDLG\nM/LNBbPZdEmchp9v+C+GHbC2Ud0HYSg8t54mzzpjNcjOjKSNsnT4xNgQv5vQ\n$__EDBwrapped__$
F	dbms_random	value	Schema: dbms_random\nName: value\nResult data type: numeric\nArgument data types: \nType: func\nVolatility: volatile\nParallel: unsafe\nOwner: enterprisedb\nSecurity: invoker\nLanguage: edbspl\nSource code:\n$__EDBwrapped__$$PROTOCOL2$\nUTF8\nd3uhERCqfnVQeEFQe+hjgHOBfaOELGaYj7unYvRV4ry4YMg8DuF26hOwUrFhPmyLCeOpD3eNMc0H\ndYnGUHs5VLd2tWmmEn6MLmJ6gekEDoepCGGFfSVeuZFqZyPuIab0InwH3vfKaRGIJJlvnAbDgbB5\nDvFsOuY=\n$__EDBwrapped__$
F	dbms_random	value	Schema: dbms_random\nName: value\nResult data type: numeric\nArgument data types: low numeric, high numeric\nType: func\nVolatility: volatile\nParallel: unsafe\nOwner: enterprisedb\nSecurity: invoker\nLanguage: edbspl\nSource code:\n$__EDBwrapped__$$PROTOCOL2$\nUTF8\nd22G3x8tgam12oul1zM8e0IlKiKO7clkqDyibETshw+vh8eP/xE26ElkApuwe4bNbWkfgFqK7WgO\nl3z4cZzC96ZKEWU7uco4rpyxioapC2yUFFtQeOeGt2pUhxqXqBAHlcBkqCkXSh6uUHaxmYj/z0xU\nWdSWuUdwZA==\n$__EDBwrapped__$
P	dbms_redact	add_policy	Schema: dbms_redact\nName: add_policy\nResult data type: \nArgument data types: IN object_schema character varying DEFAULT NULL::character varying, IN object_name character varying, IN policy_name character varying, IN policy_description character varying DEFAULT NULL::character varying, IN column_name character varying DEFAULT NULL::character varying, IN column_description character varying DEFAULT NULL::character varying, IN function_type integer DEFAULT sys.dbms_redact."full", IN function_parameters character varying DEFAULT NULL::character varying, IN expression character varying, IN enable boolean DEFAULT true, IN regexp_pattern character varying DEFAULT NULL::character varying, IN regexp_replace_string character varying DEFAULT NULL::character varying, IN regexp_position integer DEFAULT sys.dbms_redact.re_beginning, IN regexp_occurrence integer DEFAULT sys.dbms_redact.re_all, IN regexp_match_parameter character varying DEFAULT NULL::character varying, IN custom_function_expression character varying DEFAULT NULL::character varying\nType: proc\nVolatility: volatile\nParallel: unsafe\nOwner: enterprisedb\nSecurity: invoker\nLanguage: edbspl\nSource code:\n$__EDBwrapped__$$PROTOCOL2$\nUTF8\nd9bLVrVm5bJDARvui7X+84R8/MHUx7+wmCYfKF/E3RnVrdfbf4flDYMW5AuhntUbW+7no2bQkIO6\nwi/dMqhvtSfXdns7fa9eH2J70wyCmJpIv+av4295paHn83NfFB4EexO43Hq9uC5KEsV81e5r1BcG\n9UrgDtjuhcZ4rKjjK/fRv4qE0o9gVYc8AxBB0rxs6TmLKWzK6SKEDKs3arx6k9OFmFQxSNlx4U0V\nDYWhg6n/4o1qZTg+iCcu3c2IUAXFP3uP8OI+kpQaFIBDQP/MDI/5EmjINQehkO1JWcWkUURAGW+5\nbtUoLjXto9B5shGfJ3M1pJhtvtO0DdnmvL6XDwbZJh2HW2Hs5Kw9YQ0y3BZk9kNs/NXKnq7+y7bl\n/7hWSpuX3ec/o333GTMwHga+Kb30DqP3GG5CRHMNF3u8mXnhAxhCEWV2QuHVN/YtnrueRSoTHNQF\nWMbZO5Syv2GR6oQeuXuaNjoQZeuLJ5Z3d50ZLGl3StlH4YSTtRstJLxn3/Ep6BlgoIwafjboNkWD\n26wYzr7x9IF613BAoDSY4iPD3bPXoHjRvhpi1guXME5h3UiLleZZlYDzMHJHAbcg+qP676C5Jrnf\nc4XSchTlJT7aTAEDY4L9IbI+CfaXqGX2fpl4EmEe0G5hCZv6ClYchwntFqBsiOAKY0QkTcVIf2cN\nMKYEvv+0D9sMUxy0AlFQJlJoJA8Eo2HwKkAva+QoWxedVKYNIrRc+ogrx4yDTNyAIPMxhq709JNX\nS9WBiJcsOPIeikDPB2Gt2z4QOvSWBqg8GPCRsi93XDImdKzD5/iM+BcT2A3WEwBpe3jabNZI9lFJ\n6Livd8tKiZP217+KGg8l1AV5qWajHujXEf+ZZkp7QQ/+wXKchKakBo6Dj8LPaHuPesIP+jLiEP/z\nl5sEEh7qfUYR5wHE5rnqfHHNJXmVnxA46V4s79Mn20GeCQS3u05nNgMYdWie0PV4mQef8EDw26Uv\nh3Bz3eRUZm187JcUc8DHgfcYj9xLzD/cbkAYD4V+8Qti56uz\n$__EDBwrapped__$
P	dbms_redact	alter_policy	Schema: dbms_redact\nName: alter_policy\nResult data type: \nArgument data types: IN object_schema character varying DEFAULT NULL::character varying, IN object_name character varying, IN policy_name character varying, IN action integer DEFAULT sys.dbms_redact.add_column, IN column_name character varying DEFAULT NULL::character varying, IN function_type integer DEFAULT sys.dbms_redact."full", IN function_parameters character varying DEFAULT NULL::character varying, IN expression character varying DEFAULT NULL::character varying, IN regexp_pattern character varying DEFAULT NULL::character varying, IN regexp_replace_string character varying DEFAULT NULL::character varying, IN regexp_position integer DEFAULT sys.dbms_redact.re_beginning, IN regexp_occurrence integer DEFAULT sys.dbms_redact.re_all, IN regexp_match_parameter character varying DEFAULT NULL::character varying, IN policy_description character varying DEFAULT NULL::character varying, IN column_description character varying DEFAULT NULL::character varying, IN custom_function_expression character varying DEFAULT NULL::character varying\nType: proc\nVolatility: volatile\nParallel: unsafe\nOwner: enterprisedb\nSecurity: invoker\nLanguage: edbspl\nSource code:\n$__EDBwrapped__$$PROTOCOL2$\nUTF8\nd783sUdZ6x38zzhJMuHaUVYT0aflKM0UzD8WFge7aQIrdhCpQWJLr24ZNw3DTQpiV7eEvtJBl3kw\n2TWxmMTyD6aAMu8k6RqBdPDIH17NpuXnvVR6/TV/GLLWFFmmxsREXHvS0W4e+OEuutS3ut5s9x/G\nWc1oo075cS66L0QlBoLPBYjIsBArH6DtwKIYyGdYeJ+pBl9SjEQ24zAKjX3Gx9Wv70g8Zykw8BGO\nx1srlEGJ5aEXSaYF6WgNhxKBeabvDCsxnMjtWIx1KtTvfJkjV6+gpyL+WHUOpMn7n+YgQGOzomiY\nqEmakYyvOfWqX6S7BHoGxjgvEO2AvyFqhGTwC8y6huqhVfHFOdiPTNXMXV0+fSXjRw5KFWSaATF5\n1EoxAdAib+nG1rsjFmxRSBlkB/GfNs385FTbgMT51nhZqSZUBqKZRXY1kNStJ2x8hJ+a/1PRAOM4\n+S0yQ9nLZ4eDU87+Fl1A5FKdu09icHlP7YVAK3oSkEaVrL2hIK0f/5e3DLk/KJSTzo8I2qu/dsoP\nvoQC7/3HZR9wiZnp5IIqFMGJ2oZGoN3o8byIcYdr4TCLAQp5B0FsCGELlOQdnzKItiMqP6WzeiRj\nPeSzmBbH9m+tPzEmkZFzrIOzWO9XafwvJFeN69B++v9F6PPsvEHDHiK8yjvM2LTqSOkR3WlbS4V6\nPPCpxh2DGjGQOPLzum0oXhGlksylEheHxqYSXvz63lvX9vF3hckSgqHceDJW7HVtqF95qHNSLrhs\nupJi+b352VoQvzHxE+44hrdLU7GJwnfSV9w8YMyivkupM7C9d4f+dTVVjY2r5KK0g3RnNS+X5ucS\nQJjMnrY6bwUsmq7fuzYjHk+aDj6rb4+AWfC+t0dv0fKnc+6m8AFjUwPSHmOCLSW49+Sh2cNNqz2W\nghg5VNef67uaoDdkyaAqngQe5hDa8XwU1yxr/D/maZh9ML93jm8oojX4QPYeAegsvyIpzHPH4MZs\n3y3tt+sLZ6tK8NWznQdGDPxsGX0eEX2ZlIQMDeGz2e8G+YTrhBNvJ1jbdkoP/Fg81yhiBzP6Ux4t\nzIrrRpxQMiIf8P6Vt7P4WFTW7mjBDML1NPacqdo+A+lALQuqnuO6n0VejaK/VTbm0kFpd2mc6pHu\nhEcmSxQkEXXDPBxtF9RRld/WbqP+YBLDNGuPkIQ8CdUR5LfWN/Suqw9uzSKdI4HgtBtN5GQ=\n$__EDBwrapped__$
P	dbms_redact	disable_policy	Schema: dbms_redact\nName: disable_policy\nResult data type: \nArgument data types: IN object_schema character varying DEFAULT NULL::character varying, IN object_name character varying, IN policy_name character varying\nType: proc\nVolatility: volatile\nParallel: unsafe\nOwner: enterprisedb\nSecurity: invoker\nLanguage: edbspl\nSource code:\n$__EDBwrapped__$$PROTOCOL2$\nUTF8\ndzDj/X5h50s7A1hDCsk3qNcTtVz2hlcwoMpD5giKEN4fMLnYJtP45bTqw1J3hTd9kzTDF2nFdi6q\nXyp4eyhMAtvx+ODD1G9lNBcxLogj5ViJAIXxPwhpMUNK2/gSGIHOhomVo5KUfGY2ezzf6vnKnf3u\nwDJKzw1Q1zlAtCo3voQ3Iydwm5DbdafTAi0dVAezXtir8Cby2/WDKGN6IgFHjAXjuAFAf1dCuf5Z\nH6CxwknZmXXejdVF5nmzYLEkAq7SuJKbMfnM1aoK1eoXwAqrjMooDEB3HrlwHX3CeHalgvzqlk/i\nNF44yihRQZ5pSJESMSls7aLxunpmnWQjRolI+DA=\n$__EDBwrapped__$
P	dbms_redact	enable_policy	Schema: dbms_redact\nName: enable_policy\nResult data type: \nArgument data types: IN object_schema character varying DEFAULT NULL::character varying, IN object_name character varying, IN policy_name character varying\nType: proc\nVolatility: volatile\nParallel: unsafe\nOwner: enterprisedb\nSecurity: invoker\nLanguage: edbspl\nSource code:\n$__EDBwrapped__$$PROTOCOL2$\nUTF8\nd/2buTl6GYhaiWyJ+Md8JdBhuC2dI7VH0sR2T+cuUO3iJQ9y4maUz61/Md0MRGLTHPYsL9b8x1fS\ntY7qqOF8DL2lDpP3qi7A5LrCMZPIw2tNssl1x2ajag9e59H0zVm2ZZPNHskbOGKRQI1sUKeSVbm/\n4HuRK0W/YVmyShSN4Bj4ZNyFtHhrb4cKbv7cLMaPY3pc3lBg2rCopzC5AHWnsle7/r0nFA7Zl55Y\n1fgo8FRMFzMMqBsdkAF+XSzf6qxCd2GzO2OFU2jmhSnQGIrXE2RakvqS5lU8O2f37mQGMHV9mP4P\n/qOhMzzlURKrXaLfL7ea6/tHE/6SO52sxlvhYQ==\n$__EDBwrapped__$
P	dbms_redact	drop_policy	Schema: dbms_redact\nName: drop_policy\nResult data type: \nArgument data types: IN object_schema character varying DEFAULT NULL::character varying, IN object_name character varying, IN policy_name character varying\nType: proc\nVolatility: volatile\nParallel: unsafe\nOwner: enterprisedb\nSecurity: invoker\nLanguage: edbspl\nSource code:\n$__EDBwrapped__$$PROTOCOL2$\nUTF8\nd74eXI2XJ1TF/D+SbuHLcfIMsCOScgia1uMggQUiZcW9VNocdIU84/juxtBNFecdaKnwyhzMfohF\nXqZtOyxgUAFVAiFzKlh52PKHioqUrg642+GEO5PFXYAxRaQkheG3ft/Uusisq/50E8L2acD10kCO\nfTJk258EH+PcLWTAeGjOyTfHuszCUPWIT6rNBJimKPg7TKuuHkwFTtrY/eDWZKcHRlB/fRlptFJb\n1ahlEEPG5fDvGv+UXB+OleTuDmrr2pPxkeoLTatYwgBYLUIOQE9U2cHLzD+VjIwlK//S2FzVuvKm\nAqHOHkbsvWDMHtv7SzWEk3Kb3aTg\n$__EDBwrapped__$
P	dbms_redact	update_full_redaction_values	Schema: dbms_redact\nName: update_full_redaction_values\nResult data type: \nArgument data types: IN number_val numeric DEFAULT NULL::numeric, IN binfloat_val real DEFAULT NULL::real, IN bindouble_val double precision DEFAULT NULL::double precision, IN char_val character DEFAULT NULL::bpchar, IN varchar_val character varying DEFAULT NULL::character varying, IN nchar_val character DEFAULT NULL::bpchar, IN nvarchar_val character varying DEFAULT NULL::character varying, IN datecol_val timestamp without time zone DEFAULT NULL::timestamp without time zone, IN ts_val timestamp without time zone DEFAULT NULL::timestamp without time zone, IN tswtz_val timestamp with time zone DEFAULT NULL::timestamp with time zone, IN blob_val bytea DEFAULT NULL::bytea, IN clob_val clob DEFAULT NULL::text, IN nclob_val clob DEFAULT NULL::text\nType: proc\nVolatility: volatile\nParallel: unsafe\nOwner: enterprisedb\nSecurity: invoker\nLanguage: edbspl\nSource code:\n$__EDBwrapped__$$PROTOCOL2$\nUTF8\nd0NhftpfPDoBC8TdJdmax6DjbP792sIss3dJlMuKB7M/vqfvMxQYwhfLtDYONurKRLgqjD/vDtML\nLPu3QgDFwZsJ05klX7TWHxWX4MlijoxZDqvyaKKgmUd1gYrEylLaBAEoqAQW28lJs64rczWqU7O3\nqU2yl9pUj4ge/KEve6Ym8Drj/30Z5oA+d8eQYjFnK4zYyN1hduu3W3MtejPZ5hH0oSjU3NfizsWb\nFpIHOMhCIRUt92+719xoyORzMRWO50NcygAt+pgMLw2FjJCFGFpw6F+i8kIj5Tx6GXKLtc6ExdjI\nDwZVqt8XSf14wCFkkXz/ZO9U/dWH04ahFT6r3i2dEOs9uRPGPMaod7B40d2uyW97uNWrIWM9tWkm\nL1AqVCUo1OWrjxYJMHJdfXJJzfl4H9BbpscVUyaIoc6UtVt++nMw31HV2MLP7HDgzgNEdZiQ2vtD\nIWl+JOeVhB7Opi2qShz8uyY8Xmdrsi9Y0LmKOZ9ohIEfzObBap7N6sYgEB3swmb6R2HEwDvCiFeW\n2L/Ctkn/LEMtBmLUmxKD2d1ITxcYoK0yBWmycWL77D7ESjt/JQFy7bZk8WNvNs6D75uUPyODJZZK\nIHAHUnCQphywZ+LCANY6tT07n0BaXw7PlM7DXkV+ViANKTtwRpPeEC3C0B8XcyPuY5MWeLGMS2rA\nx88yGmhYlKvqTWCtLlZzUXQJBVcJI6wHDicJjfw+5BblR8OpNrAeVkDmsXIP90wcB79YYI07NFVI\nT630WDvGPTbKoaDqtc/NQ2PGI+FsMk9LN1bUaUyzuRWk4FXTMWtc5VeBfqaIVIkyJGqTmqevooEW\nyuIwKmyMUnfds6tmDQr0NbTwbPb+e/jR60DXLx1IO0ds3+crSKjUbWbqToBb+ujrA7szaQJE4xuy\nYewtFsHA7ue/z1DKIJWKARaHXmQk/6Zr5JPnxVnFWJ3j57WgzpQbM5z4qf0klZudfhhdYKLdnstm\nm6jVaoPYgK5lXyGkzrVrVXvsaMZZJAbXUpNnvxKH5i4lOKigJPd+qXEHXwEAeyr1RQHSZ9PVq1s0\nYO8CfKFK4p/P+qZnYvVKRB3HM0BLPQgaUH+xmSNsITk=\n$__EDBwrapped__$
F	dbms_redact	_get_qualified_table_name	Schema: dbms_redact\nName: _get_qualified_table_name\nResult data type: character varying\nArgument data types: object_schema character varying, object_name character varying\nType: func\nVolatility: volatile\nParallel: unsafe\nOwner: enterprisedb\nSecurity: invoker\nLanguage: edbspl\nSource code:\n$__EDBwrapped__$$PROTOCOL2$\nUTF8\nd4coeOdJAFSf/FVGnV/tOUsMZHkJ/lLChNFhJAQC3xQWuYqg5ayynPhy+t7n8vOtUqgWxpsDg44i\nxMo/9A+W1pKkjL5Tj1gyT1hscweGIXp6/elrkZ4nNwPYWECgf2FdA4SUkPmG2nsD1Psi6IMDP7kO\n0o0q+/FklplNhxT6KG7X9ol8e0PciaphFLWuPxcmGYmCl5OkI2uJiL2u3PDAsfWSAHQapHQzesTo\nr8XAku7JW+ZErzm6dcxf/0BiXS8GuTyDk+bEwE+IE5Xfaq0xed8M0pOKig4=\n$__EDBwrapped__$
F	dbms_redact	_get_redact_func_call	Schema: dbms_redact\nName: _get_redact_func_call\nResult data type: character varying\nArgument data types: table_name character varying, column_name character varying, function_type integer, function_parameters character varying, regexp_pattern character varying, regexp_replace_string character varying, regexp_position integer, regexp_occurrence integer, regexp_match_parameter character varying, custom_function_expression character varying\nType: func\nVolatility: volatile\nParallel: unsafe\nOwner: enterprisedb\nSecurity: invoker\nLanguage: edbspl\nSource code:\n$__EDBwrapped__$$PROTOCOL2$\nUTF8\nd40D+h3DY8n+IqT1BHNWvXYXa03m/0rveB5ZGv8cp56h9wmE//At0IWFxMxxPw6nPVK1CjsA0HH2\n6q5FSGkS1PUv0w+cKCMTM8CM1bV9exWaxNmTZ9a5X4n/wChKpYUEkmp/upLGsVj2Wb0L5OAYAasb\nEyox4y74vOVw1ZAJ5EiPNmo7rZyUa5tqqvSMnQD1vqszf4yRyyY5DdE09KRTykKvF9+wVk6rGpvP\nUrU2fgfF6GVT6rCMoEshMimnQRrCXmCtv4bnbAESHE3YYTI+DNfVW4Cn0dFXZugzY/sN/C+I3bHr\nT0NsezkT52nGCiqR5pk5crOZVaMQ+i1u1EzAfhBAfT1bVobL2y1eeyoGfTUB58YKLQ7YSQfhkErC\nuIVCIlMfpUliZqombqfHVBVnIMOqaCrBAqMKcAjS9wUk6LkwwfJt3/xo8XuwpRvAP1j+U25583G7\ndIjOcHA0TFvkPrAf30VRI+zC4SrTqzrt0RzAt9Vs5i8Xw1jamYb/tLyGuaXbl5jQ0Vp77Cp8tPsM\nqfgzdjnV7uBAXbjiBo8LT6keTXkSLolr+Hn5dZwi/rbLMPJWf01yiNaDEQpZ7EMAd0gvb7TYF5ay\ndYG6ekCimxlWKkbu/xZAsbjhdTW5pvCXnxKNVrtWom7G39OewelfYSyicMorb9wLhAC/5obH2pKI\ngy+oVsFuxe6uX4XHXy+KGcS2igvIPLJkr+kL/8pHgI9mspFXzKy+5riyLV3SJR/Ke1mzRCwUh1s1\nUc2ma7HMrpx/CKBYknoaGFAv1zXrc6semogS4nO6di82+QMUKNvRuLtbGnmn1Tdj9ff106S33sMe\nn64nSNSka1Ze2Tgmf2JrlALWzUlB/WnP+Vhal0HDYzO4s7X2HtrObdJ26ucS5LjdL4FXa4+Czi4d\nIz3+aGRXCqUD3H/9kzuqnR0Q7V15blnkAgdBCaHBwyO34yhCXKTBTCcCSnf81r7NpPd7EsRIwBw5\no0OYAz+B0UFfLh8nYMPpLBXHsTqeQ/Ry28FUYKob+eovI3CX86uAjfmaCyPHP/eYq7V33mziADKu\ntmp/3hdWu5Z5nvQc5PTMQaQLrWQ2b7MyuVwSG/+mSgNzo1UZriDP0qqNigKH008h+PwhDnCufbqY\nQj6rOHHS6aO6ReSX+2qcCcAb0XAL7egYDkQGs897Dkqcl1cLIFad7/gBb2q82oMn+vAuH+UODn2O\nIG2c2IdL8OIN42dVa2bR67uGsycCRDLAS2pLTQj4uhfmemt1YFGVhrb27A7fzcQcACF5tGr6P/XE\n+yInkL9TIsTgjWRqSUDz6wwwpXQRglLxlmeQXWb9amVataNzQJMZcyHmPmio4F0pe9dSkCov+if8\nSlPpTQnu7u2PA0JQocqqA2wBVLNjzcWachSJrBR4IqLzXifVVWH2b6ooRMQAg/TWrdWV4cFJlgNo\n8J357/N0hmV0p7jjRfqZBq6dJTQYOByHsm1TgG8wG3RdzCPOSooBTTJtUfN9gm7r+XgcggJKMs7F\nckOINrauXkD6bhckBpp2F/Why/Th4rON4iTVVEXTbshMUkF1LXXZsUQfzJ0qeRMqta2sTiQmWm6Y\nHqTu4npd6OtNdVYkG1XFsLBdIhl0sOykN+0mpZS87KML3M/wv2idqyuee1u6c881XgkGB0YirBrl\nhBM/EmTDGN0WGtdFB2STTffnX/ZalSHSYC5Hvfq9YlSyVu7fr/FOz/a4U35MTD0SMEQR9twiQu9d\noMldZhcNySgTSW+07p9XDcVUQY2bPVM9+aiRSUjfmY/y9qz25vE0/2GQNTu+X7r3Td+kzLpCuX/r\n7f/sngCNcYL0un5ck7yDL+7m96Xs8wlY6Ma8zMCD5qadgdG9K++ptpquQ/O12WMW6jv1n8fATS/T\nwC66Nxk5p/jTVN+RE9qb9QOIgAodGWET73C8SlhfQUia5JdA1GHWd2s2B5DxBgGPN2o+ZQYi28Hm\nXr4H+/ESpp6ZH6b7sqmNbqFTIA9FT094quCB2bxgbHMO32GDYdzhBsnncg5hQub7UVWlMoO1ylTl\nJnNGg8NwID7z/uWh4hFv1oeEXyO7zV8dXIqkRHTVJjNr60W/0qZ9IDITDOehsXsdavq0Xp02MioT\nTNiOnpErA0roeTmn6eBTJnsH1M+ozA4F3wDbdlPj1cPvZmu/koPA5qOEx8D0mnlpjyMF7IIPWldb\nNA4opfeRbsh7WfBV+eseyk7mny8NYzw/bBJTtc0AqdJvkkQRLTKcL6BQTE9xMgbVb1aX5FK4Otf2\nr3bAAV8OkZ+zX6IBCy1NX28JugZL8jthV00tds7pBMkKVdL93zDVbHGu4/QMDIwDPeiCnH/8nfWQ\n7xgGf9bcPIblX0GZayMSpdzxGius1XRENEGV7DiBI4KPSSPFe8M8r6EGd634LaSC7+p6WhBBkTtn\nDwYkCC6IdYJD0cK0FZaW2bb8AB+x76rcHLOmBdCMu/V+LoVPtPx8BOu/0yEI4PDRrCcxZwCVTYOj\noLPpfL5/6JRrpx8mOd8Zn3KkRmXXmy5Z7DOfYaVcy/ft29rGGyqEEhD8sIsFggw15do8zPeyOLMa\nvEeYr9aLYbtYWaEfqLcnJvg+uS+zUkPDqEn0qQS10nSdP0Cc0w1OSL75yDWNLYiLr1KePv3LSgSV\nANHz1RBd8i7BHsG739Oua+ibJu5lrWygDsEm+nW/UxQuMXjtXfgKf8qiOth909cPN6IdoCgPcXo9\n2TXcp2VIU0Q++93779efXUG1tgpNxMoOpRTUpnLQXkOoZVndOx4IbZNiTAzbid/y84B82n6JCbZl\nJozEtnb0hrCBwsmkwM7uRlhSBwGjDyGUFwZgujWeu2CoI8CeDJoiXbm7fSq98GsqYr2jYBQPOtsY\nyUXW7QU7APjCK8R1zdSs3ejH0eBYiuTppnIX4s2gJ6IrS+NFNlC8ckfXJmwTzRznmmuFR7ilsKMG\nyKmyFU7uBJbdLw7fznkJnzQfTva57IQ4THxkJp2VwqzF1vtMBX8WmK3Xp+eQYaNqtP/qqSN2vFqb\nsHs+B1Bde2tHnkYXUIz/kQ6GOPtJC0/lgq1jErR1avPuhUg6EON25MkRp51fO44ULjB3MfEERY5U\nvnJxeB6cfKUmJswqrRA3KuD+K1sC0Jat05T1R0p5BDGBD7d9QrkCYhb2+GyAdLjC0LtYbVGNxXRV\n3JFvngROBJO20NZRgiFg/lMFWs+GISZELDYht5lEAQ07wP0VPcqreLe0zWbePkVW9cF8miiUrWFR\nDVRMqhrMQKCh0pF2PCPyxmPidK5pMNoliGuRja4Hxah9U855ruNr2r8Em+cy/BskuMrjpeeBgiYB\nNEU8p77HjDsEeu6gnRtLsSsBaPrQIEJHb/O41JSUKTPx+FshsE9TNpuwfn93cTq5tD72HOWEQzQI\np6sS976qbQBaiSh6NmspVRp4PfCnRtrHwpmoTJi/1P4=\n$__EDBwrapped__$
P	dbms_lock	sleep	Schema: dbms_lock\nName: sleep\nResult data type: \nArgument data types: IN seconds numeric\nType: proc\nVolatility: volatile\nParallel: unsafe\nOwner: enterprisedb\nSecurity: invoker\nLanguage: edbspl\nSource code:\n$__EDBwrapped__$$PROTOCOL2$\nUTF8\nd+T2TdKSLGp5dIWaGyH7+G8RqO1fNIUJTbT7D5VTQqJf0RoYHhTuNd9UFMeh2KVjKH5lSmb3uUUL\nrQl0wAbDjjFPfPIOimx7g0QsaUBrFaCxRUe2vAzLf2HoqpFKgtUBRlvYJ740Tf4TVXLUPwd0f/hg\nFBsrrM852xAv0ZYe/a4=\n$__EDBwrapped__$
P	dbms_scheduler	create_program	Schema: dbms_scheduler\nName: create_program\nResult data type: \nArgument data types: IN program_name character varying, IN program_type character varying, IN program_action character varying, IN number_of_arguments integer DEFAULT 0, IN enabled boolean DEFAULT false, IN comments character varying DEFAULT NULL::character varying\nType: proc\nVolatility: volatile\nParallel: unsafe\nOwner: enterprisedb\nSecurity: invoker\nLanguage: edbspl\nSource code:\n$__EDBwrapped__$$PROTOCOL2$\nUTF8\nd3tOeXS8kSyKK+UCeNy1AchxmH21o1IQ33u+G80JeoSk6FzaGVTZZpUonQL29XBIhe/Qnqk6rOrX\nQ1VWUQoeJRx8feFBU5bvXJgV2tv5Ysrj5y+PS1K3TLhqYkzYQzgPi9fQK5zTF82CzNnYAhQXbuu+\nRPyTHGNA/DG6gPhZ20Gjeu2EyQZlyZcWORdgS6FFKxeVo0V6wuNhq4P12Toqou+u43bY9aJAkCQ5\nQVYNDzvJaH9kHZVpJnLlsux1vD2h/1H1QkRT/XMle9g+6DaeTdZrAdnkPc4F1csGEOjasmAvZfgo\n8WIHsCjKfJ2CtPAKfv5UFDo9KH66hDWAo1HRZIPGIS4bQLxcUN8LDI9spV/TF78iUvnCEYlf3CUT\ny5iIz0Q5EQYTBbIibIRsYg==\n$__EDBwrapped__$
P	dbms_scheduler	drop_program	Schema: dbms_scheduler\nName: drop_program\nResult data type: \nArgument data types: IN program_name character varying, IN force boolean DEFAULT false\nType: proc\nVolatility: volatile\nParallel: unsafe\nOwner: enterprisedb\nSecurity: invoker\nLanguage: edbspl\nSource code:\n$__EDBwrapped__$$PROTOCOL2$\nUTF8\nd2wvvnv2VyMM8QmV3DuEbpZm/Jtit3cmKhBkxlmA+pWOLH3CMZC8j13gnAyiFOC4Rr0hcquR8ZGo\nm6cTYcjZdjEo9D4wnc5VmyqNASZ5dXAPZphodhysk9MxcstcGcrQg7sGmZ8O/ZAexu2/argLmKLh\nRa7olxy4KrYdVxmAQtRt3X3e9fTKAXoI6ypnP5dcVqU4ezU9BQ7ermIzy53kXZw68rHllT8VrZzB\nXAeCriUnRSlECPMz8a3/lwOwtG9qSeSKKmKss3AUA4R7g3F6XAWmEfuxr88kB6HXpdE0M0dE6GIk\nKQUWGDfEOZr3QZJt53Mq8PgRrYigelcYUPxPDiVxZvCEUfDOQ90IYc8uVOVoxtdeqKJsnKSm13x1\nt8qYm4S+xqUbMK6woezHnw==\n$__EDBwrapped__$
P	dbms_scheduler	define_program_argument	Schema: dbms_scheduler\nName: define_program_argument\nResult data type: \nArgument data types: IN program_name character varying, IN argument_position integer, IN argument_name character varying DEFAULT NULL::character varying, IN argument_type character varying, IN default_value character varying, IN out_argument boolean DEFAULT false\nType: proc\nVolatility: volatile\nParallel: unsafe\nOwner: enterprisedb\nSecurity: invoker\nLanguage: edbspl\nSource code:\n$__EDBwrapped__$$PROTOCOL2$\nUTF8\ndxWmMOWYlaR+HOcPec2g9RgbQYC9poM3urId5jKSjX9QrlUHlUubQ5m0xqG98di1+O6GnpLIcVD2\nS0HoJ8CUX/xS8V1EO98qccL/m8GmTov0f9c8Ww1eQhWakZUrobGZwOZDiVxW146aN2a+/VRks2UK\nXYRbAPCnP/NYh03t03+UAIQM46zt+ApWixNBmHrdnu6DwcJ2pYr3XzXhZZTMO2vmBoABge0atBvb\nvDGNwHOSlgsB3c+AkKERV0EIWcIMUoNPfUzE137fHya4VxPR4NpUbKmHsGaRMZTEcR19LUBU11du\n7Rl6ZAzgfQs+3VQoAIvmKHqNu5rcoSJCr5t9u53CYtPeBYZzpReVgLWhF4WpdP0/WxZacc/oi1uQ\nEgVQZUbX1lghWPDWRjHeASM+Rl38NbvJgZIw0TDkWPq8uX7VlR/Nkd1pV6Ivg1QKiV2vRLGOsW01\nGO54mfz0+83mSyK5C4GoIf1B4o44uAhgcv0P+dsQEF2zMuXsxhCjn3mt4e1lKugP20mJW5sfKjlr\nEPg8FQQBIU66STguxIHTACIRM2dTwCgC5r82cguhTvU2Mv/s9hu45LrKVyUp91f7AxqlX2jom/vS\ndhKC/UCw03Zv6x13gCv+LK4ZWGhjbWjxs+y2z6UoeRzXcWci7tV9v8W8QuRA2nXgMIWIPby9Lr9G\nfrkzmY155aboDTXSNttqIDZO3zmCqQclOyAwBnv5Th+PBbD96gOs+x7s2GO9bHWmBRUOOerstUKz\nQJCaEEMCSqo/21+Y+ThiMiOboTFrz9PvFyJ+40DmYhPmwB/98vbxtgLVM++0DZjuo0UGy3dGlvl2\n+vMa\n$__EDBwrapped__$
P	dbms_scheduler	define_program_argument	Schema: dbms_scheduler\nName: define_program_argument\nResult data type: \nArgument data types: IN program_name character varying, IN argument_position integer, IN argument_name character varying DEFAULT NULL::character varying, IN argument_type character varying, IN out_argument boolean DEFAULT false\nType: proc\nVolatility: volatile\nParallel: unsafe\nOwner: enterprisedb\nSecurity: invoker\nLanguage: edbspl\nSource code:\n$__EDBwrapped__$$PROTOCOL2$\nUTF8\nd/p3fqBpl+9KxW5hRh0L2KxwRXweU2EjrSi69/zAZmyYv4Q33XtAORJy4ivJncHI7aeg3uzb+jhH\n6eIrhLeRCIX+0KayiggzE7XDfdwwT62B64YTcofOv3iVuQzCtBmOY6Ks7AOYjeDhkmuOc/hKRdJG\n6w28c/zl9D2jLiEarDCbLY/ILTrvzpbD7UDaPIUIb16/c3FCxA9e49v371v1ZrLS/SQeg8YNAQvS\nHzUAWtdeKXjio63ywaqmRNBUy50mtQgcISdhHFpDwISAZCyJ3Uuj5F88iIHxLw0H/mogc3Sw+4cD\nBJeGdfaxet0Vtvtqc43JQIITci+DmD03yyN1Z0M2SqzahbH4qVxK1zQdqjnmAAD0nSGVrHuWb4pC\nTK7lGZaAFINx2LDPK054ftbhxPT6Pjw8Jy5+e1DujK0UNYA0UcDOX3Y/se1aO001OZq1jP0wRq/H\naUesfxzogig8lm4Chc5V7P/748J5XFxqwNjIzJaPMHYT41gVdXLHiMGUYovlCwM5bUK9Bh9ZxAZa\nWlFb5WzoeprHNfrKNV6vyEfKNHHAEupIF5WZGIfN3tmWaAc0zKc+mfmNlaTdW5HhrsSFwRLM90tV\n3+jF1LG+Bbv/lxWX+wft1rHYEH1m6RpZTi/EUFIiE+bppuRkanpwMBLaWDgmtqBz8+1lODUm7/L8\nYk5Iqo7QeuNCzC3SJ+YAGBWCuynVBtwzVU++0Pz6+bxKBTw/7JyR+Qx3CSYP/nhirk1J90fJoELE\nMS4UFnypn5UmB5SrczzNumOJxn0dK+j0ui0ug2XoxwrIPCwna0Mjsr/lEMOX15MpQbSWfaEacx/B\nCyY0lLZ4\n$__EDBwrapped__$
P	dbms_scheduler	drop_program_argument	Schema: dbms_scheduler\nName: drop_program_argument\nResult data type: \nArgument data types: IN program_name character varying, IN argument_position integer\nType: proc\nVolatility: volatile\nParallel: unsafe\nOwner: enterprisedb\nSecurity: invoker\nLanguage: edbspl\nSource code:\n$__EDBwrapped__$$PROTOCOL2$\nUTF8\nd8IeuwJmrdxzmxjyVelhErfYUO9VkMxfu3/GZ7z8jaXfqJ3jUJNRNwNilYyXyF17/zFyBpo+bd/g\nirTEP5vncnnZy1oetKkYw8SMvGtDadUNXUvqo3KulF1kwkNW1jUJzoJELSo0fZtMdDjgLBlgzqjN\nFfRGn4xirfUDuDF6wba6tTNXkvNS3B7Qrk/lwG4o/0vi9mBwpfEJy6tdUX4Dq2BQnHksq8m043wG\nm2qiSAhrVjF8OxBwxkH//aguKxr2tYhlqptM+tziCEThOX/6PI2vuD5NbV0hVa3UIu4k4MbzGLLK\n5O7/hhCxwprbwR0fHI0pVb/oLQNk3rRC0n/yDtWqX6tJR203Fk3CcmCyamf7lib2LOKBfOB5EH2Y\nkEDWbY/9PhCsvX/T4qUCpD6MjyJHoreq725f04whMk6swU+MYSVbiqQ00SmbwChityyUX5wMBPAv\nu47hbqsjgrLF5hSy+YJFG34zrSV0xnJgyphDoTz0X4vMVtJlET642jffuKp4IdCOXxDFNiZbCGSR\n6tUkebEdclGOf99pH9KXSOS+WCTDvVX/aLtSIv3QFDcL1w4Y5gjaP9uwK3KORn0u7GKx7zcRJcgL\n84tSvc6L5B5qMrr/wlctFg==\n$__EDBwrapped__$
P	dbms_scheduler	drop_program_argument	Schema: dbms_scheduler\nName: drop_program_argument\nResult data type: \nArgument data types: IN program_name character varying, IN argument_name character varying\nType: proc\nVolatility: volatile\nParallel: unsafe\nOwner: enterprisedb\nSecurity: invoker\nLanguage: edbspl\nSource code:\n$__EDBwrapped__$$PROTOCOL2$\nUTF8\nd8nLTW5TIIbwpYXuc4SnPm6i8PSRWZMSj1mdJmhwLVP90mLSV8F7UU3AP1KpI8LCG34sP1ztnGsR\n0ZuVNBzfL8LIiccxNa7D29TkcSmlB5Mnz+gLcRbfb3GE0w9V3V81msFzWrXzMaAvQK3zB7XTATAV\njVexU7jPv3mTJTNnVpsP1XErnbLuNoqNvtKH9/KySvVGbeQsWMXneDLn0cFX4pE8JtPBHbNUwgQk\no0dQubgga7cxOzfWnOUDYD8+fjjaKE+Q5O4aEr6yNt8e1ql4fl8SV8PjyeMsQDRXL1brMZgk73o3\nn+usTznrRUeORrcXP7unD0JDuSouHHA+HEv0q4qjDbTc1guNj7ZFiaSizLUB+PSs+uHaW8vZ/YgL\n6XW1qPTv6SJiab4MhZcogKD2WW8CXzLE2FBigdzS137ORGJND5yAxVmF493Zwg2JTG5FTEqO0t9w\nge9lIhdJPKptSuJ0Cc6TTULzj/YXrOSZ81bvjwq9gkjpJdYgHwCWU7mSbFjJEi7yBZkaJRoA+rJI\nFtxh/rj3uQGBKbAj7cuWaD9RH/fAix+QYvdkA4Dx7ZQ04LvPA+hCn8PYIz/Miqx8Y6iRZ8KufiBy\n9tPjAQNbcjJmIAU9yikU02bruBlJYyfLrFysp7k=\n$__EDBwrapped__$
P	dbms_scheduler	create_schedule	Schema: dbms_scheduler\nName: create_schedule\nResult data type: \nArgument data types: IN schedule_name character varying, IN start_date timestamp with time zone DEFAULT NULL::timestamp with time zone, IN repeat_interval character varying, IN end_date timestamp with time zone DEFAULT NULL::timestamp with time zone, IN comments character varying DEFAULT NULL::character varying\nType: proc\nVolatility: volatile\nParallel: unsafe\nOwner: enterprisedb\nSecurity: invoker\nLanguage: edbspl\nSource code:\n$__EDBwrapped__$$PROTOCOL2$\nUTF8\nd7I21p2oEjxiXbHdp1BPNNzbHNAWtOcyPzC1204l9WZpV/QI7yn34kBX5gjUUxyPFP6ydu4kahLW\n89xzaGAv/SPv1tVDL3y+Xl0Zj6vmEyeaZZtOiZm87Nx3F1OfXPO0qPwjyAt2FbuPA15jTtTv+QiG\nBiL6sR1hzy+DXjqcEUoFfZhlLD5q2ejc65IBR3tmuC1A1D9LYFTsxkXd/kKXKe9WMN1poLCRFBnX\n9aoWJiWBtspICrealSnH9mQ+OmhAxOZe9+EwiNiQ6aTHDNzMOD7nDoHWjltzif2awpCLgNud7b/m\nzjBlzwD8heqFe0RvBPVJ1LWRnpWq6fG/4e/Fw82pjh9V5VWEzkP1pnkC3lNK0ag5Ik2V2IpHXIDg\nocM=\n$__EDBwrapped__$
P	dbms_scheduler	drop_schedule	Schema: dbms_scheduler\nName: drop_schedule\nResult data type: \nArgument data types: IN schedule_name character varying, IN force boolean DEFAULT false\nType: proc\nVolatility: volatile\nParallel: unsafe\nOwner: enterprisedb\nSecurity: invoker\nLanguage: edbspl\nSource code:\n$__EDBwrapped__$$PROTOCOL2$\nUTF8\ndzMTVMfcQZYApjArbtxs+xCt5SIg7rQQiQrLzm4haA+Z7dM1pkTto/sOeYdVjC4la0f9jPX/QjVd\nGJd7ZjEur+OJK+NRsgTkZcTi9ujRHoVquQSUOeUg/Nm/mDItBeUeLEj7TqlisI6tAUO+1gzMjZOY\nMxbyaS4Z4oIvpBijrIwSVZZc9ewXOVK0AuedQGTaPou1FeQVLpq1hltrqO55Y3iALpfCvAB/G12d\nkrtBEJakpR9iT02QVuxfH+mZuAz/rsA/3aTC0wfsdEqNBrlblrq7NTyNhDmF1m6FHZDdbGc3v7uD\npiH1X+b8nhw1dnTjE2l2CoN7NXM+3XqKfg1q7QWYiU2E4Fk19g==\n$__EDBwrapped__$
P	dbms_scheduler	evaluate_calendar_string	Schema: dbms_scheduler\nName: evaluate_calendar_string\nResult data type: \nArgument data types: IN calendar_string character varying, IN start_date timestamp with time zone, IN return_date_after timestamp with time zone, OUT next_run_date timestamp with time zone\nType: proc\nVolatility: volatile\nParallel: unsafe\nOwner: enterprisedb\nSecurity: invoker\nLanguage: edbspl\nSource code:\n$__EDBwrapped__$$PROTOCOL2$\nUTF8\nd5YxbWfiJ9jEUSi0hKLafkOuhZMz8Ka8RfwJruk1pt25I9J54BKqAksp9AHnqtzCbo9TgMu3aT/S\nR7o4Ht0zVjuzd3VDCTdJBTZM7lyjFR8TpmqyAC/mKkohE5l0oxNIUptnwCNEEg7GolXc8GwCSSO9\nmJMUwCQBQcfc0Axr9FbZScC/r2+5o4qQu8j3eJhX0xokeE59cIaHoNK2IHDmPNy+paPTBuRbDaOs\ntTLzYWvzT/c2aka5pCf3Yc29JDxxg52aBsAGPvTnMJlGBOL/3nyTiv8knBgJbdVKa2vvQ2cgXKv2\nQvEK9UjamYF9D17x5mMXSflsDk2IMFAjQyI=\n$__EDBwrapped__$
P	dbms_scheduler	create_job	Schema: dbms_scheduler\nName: create_job\nResult data type: \nArgument data types: IN job_name character varying, IN job_type character varying, IN job_action character varying, IN number_of_arguments integer DEFAULT 0, IN start_date timestamp with time zone DEFAULT NULL::timestamp with time zone, IN repeat_interval character varying DEFAULT NULL::character varying, IN end_date timestamp with time zone DEFAULT NULL::timestamp with time zone, IN job_class character varying DEFAULT 'DEFAULT_JOB_CLASS'::character varying, IN enabled boolean DEFAULT false, IN auto_drop boolean DEFAULT true, IN comments character varying DEFAULT NULL::character varying\nType: proc\nVolatility: volatile\nParallel: unsafe\nOwner: enterprisedb\nSecurity: invoker\nLanguage: edbspl\nSource code:\n$__EDBwrapped__$$PROTOCOL2$\nUTF8\nd4lb/1xBVsMtzyW2jHyBipDTdvn5kjfTmswbpwzAHGqyniIrk2d58jWlCbUcPzft3n3fhK5iifDG\nPSNwmYOHAduJ/UohsCUgOoFKyDdYtHdbJj1gUg9YdCbg/c/tJqwG8CSuk9dHxMnHxg4jFEQPNmX8\nZzqVFp4XLPucFtBhzuLbcfiubACVUpqdCI8OAYnoTfLijrxlU6xODxLQSasG3oNM2ikMuKzVBiM2\n5k++0LO/kDu2/+3k4TDaNMWsSB3RVbyOxGnS/bMJHHlG9ryC/SMmsaer0Ik13sHYw2FpTgPD97PR\nKfYyedtI9UlpItsCxrdO6zyxBqepu137Cmw+qxXKH9DGsIPjur2PXwDWNjQO+FgCTQ8LT1aAvb6e\n058Jeec4M4HSh7ftN90V5ROur0+iEE9wXRY34M11fxAWXljPQZ/ovfqKLXVWKtLT/PKHDOST0e6e\ndRw0mJLfDvaN32fl+zeyGGXo0f1k5/N3H6FaYjDYiGbgioS4lVC79HwohM7qzw==\n$__EDBwrapped__$
P	dbms_scheduler	create_job	Schema: dbms_scheduler\nName: create_job\nResult data type: \nArgument data types: IN job_name character varying, IN program_name character varying, IN schedule_name character varying, IN job_class character varying DEFAULT 'DEFAULT_JOB_CLASS'::character varying, IN enabled boolean DEFAULT false, IN auto_drop boolean DEFAULT true, IN comments character varying DEFAULT NULL::character varying\nType: proc\nVolatility: volatile\nParallel: unsafe\nOwner: enterprisedb\nSecurity: invoker\nLanguage: edbspl\nSource code:\n$__EDBwrapped__$$PROTOCOL2$\nUTF8\nd/Uk1T4U0DDRgPjFtrPHb6x/K1P/G3w3KYfeYsytupLbJXTbnes2Xo04FFfW03UKLmQhbQT6kr6m\nFR1iJTS5GckrSxcAV45OE/N28jPbUNd2oOQcLtcwvZidQ1E1c4hMYJGTxZ70cbJmNZV5HMTEtnph\nrkgcYubcxJK6ZgwQr89ReGbexqPI+UhEfm74oZQdo+ollolafhmwXCfxZfR5OBXbW0EoSsHt2Y2J\nGla9UxJqRJwZjKO2RE7wuGeCHoyUaegBI4iZuE8nO93XkBMKUd0RB0lq8slihBkef11fSop57d7H\nUaB6lgbODq+gGdK4WkvUfVZxCidXs4Tlct8tlNSSGI6Q0Eeshu7PksMZwepHM7lJHMyLiDGtMeh3\nBtKlC+OYLSVqZ4v0AFUSwaYyhENi64p2sIIe\n$__EDBwrapped__$
P	dbms_scheduler	run_job	Schema: dbms_scheduler\nName: run_job\nResult data type: \nArgument data types: IN job_name character varying, IN use_current_session boolean DEFAULT true, IN manually boolean DEFAULT true\nType: proc\nVolatility: volatile\nParallel: unsafe\nOwner: enterprisedb\nSecurity: invoker\nLanguage: edbspl\nSource code:\n$__EDBwrapped__$$PROTOCOL2$\nUTF8\nd5DAki+PrwAqB3b5OIqlEJnrxd87AgUmOcZRS+Iw1nHDQfgUyXlU7DrqH00RPZpfdWv6c2P8dvcF\n8eZMB9kEnDmySDcUrvL16h7JyT0zCP839tc0GfYeLrvaBOPQGYhET8my2UoSCdm6r9+TMBRfrq1x\nADO9sccEuJQ59Q9c3b4vEFkimFJiO2xqDDO3OGylGL+OMlFSUngVYDzw7BQSDOXDbkVBy+oW0yJf\nTHsQqBfyZVwTPDVJJYsOO/1crWOOtA0e/gp7FeygaV4ohzheKAQDRiembagA+HqZS9bgzE7x2v9B\nx5WqakcO\n$__EDBwrapped__$
P	dbms_scheduler	drop_job	Schema: dbms_scheduler\nName: drop_job\nResult data type: \nArgument data types: IN job_name character varying, IN force boolean DEFAULT false, IN defer boolean DEFAULT false, IN commit_semantics character varying DEFAULT 'STOP_ON_FIRST_ERROR'::character varying\nType: proc\nVolatility: volatile\nParallel: unsafe\nOwner: enterprisedb\nSecurity: invoker\nLanguage: edbspl\nSource code:\n$__EDBwrapped__$$PROTOCOL2$\nUTF8\nd901WjGazHUQ+DvCt2hVIshSth/jieQf1cdAIdjwKkBCG0DG2BCT09kyx4meYghLn7bByNBctXKg\nlheg8EehSYWxcoKGBy8FQFsD5dErWrX9eAXvqjMP1hDoBY/eSzod5ctlPndL60QF2oDFVz8o5VGY\nidXgj5DeQeNVIe80IlLIfZjrIhO2KysMB7askeQovdb6V1qqXEpTqEZXhgSEV4qsBeC5eONWLxuI\nX9fBogzlbRl5axWeGLS3DqB9JNUx87WkkGj8boYHGhUUv3jL/4bs400+175ib2g2AM/1FfdxN79A\nRYK/JhgNIIvN8D82j+bvkEJ72xTKmNOkRDFc61lHcY87SmwBOHSpkJhHYtBjONpNzHU/LXsqPYLp\nlESd5reL9E7w8D6WygeQ3KYykR4dqqvrfOJjmBNP2G2WylOSn19ZDQB5zf+wGSepcQyAkW5LkD1B\nhERVgmokwJT+d4yc3yAjp0rON16irOoTpdTE1QJ5jMPv2Zzo4zJMq+UmsKWzBOA3cJjvtHOKoq1V\nv4f/eblcIT5k2J5M5xuvjJqAgaY02U6gVHh6IImGxaC6W5mGuMsGRNjBapZPVca1ncJ/cRcnb3bq\nteIkrQR5MKbPQcDzaKW4RFqMJ1S7/uAouAWuD1GLNdeeiRVhLdyTUWu4MYaXpIqOK9smwl2y3Gnk\ncth789gYNU0hrlL+rs0=\n$__EDBwrapped__$
P	dbms_scheduler	set_job_argument_value	Schema: dbms_scheduler\nName: set_job_argument_value\nResult data type: \nArgument data types: IN job_name character varying, IN argument_position integer, IN argument_value character varying\nType: proc\nVolatility: volatile\nParallel: unsafe\nOwner: enterprisedb\nSecurity: invoker\nLanguage: edbspl\nSource code:\n$__EDBwrapped__$$PROTOCOL2$\nUTF8\ndxoAM9UshoJfgTAESgfEqJ7TcL18KTKuHt9svjqjXPBVGIcwdVZPSd6CxT8cOKpLR8JwjrSpTqa2\nwvpIaDagFsDM47yDMzaQsbMtXgE2sE3zwQdG7eRnf4JUHcV3N24XU6IBlIIeiNAjSF+489bEid4Q\nwfXcU3342PAclLOjZTV834wX80BiCBLiAZQbAQ5MGgmzbCQ+g6qa0AocyW3nIdHXiRMRxiTD3hCi\nym4iDg/k02FMLgnmfEqP/hluTEyyJZ4Uh1PJ3ZMxqulUAcdP9Q3BipkGRUe4XBtruRQ9cRKWGr8I\n1Lr6FnRAziCaMPQK7kz8+aQEgu6AmFruNz2u+m3dQuY6zR+6NeIg2Vju5NCi4wA4u3bEENlp0Fp1\nDG+idMVYtMI7LBdNmrlf4kLhosy7NRmXEoYEchFnJLzGZWI4BuPOwANPwauwTTbRMIRw7MVY4kzp\njlGTmv3WDzOOI+FcJdfSaKIkIXl4+bfuFg0um+bPu3haH3U2XUlsXcDqppvVyxYyBXjUm6FtyWhl\nUY5QYSsN1L+EpilKHV+wlsBlIyqiiUG6w32xZRDs1HoisiCc6aPzKfVEoMlzdgJ32Is9WVA3ZB9Q\nL0Ku4V9XbsTSP9M8WYST7B7ixQyfwCbUSJamlH7HGmqueZlu2ZkJgthI6rU3kOZcMMiSj5pUVws6\nQBZaN1NjLK2VqrT/Vj8PW4Zh/zaYXGkJfR8kNvpgHd+lQ7rrdNFp70DeUxSzyQNAB7Ms2OxxVMHB\n3xH1tODuJHOTLC/ft8QrxmN1Yn7N5cNxwnM=\n$__EDBwrapped__$
P	dbms_scheduler	set_job_argument_value	Schema: dbms_scheduler\nName: set_job_argument_value\nResult data type: \nArgument data types: IN job_name character varying, IN argument_name character varying, IN argument_value character varying\nType: proc\nVolatility: volatile\nParallel: unsafe\nOwner: enterprisedb\nSecurity: invoker\nLanguage: edbspl\nSource code:\n$__EDBwrapped__$$PROTOCOL2$\nUTF8\nd4ZDFgD6G1gLsU1PUHZuQSZ1h/Tmbgy0e2tDYG20q5AZcymCRW5QzDFuFABF5lVeJdnP3/UQsoY+\nPo3p8X8JyDshOGp702cmM8K6q6gvn5cQzLlFSWIziq6rzyX9Zw34rB+mC3SAXAq1GarFHbfF+3Sn\nkweO+4rKfmz1HKRMgnLw8N9Gl73zx7sk4I+7wSQO3SQl26+XC3CKE/nkuyLTCRjMBe5fwkcGxmTk\nhEKDw2MWquXTG/VXRZcmktP5HbZiglOhqCwid6TZIGE6wDt3pTNWvQX8wRmGA6TVp0w55ZG37CXa\naHJVCqNkkXKnfvC+4gLTFNOLjW8nLp9oO6eeeLfWY7//pO294DEPnO9UTyMlkscfST4M6Vcp/px1\ne4FIBybUEAorZQXrg+hmoSIbX4gtdEeK1NYUfXBRklrcv9cmLupb/9b0LEAa7BQ0HvkVbog3BpDo\nycbks3lhXOdXbTYZzft95zPhOtteeUBx+7Mrp4Ij0kfQcgTv0gzWih4198NMv4LFmYtEonVkzeft\n2BQR1XT9f/zGaKKl2qOes2ADChNOpjKqAA0u9FRtrk3rWODVu3Hk2/GCPY4oe6sHjgbXl8waJXnL\nyuLANOfGk8YoJbplayZJGQ6Iv6TT4YcSQ0zOb0X/HxkibmTYgHI/NdESfZq1Zk1pOIkVVjVByrId\nrzVGBE/Q1pz5TUMNoqnhVeFOWiPwxwdfUv6hq+j46Yh6aadZQZ1e2VphR2H8hfymKfWD2+sn1qcN\nHC9QupECWYLPyZSaYyKk67xVP2Rr0Lw+WKHDpleskp9/nzq6x0VYGEEs8iEoTpJBqDOcWf1V563W\n0P21yGV/9XtEMar1mpI=\n$__EDBwrapped__$
P	dbms_scheduler	disable	Schema: dbms_scheduler\nName: disable\nResult data type: \nArgument data types: IN name character varying, IN force boolean DEFAULT false, IN commit_semantics character varying DEFAULT 'STOP_ON_FIRST_ERROR'::character varying\nType: proc\nVolatility: volatile\nParallel: unsafe\nOwner: enterprisedb\nSecurity: invoker\nLanguage: edbspl\nSource code:\n$__EDBwrapped__$$PROTOCOL2$\nUTF8\nd5nW+SCU3w/CPJiDWvfd2VfMTXlqdLcjCpYMhRCA7kZ2WDKbgZ/dfTkxEToexoeS+ASe16d9vsvT\nbAjhjyET7B9uQ4NHMAXIrfmCxO9VoZtSmNBtWLazTJrnNfwGALdrpywZ84FfztL33W474uOq1Zry\nE+wuickAPqXXgnxaFqMMEZta6Url1Sx2KbwwG1DUwuW8npzI7st30ZOigN19yWmQKd8ongt2oSy3\nYfm6r1jZxDUkB082PIlzmfo1l70i3oqqkWWa2C+oaSHcDOs4yiwJoaqnnMvkcS8tlZ0abP3t503l\nfnOWUK3kYZCVAaBu/dpcIBlVqg+wUXLbN4WNiUSUg67nw8iP4cUcd7h66TUyTkpyT50oxwBbjMc2\navrVAJU+kjmclT4b+fqAOOjSOozQr93w930znJqPNaYZ6wOQURGKAAyyRdmleXZFZQgmjUoiiPci\nfuwE8lUwOjZum/rUZLIUKwGAjh0kSjRpPoB2+MrLmuEzu1fa831xTbzj1aHerIZgcBXgKk/FZ7jV\nkivCw0DSlW5TOjDwkabXO1It4kaKQ7uKZK5GpzlwjUaimVs0Rws6HIFUc8z6+UNXXRnY8h9QkREP\nFVk57juxnu88PhRATdXFipnL6EwQlMWrsg6iye+7UDtAOaSvn/hU1T5d57edrdocCWJ1+0dlkEK0\nj7FGYtMjp95AOuoLnrbzxtdzTHkQg/VtVpWv\n$__EDBwrapped__$
P	dbms_scheduler	enable	Schema: dbms_scheduler\nName: enable\nResult data type: \nArgument data types: IN name character varying, IN commit_semantics character varying DEFAULT 'STOP_ON_FIRST_ERROR'::character varying\nType: proc\nVolatility: volatile\nParallel: unsafe\nOwner: enterprisedb\nSecurity: invoker\nLanguage: edbspl\nSource code:\n$__EDBwrapped__$$PROTOCOL2$\nUTF8\nd+iaP0LYe4UPwEOiQZZrXi9sKg0XVaNH1P24iBVloOUsfM51ip0SmuCsHE8LxAK7WqILb48X1cas\n3x1L2/05qeE7oK5OslmdKnhaLbU+wWywmauPpP3kj7jVt9O/7gR2noezUKhJYbF9xXS2pjb+LPTj\nYUeMi9F2drED2Rn04LjGWu9AGnu/673QRlRT8+hvtgxk3d+iq7sprZImsKjhi7dQNfC24kwlc+gB\n7HbQgyB68kFrK8kcnCyjWlHukovmzEsJqTHtisSB4t+wPu65SiL2HFyfc8E9EC853xMdqtxr/yo4\nDN2XE/rrQ2vvXrUVj4nL6fo4RwQWW8PTsc4+x/SdgN/rtzgT7cx1uQW30seH3zpeVtWYowO0/I7p\nTiEHLTqgSvHAqFk4NDdHmuWgdwhdI/EvXfpYPIfb7IJQyVxWntutW4JnotitmNADgrGPDa86LdDO\nHGyhUh3NRj+2LzR1CxbZrNRa7QCihaoRbyz8msHb2T/klhTqQbfCBAc3jvRRnPyRp3RK2MDb3epU\nJMm7CwcPIfx/9443BcKOoB/kmtWjvQldwfpMvu385LQ56eH94Uyp37k4S97UL6yPDhm5zo3ry7fk\nG41GF1q68g23W5r22xbbnLzwxtPtYMllozc+INw3XbFcWSosglASIMaHUuEsyjJBHxvGr/UxUMZE\n1BU4RZtKab7JqxhoX1TYk8Y6jDqcj/S9IjhgWTTh301COVbaURd3xB7Qmf2Rk+TQk8+hzXamvaJo\nWf18ToIONil+3eySCZhjYMy+cddWO3a0z+gEUb//AvN/2tTAsFix2/NW94vWJelljrsFRguirlOQ\nsGOZE03JZjNUlsc9TNP+TgiRSf/Hw3x4H23d6wzZZfv/y+QTuJbfrKJ5RerZR08veUVvL9ln88l0\n3kkMdU+2gTpeLRhQSgS338xEdxjxnZi0JEnt/cqGm9MHKmrWYQpJAAjNa+SMlOEVPtt879o3DQT1\nH0ARV3ba3rqQtaHSTELKGfK+NBVlsxdPYfTKyv/E0TDAipkBf9tBD1CHLjh1JtLO/fRpVSMIJe+g\n0uMjtgbnBL1HOr88Jyqo/k5tl2mHhI6YcS3m06f0762ccQHb8wX4+Omr4og76s1zDfSiUJx0mHDu\nK1CVKBgU33uQY0Cu8qunb/2uh/pHIaoJri2p3zbTB3sjqETLDnlHdcvypwqBHHQekllQ/n+406P+\nW7g+4/OnfMvWBAIbwsvM51oW/cqWi3F+QJ7AFX3v3scscV0mX6EgebU5ldDt6D3VFED8TpyUnXib\nhsfoujYLpdVYvYH9c/HRUCerraKGd4sTQXrSuoYf2Km/zVChtVAYZGWHFx8y5xo2eV8+8g==\n$__EDBwrapped__$
F	dbms_scheduler	_scheduler_create_program	Schema: dbms_scheduler\nName: _scheduler_create_program\nResult data type: integer\nArgument data types: program_name character varying, program_type character varying, program_action character varying, number_of_arguments integer DEFAULT 0, enabled boolean DEFAULT false, comments character varying DEFAULT NULL::character varying\nType: func\nVolatility: volatile\nParallel: unsafe\nOwner: enterprisedb\nSecurity: invoker\nLanguage: edbspl\nSource code:\n$__EDBwrapped__$$PROTOCOL2$\nUTF8\ndw1AnUEHRMn7Rn2AgNh/GOU9Tv5dK/1CntHjuYgEZqSgW73g7X0lkcVPE2nGxGMwiVgUCRGHoqYd\nWV8y5Uut3WLfSJDoOn+gJZyaJu74vm9lEIl/8q2OD8AZ9WQ/63qdbJTNqXHxVgWYM/BdXeeOQX/j\nlMd7KhwO1/dLgf8V4rmCkKCAs6fWDDL2oLi/KxHz2PhjjML8Pmk/fo9olik84WtQ14D7+M+cTPkW\niycVjhFO4RuPb9sIhhYLwkOxsBY5kEhxMlKZmpIBlG1ReSNzcqhkmTAfMrbMJ8F1vv6Neq9fKajZ\nRcSyt8s9NMOlLrqgxbJXI1GORLz4A5O8RAnQSsMxgm9H6O+0wT3wHtY4D2SmaWEVyxvN2Aw63xBr\nextXwmw5X/wha69p4lW58BCLnQJTk9aMpplJ48UchT6OGgoXj+7hUR5wfTMeKz4u4h6JyOo71gt9\nptw8fLvue5yPkdixxmK/cTbWJCijbx75O3h6Ut2us0ra0tUZepZ3PQHl3wl34sAt4w3+dD+p/8NU\nKNIAVCsgvzodVC1c3uq/4ZgL3jXgxmDOzZyilpFrvhQclRqKZCPnie7FfkdpJwNs9DWHKxns8k8b\nXObDI/ywHOOlblP1nux7BgfbUbd6izP1Edjlv31TGu3MvlUa5s0s+1GHZ8LJ5SnUn3j05xDNBmib\nq8R+pKRX4C0S15RKBYWRerqrJRZvneqSLqAiw2dELkZlZ45mc+P1XAyuUUvjjqtlTQLL4l5aPB54\nmVLk271N72id8HIAV2fhDv/VuPYve/W+OKFhXOH73Ir1WeGIC0xnBPQBd6VJeC61bLrf3txxmzB4\ntpdEneSiPTJ2grc/f/pM1OOQYpSNJDwDClU=\n$__EDBwrapped__$
F	dbms_scheduler	_scheduler_get_program_id	Schema: dbms_scheduler\nName: _scheduler_get_program_id\nResult data type: integer\nArgument data types: program_name character varying, missing_ok boolean DEFAULT false\nType: func\nVolatility: volatile\nParallel: unsafe\nOwner: enterprisedb\nSecurity: invoker\nLanguage: edbspl\nSource code:\n$__EDBwrapped__$$PROTOCOL2$\nUTF8\nd5MWRWVqd0jmPUj26uPu95xsDta7euzFBMeO+dOjV3pml62Qiui36IaqojP8VgnQ2PjVGE4Lm+v2\nvGOSOXUDeiTJI0L2ib450CHv6qR3RzTxvtUuyxhR/PKYzEJ359lcu6XpWhGq6MhCaopvylbYcShX\nctWlnivnhrutGqnMqrNXv8L29GY6AZUY24x7sIYgIXsptl4zHUQYC/Gxiz2yJ4AFjzd5/gGwdb6W\n0IVzanzDVhPpd9gTmnk5ABEEQ0jOq94k3hDABAWX924WFV4PlVVOm2cTTVBeZf8LyE2T+VcTnUsq\ndbdLsoKpCxz93Rb2ut5yCmm2J5ecYMzbXKtfHdWkUVRXgbFeEv8BUWaebVF0feCGIiooQYxSuNj1\nCJvZBI6baezjMuUBmpgap6r/RprU4dmJN7Lck2KUSmqxDYMyiJAdrnwe1QYpdHlNUDSM6wPDpDcL\nm7/iMalvRw==\n$__EDBwrapped__$
F	dbms_scheduler	_scheduler_create_schedule	Schema: dbms_scheduler\nName: _scheduler_create_schedule\nResult data type: integer\nArgument data types: schedule_name character varying, start_date timestamp with time zone, repeat_interval character varying, end_date timestamp with time zone, comments character varying\nType: func\nVolatility: volatile\nParallel: unsafe\nOwner: enterprisedb\nSecurity: invoker\nLanguage: edbspl\nSource code:\n$__EDBwrapped__$$PROTOCOL2$\nUTF8\nd+Y6Im8Khrpipys82/CQpcKYG+ayLFthKJwYHAkup8Vw5EA7izEYsyQ6QtLGbCJOmBiMVSwtGK7e\nQ9p1lsmWo/vuljCsL22NEiB3Vj9b0I9nBYMxZ4fEOwTHmbl5IeNikdjB3C3jBdJfJDYga2FbRGs7\nRsSshFa8P3EIV9I5ViHOOGjniih7CGbnjbNQy1GSJr51KXZGFWZl823RnDV+0etSIjQMy9AUKP3D\naRUWiRSTfYXz+Rd8jFDBP/IyTyB1lgmuIK509co3KuPg81DjXiLexe6NrgOlkbdb72JzSvxZ0Tbw\nu0DEvzF7fFtq5Je+vUNg5/TtwhyNHDYpT1EM5svbnYNdUfGHVFW1zGNsOs+ybfWDFwzQvy07Hjym\nLSh1lv+diRJ/x1vqUDXR+HgP+G6uv5C+/mcV6yLW52aY4wxhIcEsa+R62M9ylKozAgPQSx4eDU+E\njPMr2UpiTP6yakAwXRLTB2FuovF+rDzKuJCNfVMZ9QnuVbkO6g20xj7p9ptKgky+XV0vopcSSeh0\nITLmqe2UNOcvBpg6mRwVo62dzyp1bbMCqYVwf8krpSF/GdSjfO7G1SB+zC1HbPd3tbQFhgXJhIct\nxFIdxAFRy8E/cSjQ3TtZo7FGKMgGErWzHoi+HORPwWp5ca+YPBy8+dqf6NAwTc66F15DZIzPrzwn\nLEQzWm78pRDDqoYYBoH1EBbSqBJINyOGnU8y3M4H8z/8JQ5AlWyyDW51RG8bGox6OW9dsFrVnZmH\nrG3hH4OpAcDPZHUd3TlEpmRrm0Q5BjJZePbjJKkAitH/7RwbL913u9ioQM5KI9t0RoI/KSAnBajR\nPFqy1qxBiuhqg9R08Ec05BJn2Drp7iitEicAr4Mm+c1IWit5/I/EaIvmpDCK3qAU6v9OAyplnUFb\nIinlQrg2iHLsttNVH1KuwhC01qkvgBqymocC0F3u2AO60Z814TjcpU62BzM6M5iNk7tGqu/d68S3\npp+ay/3OxC1YEg==\n$__EDBwrapped__$
F	dbms_scheduler	_scheduler_get_schedule_id	Schema: dbms_scheduler\nName: _scheduler_get_schedule_id\nResult data type: integer\nArgument data types: schedule_name character varying, missing_ok boolean DEFAULT false\nType: func\nVolatility: volatile\nParallel: unsafe\nOwner: enterprisedb\nSecurity: invoker\nLanguage: edbspl\nSource code:\n$__EDBwrapped__$$PROTOCOL2$\nUTF8\nd2NWSZsDwT9ERdXGBZeeII4Zx/N333Rbpyhf7B+QAhWAyBrFItFpKSl0fdan5pM2w8OlIudWsgM+\nBXJeS/7kjWB34Ws0kgooVdw4sRn0fXeIIf9O7HEM1qjTqKHelv5no9Bc+TKqBLJ7/0YsyFdQ+VbA\nWRNFEVWC/VvNpWpYne0sM1G4vzIATuDNrn86p+rD5MbrN78V6EEbucDxQVV8eEprqpzj60m4ng6O\n5cw0goIXbfmJn3blR/erQd63n307lX5OPhbWGZxBXEhE9g8OHhdoGscfw7JFePlU6vMbgRsVv4y9\nd39SFBXnlB1PACeV6CKqwH0kI5Viphgpy/j+13kaLrnaQe7FfnTW/zQ7pjBz4s+mVccZ4/8fZmAU\nVUmmxbVFELLdcwHRf6uETP/oqAkYtsQRQzGFWQWkE4TPlRK74HIpJXaUZRbB38uGN1/9dNjhxyKL\nAE735FypFTo=\n$__EDBwrapped__$
P	dbms_scheduler	_scheduler_create_job	Schema: dbms_scheduler\nName: _scheduler_create_job\nResult data type: \nArgument data types: IN job_name character varying, IN program_id integer, IN schedule_id integer, IN job_class character varying DEFAULT 'DEFAULT_JOB_CLASS'::character varying, IN enabled boolean DEFAULT false, IN auto_drop boolean DEFAULT true, IN job_search_path text, IN comments character varying DEFAULT NULL::character varying\nType: proc\nVolatility: volatile\nParallel: unsafe\nOwner: enterprisedb\nSecurity: invoker\nLanguage: edbspl\nSource code:\n$__EDBwrapped__$$PROTOCOL2$\nUTF8\nd8/xWAPVp0T7TnTL6YOGwGS9D+NvUFT/HiS7xdW0L9nZgNYx29mXbq5KhN/4wpcp+twfkuxhVWeX\nmgBCSzjM3Ho1MXKygNN3RIeNbINZ5fPEYX3diVh2Z/I4mMRMQdNftgI0m3+LyhMRWoik9S7ROtfC\nJJLEioS11SaQemIcjd7OQgJZ4ko2tywUcsSfMrSQmV0Kn9/X2i9psoV6G4JdvyhFdCuwyv8eNm4n\n4JsboldXvIx2IxNz2MOwhrVldatoy55cxdQGRHIdjgTB1xjdFktMDT5sBsHMMlmdhe60BWtjboAd\nyj7xIH/VfXT3ryDOnPFhqOTtKQ7cdo9Qfm+Hw/8SRo9v8hAOdd0xSFYQorZXdER+6Vhst/5raWsT\nV9ictte8GAC/bvoIi8QrS7XgqrFwJUR9t21cCIdZv5yurgMt2FzvjNvqueb8AZ5Z3G+z66jpxQPY\nTbtdcmXp1paxea+qpaQRLFss2NTGI15rzDzr5MCJUvSdn2/jytLgfebWhrMHRHj10LTRcdI2uOMv\nzHiDTuWC82nSLAVAMqNK5tW86mJeZKPHozMJZBMHvD3EjJ3MKNxwDp+sck+AYWejXil3DiEcMFqL\nQMyb432B8y7WTIX/quQHVAdVCR2ykmj2Ya+QA7NEytxmTI0ubowNghjlBo2tm+UjB4FWsgDy4qY4\nbgYVJBkNCVuUZnRzJQti0r0BVjl/KpXXNm5ttMVtM0G2Xg7HAwdpr3PeuI7unxu+BWX37/yJ9iEA\nAnBVOYdKtJ28+ewDoqdIZGeCf6TOJX8uL5Voda2SD77ys/jrgMPfYyhUyHJCtkWpMD6BeR+gcnUg\nskmsvpu+fF2jUT606BPnLN/NY3/6/IYCmBUy6TrzWyTBXyzOcbTbfRaBw632RbP+kFfBFgWzUNQs\nS1PVKlcGnMu+fBc5JTpQSQ6peqlOxGl/vd9T2a2sFJR+Adh2ab0c8+umgpf7uqovzrrJrjBs8BTP\n7WAGePzQIq3ni6NaQOIcvZUwfuO5z1IkWdsN\n$__EDBwrapped__$
F	dbms_scheduler	_scheduler_get_job_id	Schema: dbms_scheduler\nName: _scheduler_get_job_id\nResult data type: integer\nArgument data types: job_name character varying, missing_ok boolean DEFAULT false\nType: func\nVolatility: volatile\nParallel: unsafe\nOwner: enterprisedb\nSecurity: invoker\nLanguage: edbspl\nSource code:\n$__EDBwrapped__$$PROTOCOL2$\nUTF8\ndyazEXKD0Pl0mBJHMQoGObugKpMiW9pSN+YESJVJ1y6SqFRGAze8CUpi6y61jNqK/PMnyJz4FA3y\nUiIODLvdUeivPJcqqeKBgeyRO9teuoymjhVAagQm5lvJxono873Uvfg7UoCTtfKuT2JngxFrUxH0\n0vAj5gmUaQMTst3OTGEYDsPv1e1Qkp3JrW8xHomFPoxD10dwkaXHWvuDw7YxjWpeT7bVN+QRqv5v\n42C9PclqPcDxVSRFUHLdzoMekkueeffMghaVRizo61DFE799UzI7yJFOwj4lDHoklTNPwMSrvwsD\n7AXNWtIfmIFKpdfP0ig8kGLJOhHiVPbiObkpGqF5XLMhN4LsWkWW7H4VXsiJqew69XnwYXkXkkhx\nQd/Mf77aeHv7oGGNHJsKSWvU3oFNNLqa75cbPfzGyCWaBMt0v+hm1Gs5A1bOWW7gAY4Nrw7TO8uO\noo0F6Q==\n$__EDBwrapped__$
P	dbms_scheduler	_scheduler_get_job_program_schedule_id	Schema: dbms_scheduler\nName: _scheduler_get_job_program_schedule_id\nResult data type: \nArgument data types: IN job_name character varying, IN missing_ok boolean DEFAULT false, OUT job_id integer, OUT program_id integer, OUT schedule_id integer\nType: proc\nVolatility: volatile\nParallel: unsafe\nOwner: enterprisedb\nSecurity: invoker\nLanguage: edbspl\nSource code:\n$__EDBwrapped__$$PROTOCOL2$\nUTF8\nd0k0/Mp6zBxm8HcHriEqCCqx3X4OuDUJGZ7006wQocdg7eYx52r4i/mxGwDohUbs5VDB2V9aApmr\nXHYs/oWZm9L0Sc4dJT+9TqyKffdfWduFM95khNCqhYkxLvObJJy0ps8IeDWOPwX+tsyVJBPk7gCg\nEDRKuqkoRW+KXTv97fIMiKIh0pp5rggiLWeCOGbZW7vbf0AfGYd55d2pDT6mDkUtZY5Y1ef0G8oO\nU4wUEdkXlRnBYCTPuQdpfDxLpQucdxEMdxiu+t91DH6EXcEl1A4HKlyCmgX2IzzyETBdl86705nK\n2vJRWDNrDZBgGXDJnK9NBSMZ/e3nw/okpprjChf7bPILe1AWG4KZ71EwBFx15CuaUETW1aEPVcRj\nrxHMzMyrgTdyOEzgJr62oN3nUmS50ws4g1WA7vWkZ7Sy0Bceh1EvaOVXPg==\n$__EDBwrapped__$
P	dbms_scheduler	_scheduler_raise_undefined_object	Schema: dbms_scheduler\nName: _scheduler_raise_undefined_object\nResult data type: \nArgument data types: IN obj_name character varying, IN obj_type character varying\nType: proc\nVolatility: volatile\nParallel: unsafe\nOwner: enterprisedb\nSecurity: invoker\nLanguage: edbspl\nSource code:\n$__EDBwrapped__$$PROTOCOL2$\nUTF8\nd/aCFZb2WhB5jKZlHWqQMB15ySuBaDCYtKEXG+CAJ9i6KRlDKPrgRcekLj2FlNfTCemNBJCGkyvy\nNHpG9zS5b03jiGu+TAQbuYjJasnucKmvdOJKgH6XFzOiDggrx4y8JnnhaVKpiMpfCQtKPTcYe1ap\n46FQ7L9MSMFsNxaS4Xvv2mQuGiIF0+iylvarUObspVGWP0+XbckI+fgikV+ViAIQru6GgwEGO00I\n2zPMhiynvf/S39jTDg==\n$__EDBwrapped__$
P	dbms_scheduler	_scheduler_raise_invalid_parameter_value	Schema: dbms_scheduler\nName: _scheduler_raise_invalid_parameter_value\nResult data type: \nArgument data types: IN err_msg character varying\nType: proc\nVolatility: volatile\nParallel: unsafe\nOwner: enterprisedb\nSecurity: invoker\nLanguage: edbspl\nSource code:\n$__EDBwrapped__$$PROTOCOL2$\nUTF8\ndyx2GYzJVWw40TkjKmXx6vVIuvYQjU5wVKHWluD1Lr7ShiGGtfNl3REsYaUlOPUTsUu6nLFdJ04s\nQ3YwJIlGm5BuyUeO3Ord9LHuVOFt980ziDrJ9CkCac1BMZH2pTXgr30l7Pr6XTe6/KTrLIfEEhi7\nUXkd9tJAPtEr92eqz0Un9hJvN0SRd+OmYrxMHR2SZD9IN82qM4WIAg==\n$__EDBwrapped__$
P	dbms_scheduler	_scheduler_evaluate_calendar_string	Schema: dbms_scheduler\nName: _scheduler_evaluate_calendar_string\nResult data type: \nArgument data types: IN calendar_string character varying, IN start_date timestamp with time zone, IN return_date_after timestamp with time zone, OUT next_run_date timestamp with time zone\nType: proc\nVolatility: volatile\nParallel: unsafe\nOwner: enterprisedb\nSecurity: invoker\nLanguage: edbspl\nSource code:\n$__EDBwrapped__$$PROTOCOL2$\nUTF8\nd+JngNPVh9AX6DnaU82vxI0d0aAJVZeAtdtrbJPhncCwmxTj8bEO5saUCLgc/3OGF0zgWcUnGhLs\nAIDWZTXaFSW1hpUTEcyTRVqxRswHFUhXxmVeh8xYaNY5bEYja4W3OKRwG2YfT755XquqT/x4s8ZB\nvpEdMe1naI1hXbZFGMyA5imGSUWVo8AiQ1IkUAQepaohfG8aOLf6sbuDGLAUlnVPCUmXSFHFT5Gh\ng/QOTO54b4JRtgLuqTyKttWbpjYd8/ID8BZ1FgFSF/FhEPRpygnpfc/72UIcr2jWWj/fe285OwT2\ncMVBibgBkX/NP4keoNSlUjGh9uYItru219j28JrBNECNq7X1GBf6Q9o5RZKzFoHDvRXxbRyMEhFQ\npizNpCQx+WsKIsNWz4tgKaM0r4qoHqzjfSW+MaEBSzkMXRVMvix45SnvUUmFqm1CRYDlbDjPN5ih\nbD6hMhXYmkP04Yd/yfAJuDkBCMjJ2Epz9vaTnkG+6P8=\n$__EDBwrapped__$
P	dbms_scheduler	_scheduler_resolve_calender_string	Schema: dbms_scheduler\nName: _scheduler_resolve_calender_string\nResult data type: \nArgument data types: IN calendar_string character varying, OUT freq dss_freq_enum, OUT bymonth integer[], OUT bymonthday integer[], OUT byday integer[], OUT byhour integer[], OUT byminute integer[], OUT bydate_md integer[], OUT bydate_y timestamp without time zone[]\nType: proc\nVolatility: volatile\nParallel: unsafe\nOwner: enterprisedb\nSecurity: invoker\nLanguage: edbspl\nSource code:\n$__EDBwrapped__$$PROTOCOL2$\nUTF8\ndxlfhZEGHCyKeYywLqAxjZ5rcIi4+iJASHiS5OqODwClwyhjOwtTuVAmb6czHHU3CZz7yYNZrxMG\nSS9uIC4c/ZYFFQOxAuvEDESseipAM5XV6U/k64sLYa3XE273gp+QA4wJtfE/RPaQ+SV2icLvzAeQ\nl2STBQlLbZQGO163zHG4pdrE02ZEiSWlMatn2ivMv8NGRFdIo2qvUUtpFgefp//WKJGbIpgL0Agl\nxRh7t48vh+SUpHCxSfQaUvR+oYMxdMYLzf+G1W5mnH5IKJxyIP5ox4zfCg1fj4DshANo7mHzy3Il\nNEYgMA3pN2XAwRQ1D20SZXQlCenlqfYnWVJjoC4uTN8zZRb6KTgTaXyYpbTSi6UI5JVJJcKU2P2s\ndiN4j9KAugcyzrBH+Y5x50C3QiY4uDusPIR3zptjDo32JvC0JasEBDS8qt7LKY3Az5Y6t8OBY3SV\ne7AvSV0NmsE0HAGzLo0s6uRz9Pn2sk+u10okqQwMyYhtM5NizXmzHckJ3bpTA5GPyghk6ytCkxjY\n3I21+JYWK40c+Zh5XkRou2+rXB0GV7r4TDTpV6IyFwL/FfHPxsjrFb+EOQvbYxqDZdb+JYjF0joV\nBIAvrLlV1xZLDBlJhvsujdCm01o3Wwpt5pzHOl3063JorXcwtuXUNqCZPtS5GPzDrZZ+oYzf3LUL\n4dJMwWuSO/T5+Rn5p4sIMow8sHTWNjr4PGL3U8uAVqpSklnSb8ulq6tlMdtPzCs4iRPjsTMP4llF\nynhhQPAmoNMCyufeKAsH/qLAONwjApjmkKl3Ybcp/WAs/Bux5Wan8jzzOJfifKLKl9TkZM4MDnk8\n//QFJYdUg5+5FFZTZqB35LW8ntdQEUBcuYp5A1F4KYOsQCv8O2u/tENhyI1hS2BA5hZa8pywzpPp\nl9+RQkX4WjnWAtBxyxJGmSjRprxWONRyYlEQYc8PxBUleEZeNuE+QrDXLC90sa47ou6kyZO7Ahz2\n1WPKEe2Yek26cIEHmX6G0YxbFjATYDOfg/3HLntz1yWAtXtgr4SvRFmVECefJWBK/n7QrKxOo22c\naJ1T0c2sO4tAIhL69QFFg9gR4iai8Ae9zIY0wpFWrmV1yu5+ryl7GNoAVUAQXGa4Jvy9ivdJN7Fz\n2QgCIw49a3RYooqPMrF3ptVzumPTdSV/shUmbuW71a8E4+YO+Y1ZTg/qyGt4nsbicRe1s12XHUFN\n24e3apiUF3OnE69z5+NOH2Sb+Jq/TZzizDLePTq58D7n7tlhPUq0dL4/a96RgrShkniwHRtaO9Tv\n3Vv6nmiDexbyAjsM+KyZa5o8TK50HDSSw+lL+oXpcINKeh1byMWS/+f2egtxOj22TeWN+DiPwiOv\nOSC6NgRP4EtrpQBP2LQr7tA3olGsQlb3z5+0ef85vKgyb7eMEf8VmQz4scleP/62uuT5KXSwKhWh\nR+tbzQS+oaI1Eu7POuoyC06+lfYnnCjiTuHZ25qlZIJ1f3fJTZwMHq4LW2JuSwZ60EO4udgw2aL3\ne4Zv9pKA099Y9QAGRvChBZE0AypCK6fac+B/bL5a9XMRHYGr8MaKd3v85jOWR8m/ds6H8bxQzGh9\nR8tYh1Tu6XcQQtVM+b7YJHH5exCDcxXQgE9PyJLM8qQWydeYIRo+MelX+uf7L4LE5tInbz8HZVib\nGM6msNq9r+y5+j1Woc43J2qR5pMXL6RuIeOjn01mO36lrNZzQctUyV0sZ8UFp441LYEoP/Gdfxuv\npVQpaBs5YBRqaXgtrvdQH7QVWzHgQ85a7zgoSfr4+s1chc8QgEnd9LRBqNfNTnFeL2epb+pp9sFu\nIUtB2OEsdwelToYZrEF49ruJT0B83m/nxXN8JziwDPmQ3DImvxRLarqqXDVbdQc9eZiE6o1sU7yT\nFfFKYNHPeme3FiYld4B2qx2JdV5TPJousOHFc5mi4FtXW5nQplRg//HoRxjHjFovm0LAzfBWKn8B\niBV8d4gvDwRmqXtjbg9To4+qo/X9OGMpP8p7h8BWA8NgoDmwkuJZ0CZsynQD74TlRmhnjhscPnhF\n0FYYN5k2aDkIoi3qoauvwm5YR5F0HMM6MFnAyWxGk1o8t/yU7niAGtlSFIpb0g0eN3cOXj11S0Nr\nHQxU+TbTL4rVRD6q+G0hMOcKWICwxG9ADMQIvHTBLWC7/DOX/z9BiO5gKjwbN1iAQpOwRXSzIXco\n3uTbrbBps82MOF1Eif+griKA+8Z1Ys+ReDukrmzhWy5uVz2b7vYnGxHGoHYCyfDCcnRoyYvYqw0h\nVn7dKtE7ZD73KPUpDMc5m5dSnCF/99TGYp4LqivqfwY+SeULPzcXmo8w/wIjluGDUGo6QHrM06lb\n/tRoqCG77Rpr3Tr9fB6qn/E1c8mci4kBNjNWpemNeFH1hpD/jImJC916u/LI5f+rcLGv+iWhV8wk\nKxb5BBXYMyVcfAx1xPq6ZjpuwHNsrLs0IRrxoKGgAMapPtHa5EXv8RV6go1sd+jzRIrPZojA8EN6\npOsEoTX74ZPZANKrXamDJhy0BM1ooYTsmUff1Qu/Vt7ECZXHAiH0qKGbmnWw+xcBPRGaeHCIvAdF\nUGVB4+Tle9h2mxuZJwOGH7hXLR7b9TLMgI5RB5mLpX83ewIyU2omXS4bvk0qoIn+rViYHRx5F6cM\n5++1GcDmxSAJSJNVNveOUIX2rgWL5EGWOC/NbUFF\n$__EDBwrapped__$
P	dbms_scheduler	_check_job_arg_has_value	Schema: dbms_scheduler\nName: _check_job_arg_has_value\nResult data type: \nArgument data types: IN job_name character varying, IN job_id integer, IN program_id integer\nType: proc\nVolatility: volatile\nParallel: unsafe\nOwner: enterprisedb\nSecurity: invoker\nLanguage: edbspl\nSource code:\n$__EDBwrapped__$$PROTOCOL2$\nUTF8\nd0SSXhV89lpoZ/L69EG+PMFT5X+AkFn+4GkO23OIDHACz0+cNYA88z8u/2lsFeRhS1tAWQ4ROw9/\nfM2xVWJvWSJb/0p1htjDoR3Xjtl9R7e7R/jgCvzavvMF7LxqLKfZIvLMr+BwB3GBUOQM8p1DNLPU\nLZ1u68NJYP7WgkZr/j7GfKRZyTSVCuSbu9GJI4XBT78gOLsbfe2QRtZsHdTV65r+7qZj6l1AdMsY\nn/NEHdrPjPqqOZD+Uiua7mm1f3diQggRGuNcvWIFD9Oyz7r3gRAQwV1gDxVJQ0qOVdsKBsIDublh\nP2jWwhYOBSn5ZTJyY2w+QTDX1xFun0ElDfPOR+ds7HG1aQri/9qEyrFNuqXasxWGUvgk7Bi+BMbV\ntoz9nNMnc6UYv3MywDWoB7Y882jKXxJvGRzX7rvnvfAlnihKZtrf34C6LB963oiNj1xmbpvKQ8m4\nSNFP5eElQnOh4G9N1MTXuco0gSnSf1vcY3eZR3Jkj9flH4EZD1jZRMkJdeQ+48GeUO77uX2XFSDD\npif2/B0PJd4z02Y3odPY2wfRly+fsraFbTQSUvUlvO413F4Cga9DeuB02U8Xr+XBFOYl5GmlzQBo\nBWXquZkJoZSPIYDXfwf7znARIZUnxtfdxd70iSDmcfdPkJ/oSDQRKq890tCjLOIdrWjZwRSGjRSM\nx71akeG6Cp/bfjzBtz+pfx3qn44pCuxNBQ==\n$__EDBwrapped__$
P	dbms_scheduler	_scheduler_convert_int_array_to_bool_array	Schema: dbms_scheduler\nName: _scheduler_convert_int_array_to_bool_array\nResult data type: \nArgument data types: IN start_date timestamp with time zone, IN mm integer[], IN mday integer[], IN dd integer[], IN hr integer[], IN mi integer[], IN freq dss_freq_enum, INOUT bydate timestamp without time zone[], OUT bymonth boolean[], OUT bymonthday boolean[], OUT byday boolean[], OUT byhour boolean[], OUT byminute boolean[]\nType: proc\nVolatility: volatile\nParallel: unsafe\nOwner: enterprisedb\nSecurity: invoker\nLanguage: edbspl\nSource code:\n$__EDBwrapped__$$PROTOCOL2$\nUTF8\nd4icsw/xs+o5xz8KUuj1v4PA2yStiH4Qeo5xMRopqEnUew2B084Sb4VokQ7llDF6Qsb6sYIPZ2Ei\nmzjEi4yojmA0QSVJlwkKHku2obvNbXX8YqdMi19pgnBuDyRyWm1cVVlUiJPzypzY1KQj/7g0tYt3\nmRIRh9InpRg0cfi5Xdaqw4YRLyf6fjeCWJz5/dbTzmOqFkVnfd+g2jZtvwIkF4AMaCU1OkFxeK1d\nB2otMP7rDDTSAW11+7C2IRXzUuOEm/NBf7iFWBABk4LYqOVaPYKQj0UbmHIaxNwlmWxvqH4jBZCT\nRKhuMucIKo8dZQKNWVPKSbr0Tj9JLSwWigFMDZJjW/nHALM+02iqNWEgxsyb5oPDLx+OgSHZeu+V\nMiq9ON/YlF813B8/O6Ig+5yMAcl9WtjtYR3h+TAtvxUrIC/07KD7MTCc12QKLHQxy3PQ7zlPTJj+\nPexQJpsPJ44jvas8Gmh+V/cJzq06nJWXK+OTtyD9P7/JZdrQk0qQubHgY6PWq+P2rNgJT5tjlCB7\nOEw8eKBpr2WyJgeGtWxV4puCCAuZA9XXWmCuPak5aLkCWnWJU/0tT8ZzaKRWFosIlNXkHtehK/0Q\ndMEy7iF8Jj7jKyqsQMZXJfR8zRZ8mJXGpMGYX450xsJcXPyPu/C2mMDAvPlnhmDP6P9UECptq4fQ\nevXiPG+uAIUPM30Az1FHx+r/pkxZA7HpAB9cmcQM/WAd0jydgXqAd8MDcUb1y0NrxiDJsUMZAU0f\nkGGIdTL0TGmy19RM6Y8bZh0ezt685DTRFqAeS0wR6+j67hYdrpO6VtiaWRtj/trCH++XO4YhXRyi\nZpN1nTqFE7EYW6ItNVydVSmfCPEwQ97pAh+WLDEdCt+CV9JugsZZ9Kk09KzEjRHDpaXzMQJf1AGt\nVp8rIZSlI6UhQnEoPbAxbsfgNghdklaeZduTRb2hjbWongpaArEDroE7YEzILQl+PQAFelIUYEOO\nN8f3hWT0QYltJ+P5LFPXEgGA5TtCgJlYi6Y+eaAgETF2xp5fUhYJruvfPSFsPmUO8Tc9jdm+S6gD\n7BXKPyCsrx3XLBk4SAbpQeJcFfuaAYmKxcRWO8ve\n$__EDBwrapped__$
F	dbms_scheduler	_scheduler_get_next_run_date	Schema: dbms_scheduler\nName: _scheduler_get_next_run_date\nResult data type: timestamp with time zone\nArgument data types: start_date timestamp with time zone, end_date timestamp with time zone, return_date_after timestamp with time zone, freq dss_freq_enum, bymonth boolean[], bymonthday boolean[], byday boolean[], byhour boolean[], byminute boolean[], bydate timestamp without time zone[]\nType: func\nVolatility: volatile\nParallel: unsafe\nOwner: enterprisedb\nSecurity: invoker\nLanguage: edbspl\nSource code:\n$__EDBwrapped__$$PROTOCOL2$\nUTF8\ndyIgzuor7C69S0+yjKTSZXcDgUADFeQX9GvLlyZdC1Vx/7bGyxiL3t8GSHgABFXgUJm8Dpa1lNx2\ny2hu1PjGLZGWVZYW59R0xHBTfxs1HvtF0U+ahQoRfHZzvIxbWx7Esm8TkZG8aowhMxPZ3UL/AyuF\nhA8iwKO6VMApAZy/v9/NNfQ5fZe4K6CPtDgJzXXEl0uhpiE/0hJuTZy9a4CoCm3TD7CD4nvYDd3v\n7wSI/UNTavGbi94tSV86ZnZn7G9pz+9wnh9UWr7K0nuFK5enamHJefFiJ7ugL2kgicoe3NVjp9MU\npGjtueEVF5XlUm3/gr7KfH/SeDtQ4HLlDj31CHEIcKwiVaH5e3DnpfnneIftwJ1VESMVqSb6/HgX\nzsgHTeBbbfzxzIZg6mqcX1OA/kpXqaxKl05p82WLdItJw4RvAoiXweBpKAlO5jvixDqS2br2wTjQ\nsiTogvcvAri2fhSrHSbLSwOMtBi4pli/WTga8w48VOuMVPq6Nw98xegnDHkkEagdQoNwlute12w8\nTNU2JFpJzm7KeHU7waf7HbuCTD4DU6+7CSCluxnjgmEH7b3s2+M0+kepou3HTgvSUpp6CWMnthEF\nuE0CoLFX97uJc1yXQhpPv4RjEgOFSa32jkEfV093DbFqdKvzBVkJwR32SsVnDKSj3zR+USi0tq1Z\nPl1oXlUB+/bE4oI0DroTs1dPpyNuvB3ywrB3FQcZg3oRNl4WjCRcGQr1NcFziQBbr6XelDgdrqef\ntnsiiU4rAy1McVUaH8nHh8BhIVnC2OjrDwpJCv2uflmk99Xd46bC4wOvq5ZXXtd5ZXkoWfnAy0Ca\nc5Xk9KvldcFn5T5MgeLXq/q3VLGFAonmaAwj7GLozSktHAN0hmGAhDhCBQGVX6JkPmuEcu1et/E5\nSBCDIQx3Ex/p5OkDPQ72+HCw/10tWLbm9J5RTepIxqd/Waeu5s+B70zEu/RVey4CMKv/yKKAuF6z\nUvYWKfkCdyUQX1YbYErYuYr7j2UAQCgF5ppF17IcdiBoNSPq1GiBQTtnGfLr1FoJ7l17JLiZRbRN\n/SWxewoArMPM+X//6/8e4r3sMV0k9rgmYWdwAvRGnP+bPObY0QWTKu+nAqkmWVIKLyMR6ZX1gieb\nBMqh80vJ+TDRWRh4M+8zzSCLNS/kZ3+Pi+rZJpufZ0Q50ZFdnAUCgyiCfmIIqRBlyHRE0G7pitAX\nYzzR1scxIV6VToJVyi4pk/2Wp10Rb/qlQsEsqPlxu+7/QsQv4C0w1Q1HiRUguPKzjkiUND5SAHNq\nGr5ZybFdlCrqfM68GyU6cQolfrka4Y0E5Ii2itiF182tPsh5wsXXj1ghFhTu6N9M8Hyo1Yy1J9bE\nxqfAQal1pf/JHfXToq08kU+o/H/m6QUBiIMPEB7swAszWHLjiERfjmH8J7+orEnwoHWQaNBq45ls\ndgnOdOuVAIn0D4N+BsFkaJad4Is+3MUZg0k3j3kYIgk8snFMAKQ3yFN3CkJEOXVGc20gKoYRP69O\nHpRFCTfSI4Tl+sVzvfCYko49GnV8ZrmOmxgZJr3068QNv0NcWeQRO3QOmn2e/4y57me0BYtSontX\nBCFQFrNpTQjL761OJchaiaOxCBuorHxMkIoR7/DFV87KZyY/zT7JCeqN8u+4KsEp2uAovsfnZvA8\n5Pd0VND63gF+teqvT7PFc/xJ4FpYvP26SQBfjcCaPx5HsBgwsw5s+q9Wro96WMpd/mEOSV8yIMEt\nxn+45NQNe7VPC3fCMDzjcC7i/5SD+kK5JLLbiT5l/DBbri5O8B2+0ViK5fMNKxOU/ScI9zXZkcPW\n0Zk++4GWEHeIq11Yo2/iAfAddW9kPnpFtCiLdNbI5WzxXqwmSlUPT9SNsWJOqkHnbge8tDGpIuyr\nWFlUuR7T6//D/ovGxuR8VG1mvf7gw3PBEtmFlIzWrx4C10LNXc+FtkUk2GV22SZEzl4E6+tq4zF8\nXHsIM7MZtemNN48VK7ZsObVW87/5EDSiZUs0qGMyItr/OhvLJyfrj3tgZ5ZlRXpO+dlPbA0RaTlW\nIKUcQrvUQLAes7QhNz3BnSCzQRnNDeaCCTl/heaUXZBbt6AUc/6p47EfrlEqkJeQLaBiMWhCEwdg\nbLP8iGFb4RuZjVtA3l/+3yIz2ASeUfj3/+Xx5U5Fg7av3VrpP1ndPTswRQfx3S2Iy+JCVYs8K6Wp\nVEgKzGmyrcN4GH0pS56gKJ7Y36yfcZPKgU2M5N2nStC3Nt6wJqGUyrpexdkNee1+YX65zF2MBwop\n22wv5CEqPBvTNb89Bvab3jI11hDIRDFCTNtRKbOcqVEsq8U8HHqQY3WYYV75SFheN9n6s+VC49sn\nZApBksdBt5RiMvtuOjsx3dO9cbi98fjtmX2zO5XSPo+KPklKorHjFxMpt3Zn+qOLYa1Rv0FaK69W\nUhIQ7GxWe5q4KbL0LRfN6xr1ODEsLs4x/Tyd8U5V/HB3WJjVSErRi1EsDBjOBOiaXozx59RFEU6V\n5Or6OFVSugpe005v+VKqj9Dht23709GeuVn8lal70Vq5LawInI2dRu4bcrp2hD6lNn3TmWrsCVEF\n/fNl95TsU0aJWZRcH3e9+BUhhVCzAED0KI4ZLSml5PGisMSN0GxvVM3qy9KwqpuOef6UoLSPjiFe\n9GVUm4We3TMRKBMuBtfbIXMN4Cx9MvX+QTLt83iHqYAAQeIWF1ZdU1N78UBPGy2yT06u7U2jEjOT\ncQN+4eRiSgDQv3md9KT9BMCePQiLHjcV6/+cFwYIVjt1sTOQqJuFysq8rsUZDaF6glyVTdzEDOet\n0xlBHoRo5W/z22gcgYzxsCDUtQlcClVJOeaiu22NAsorj3trV7Q5d/9L2yuaQFg4uebSyKZrtXme\ntOaxYApuQv548wAdHxOlqlQWEhUv1i15tEPo8ONI7tDf9IFJOmGbJzgpT5hXDTIWJ63mGLnmQ7s/\n2NWHtOHxtGgUKJGfGNMo2yDYB/lvbV3oQLSDvcyBwLfC6zCioUTxxgEzQZX1JVMINfbm/eXrr8Nm\nJoFnVD1/UJYzINkG/vkZ5iCS98pZvXnGeciSnJAgl87zQCXaeOBTPnpcd0PLaSZPxLbQmsyt3xPY\nNVr74G6C1SmUcAWTkPVixpG0/gfN03TZ8H7Y8plbix18eLXZngkptCXb6/5wRxxc9q7xu5dlji4e\naNnli5//9SYaWXXtPVMg25tEg3C92JI+50dKQvGMxy1CcAu+1P01xYLXr9tRqdnhT7roYaHrUsr6\nbz1MmgUzS1VRJEAj8/b6lJ/PhOa0sOHc5JMQLe9PBTh7kFfh+0DmxhOIk3MTxZyvMmr6psNm0Jv/\nT/hZiTMhhj41QC6RTHvOwTAoC4EFsPvd64q6RQklyrMo/wyyJEQFv8XgpzAAHFOKcjeEsLK/V2dP\nn4wK2uaOHHa/QoQnHVRLGbJh42y7fhp1hPOHTC5kUeZOynC0QEF7hA9pO5DNi8a5NU/X11RDBgvq\nd4jXZO2eurKlmn/MAllF/dFFagxBFVnHlp+2J1i96jttK9EcdPCqz47qshmyL54pvkhYPs45W5vH\nNSKFNJSau/SVWVIejVKZPmIgnoV+308tzYsBtVkKeJshhTkfJ8nRLrTB0REnfhTa1nrtxrawvlz0\nQbit7opEv0C1UXzVpbpAuK3v0XPmUyKVnqlBb3IgTrmtvvPzp+z0G2OegbbiMyrtePpt078ZHt3E\nT8mh3ldahGOjoWvPyH4BT7vS3jv6agaavZW3AvbU9GlAIc65W/JCA3yy\n$__EDBwrapped__$
P	dbms_scheduler	_scheduler_run_job	Schema: dbms_scheduler\nName: _scheduler_run_job\nResult data type: \nArgument data types: IN job_name character varying, IN use_current_session boolean DEFAULT true, IN manually boolean DEFAULT true\nType: proc\nVolatility: volatile\nParallel: unsafe\nOwner: enterprisedb\nSecurity: invoker\nLanguage: edbspl\nSource code:\n$__EDBwrapped__$$PROTOCOL2$\nUTF8\nd3cL7TFlafRFzXHBWkDhKyETdi3CJ03n5cs8uL9c/aKllB+pcwdHq5pKUYmrl4EYbYMKaBN6PX7V\nqt0/vpq6pokeUMhBCCB9RIMmiVaoom4LPcwyIXdtlZvWPsSnntyNgFFw5nTxEyM00Y2rbEPeJ3F/\nkGDlkS+AJBGAbStV6DA4dkj8Bcy8jri/t+WLElUEvhPjUoKdi7gO7N46CZ/N4iqWS3vEppS0ASU6\n3R6UDPif/woMzLj8ZOGinaa7FTwoc/oSTFwL5Nua0bKMe0DoeMiKr1c+NjRoMtndq519AmjbpAoY\nMhf7m/TfihrZcsOOOj56gkW9dYhFYOK/7VlCHldp/Fy2uS/4CYfcQtGlFM+lbcdKBwwjzHB8M9cP\nzY1pVaeisolzGRVfOKxXoS1F1ZoTbTLwtuVnVwX0k00j0HwyM4cEu3ReW/+n7yf2NqGE87ZTskrc\nPhw2MsNBluSHswEvxkLnoTQZ7Hx4L9sF1zlVn2z3E9tBu9ujPlkHD1nsf5E4RoZZQDXVEOHuNpRf\n9fhc3wEAjdVyxyMS6TfvJ9pvUZDHBUpLjCQkjXK04DQq+Qe0zw+ZthvtlmHO8jtHZ1de1yjXcnAV\n6P4tWzekXgFiRHd6U/NfGf4TQzWmKxNKoIe4xdOr2nTJHVnEfNhVRy94TmW4nAcKi1DliYmq2n+X\nJc9HZW+Z6M+EaGzJE1jpKxdZLo82Ko34+A++PqR67TOfkES1Mf0meaCWNpr94YiVXSSaxLoxIKVv\ndb9HO9UB6KYSH53EsbQsKoNgY6q7mfOs7Y5XjeNxyn9TtgZ9xZgGm0xQrCGdddB3LX1aLXT2aOqj\nddVE80PjZRpwhFV+uOdxzlHN1U2/DmRxPLYpjN85umgNhywNXqYTADrY6cV7EwSShF5Yo7bcPrgV\nx13acBeI2Yc7YG1OqKo9jsSNcKg+a4O9mgAk/1nb1FVCImEWMXPAQeNYtices0FPfZ61P0BC1Gev\n06DPk6Rz1frIfS9PfYqfOZLmo4cLx9PiaeXjdTOeSBynhmXRDGpv3p8/ITeMTtT6ihVZbpfk8Ljb\nN1GaUXtOSK0cykHIYHHp2eCzBt6lEqG6BMC2uN/j40KP/gN5FIojvDKvYvMbih5ZZouB0wK09SrZ\nH0DQO99McvzpLYGlqGVsYDpIBlsvyuthSa2kRrIfvpiI4o3zxIjMku9dmrCHPB5ym/b7Ecv6imbe\nOPSrMW1naEMOaFb7w6ukrJjevINtPMbStjL15RdwVuGOMW5imNqP0UMuOdl1Qg9To3Tgen+IGfkI\nVR4gUpbDkbN7FuGR5deqEsp1OLRkQXiKf9Gptuv6FggJv3Ioh8mCw/0rrDnh6g0hOB/Lt+7wE8uh\nZtEoMSq6GltJOiwuucYd9/otQPgYbWuEAioIGyfvi3h5KjtYhmGul9FGOCXomVMMYJYFiTtKQIKF\n2fLu0elKyUHvdI9VfCIXCbmyipL8NAyHivkF4CRkL4Tj1JLm75tmYiSUpNAFQYPL1Y53abI0wW7s\nQWWlH2UskDEtflaSfWA3WjAAxL17Za6YzDdyTA/PY0Cy1AviN+ZeVhJfMji8MAiTqQgfh7xHXmCI\ntgb8zuo7EvpWgFfzCIpLNwRmodHErg9F/sRfivtXSxaHTI9b0hCn3Mup/NzINKzPsGWagNrpn/If\nQIE0V27aH8ZeSNyeaRK1CZnBGfH42CjIiYrl61i7dSFG8JPNbdlFdMnEzYVuzmc2JkFmOfJs6b+A\njFwl8mFWLFgiMSTM4cpYQu1F2jk=\n$__EDBwrapped__$
P	dbms_scheduler	_scheduler_execute_job_action_string	Schema: dbms_scheduler\nName: _scheduler_execute_job_action_string\nResult data type: \nArgument data types: IN program_id integer, IN job_id integer, IN jobowner text\nType: proc\nVolatility: volatile\nParallel: unsafe\nOwner: enterprisedb\nSecurity: invoker\nLanguage: edbspl\nSource code:\n$__EDBwrapped__$$PROTOCOL2$\nUTF8\ndxwtGf9Ty0+pyoMv+SxEqEazKeWHnS2J9dI/Sh49q05LgnBuc+diiuPzDqtsmSsU081GpLIULZs8\nmJU9C/Mh1do/sapuEgLlnsbu3IChayK7SuFW9TZ0/GMZ8lzJx98NWIolZvqs6NyVY4iMHC1i5uDB\n15KKJ0btRGxnule1sesbYAvPWwK8F21BeZh7ketuK8Jg7YhY1LegQgVF/Bb1fDtMuvG4drFEzXKL\nA25LCWED/eTdAt0GjKEDH2fq9pBdDxvhoGLFC+KnqgZ07HAKWzZWv6bWqqx5krzy22rtNbTcRv/y\nP68UTe1rr+oVDdV0PHRTHL/5YUGUsBQoDhzwCuZ6pJMDstf0EPQLg9kwEUrsrrxQUrHVE0nQ4fls\nn1tncVL7R/aAqPMVsqA0xF0AvGIntSPdpQIxA2N6D1HVcVi2ygMmrKS3/u9lhasNL/LJDJ5FjHlt\nvXqazsOGY7Xx7Sb0eqsry7J3vBMZhawkN/xCA1ZoGtdekHLuONqrcD41POprAl+NZ5PAodCrMGes\nhHReEfR4uG8Bp+V7VeCp4KPlaXWegQsz+3E21/4T75R9JoCHPrXH9iI0yEQ5qaQ1VAbQJV6b7I0/\nOjK12BxTgLpjYSAkNiwNCewxccUPCsfMEmMnepJHrX4uQhOPkK0HZ3YQYoUVWzDxUQFddbRFTO8a\nZq0oUgFNE+W7bSrir9GKgVmj7TfhsLSD0ufZxvl+MEXqeLbEexHLYFLO47weI655BH1KTJ3tWYAI\nRQVpbmSq9w==\n$__EDBwrapped__$
F	dbms_scheduler	_scheduler_get_next_run_from_now	Schema: dbms_scheduler\nName: _scheduler_get_next_run_from_now\nResult data type: timestamp with time zone\nArgument data types: schedule_id integer\nType: func\nVolatility: volatile\nParallel: unsafe\nOwner: enterprisedb\nSecurity: invoker\nLanguage: edbspl\nSource code:\n$__EDBwrapped__$$PROTOCOL2$\nUTF8\nd8GyqFuapk1H+pF0xeR/TJaRhB4Gt8m3NK61jAD6rqfiP1xODDtRSiC9i7mF9+OW0v8f8X26VoFF\njoWwwpMfskNCXXD1WvrnxvDdnR+VAxM/Q67SLp0gizX1HCSv1d9GNjjRDkNIC7gmo27nfwmtRqDy\nZnBq31PUYm+4UsHmMmJNvOi5NlMFhQnSyGamzd8zD/aIa6JFPkfu3LghE2UO7uOEysivOgm3GbRa\nzwlkrhvF/YGE96DhLmtBeiLswlppL8161eeeGmLtTPshXilJsnUtQscKcqTsKy3G+EG5A1fCwUy8\ntmV0BJ/1wqIQ7ivwKw+oEnydXUh+AnW2ULXarHeoDvLM/q0kPN0M5rnYm0a1+VxwyhtW6XMUeSlW\nVsatQFV880ziP5fkBLhfK9hcYgp7uJ7e/NsLFw311jyYmrjJiZUh6xhBYFp40WXDxnS9x+CQ\n$__EDBwrapped__$
F	dbms_scheduler	_get_job_action_procedure	Schema: dbms_scheduler\nName: _get_job_action_procedure\nResult data type: character varying\nArgument data types: program_id integer, job_id integer, jobowner text, job_action character varying\nType: func\nVolatility: volatile\nParallel: unsafe\nOwner: enterprisedb\nSecurity: invoker\nLanguage: edbspl\nSource code:\n$__EDBwrapped__$$PROTOCOL2$\nUTF8\ndz/h0aub6HPOZwVwHWNMvSuHN1Z8E8VBATnOnzH+s3CAz1oFcGt+1wZqcdk3O/IPrarY9Ij2Jq7N\n9BPJ/U/HXYCehUe6iM+CDccl2CSb2HyMwzp+wC0Oz2L1n3fY7xShpSyiDSD0T5Z4WdFE/N5BeaN8\nmdLys3QQXIYw3+uARZ0IxqrkqNdAi5sRRvPVN8AGAtjnKIOVacUWsVPopW2Z2SdNhTk7Et69n1Gf\nit55KCTQR/7K/4If+/Ma3vjkIuu4GdJeKiUArA8F0T1CraC5VZjwfpqprZMqn3wsYYKR110a936K\nIktGIw3DHz3WnDlx06iqG3OYEi3Wa6Wfqo9rYdMcZXY4OkGE+K41BnpyhGFXPoISHN8oRJyX/UKy\nSHkRhswhsP5uuK/VHFUv9UWxQCxfRQi7hyepl+P6X4BnzNx1+zObg7h9oTVORFW8D/1n3VJDUV1z\n37ngFGEGyRGiW7+RgV6X3OyVp+9duVN22ghPi1Zm5c8eJN+pyzamVn2Wx2tF93cLUvDmIC0dB0uQ\n8s/Ng7fFc6bq7TvdYG0GAPXAYNUIqcImRkbmJ9LqfXaxow000/qmhMX0vBoviplrD+48tmh5lFm6\nUCqCMxHgyurGXdMrLlcE782PStxp3r4C9c5Lt/g21Tpuin+jAw==\n$__EDBwrapped__$
F	dbms_scheduler	_get_job_action_for_stored_procedure	Schema: dbms_scheduler\nName: _get_job_action_for_stored_procedure\nResult data type: character varying\nArgument data types: job_id integer, program_id integer, dsp_rec scheduler_0200_program_type\nType: func\nVolatility: volatile\nParallel: unsafe\nOwner: enterprisedb\nSecurity: invoker\nLanguage: edbspl\nSource code:\n$__EDBwrapped__$$PROTOCOL2$\nUTF8\nd+WD6UXK1LJK9DU97iKlPgOCz4wwOoSpBjKMdz+5EX7c4ePNbOMSF4nvDmcC5WqTk18fNG7ieyUt\n8oSfqTvFuNG3DGVVpjxCJZDyqGQeWYSfN5v8/YXQIK3gheuSF98vXiAjEn1OXKlJmsJjsB/cRVMH\n1kZ8kSMMi8W/2mdcWK8XA7CDHtH05BkUC66P5GsI7LwYur5GncpnCPrcRRogbrkOyVIbiIWiWy1J\nf1eDNi4KF/iAsqLglozGgO3mf0Wohrg3ddSzYaN/59+2XMJY7EDXklzx/yv8mokba1KG9ciqO4IU\nIqDU/HMCbR+sZ5NNiCOHN/6xL4UHOpygKypEptawshRU4kQvjrKmsqAo/iqXbagPxTuncTndllsq\nEY4QUQJngfL6pQ0bcs9vIpfxLMBS1al9+bANwgYFQBRoSeGGQkJ0JgLL6Eujb47vCAhKle02VPE3\nvsyy0XjdnCemMlLYY1d6BIvCcr00Nz2RELazhQ/fg1Ln0NFAE4onuGmcAqX08rawNk6NQOu2XDan\nQliWopEBDxr06NxjUVjk567q1HSVWVkxIw6IFtqwR79kWKro2NVfck0L56myM8VzFqOHHMQRYK1a\n7T/2wx7Ze7WHQFHa4eTMujll0FUwFFgupq9UDGMolfC2j+4VRBmoXIZSdRKWLtkK/2Y7MoaggF9U\nt90M3uSmdf/ICITnDV4h6c7vDK+HfFZaEruD5cdN6Uu1/v6t2EGn5sZYBYDes6rrAy3Wmjs8dczs\nPZU8yX8PSqUkIXB16V7+465Tpw9XOV5iPXchYS3Sns4i46UwUHRD1+XCpiPmpC4VhqXEC/VAdKdp\nOIBtWr+aPLH0T+KPwkFDp9yvATlQlZ+tFGzm/khkB/TDChyPiGnylLK9dzx0YwqZTc9ZxWLA9J+3\nebvlU8auN/w3pHj+d1QnjACFOI21hNRpqqMUWZzTZpW/5YgKyOjUJ7oJytfXMv/VR9K844qKJDld\nCHxEX3eVKKMYvuakonQnl8+vEB2seVGaDbE7JuolRbYAqVXC09HR2vjp7I7pxhrUPeb33lZpvSpE\nRUxp3VYKa4mAFFf+eURsa2zTn4nUhCHJO54wB4EQE2d7dmFNTOdF95rBUeG3B9R+p9UFJ5/a0RVK\nz+4NlFJzOvc1mMxCl4P/iEYf+FnzusJ6Kcn68Q==\n$__EDBwrapped__$
F	dbms_scheduler	_scheduler_is_leap_year	Schema: dbms_scheduler\nName: _scheduler_is_leap_year\nResult data type: boolean\nArgument data types: year integer\nType: func\nVolatility: volatile\nParallel: unsafe\nOwner: enterprisedb\nSecurity: invoker\nLanguage: edbspl\nSource code:\n$__EDBwrapped__$$PROTOCOL2$\nUTF8\ndyyx9eM+V5vzcXt9uNNZqcXr0f4YwgU+uv3exD2Zy3YtlW5sXo0tOPVMzWo+CiY3cR+3RIT7+rPJ\n6Nc6+1hlWE2UDflG67ClWrmQ/bg6hdtfnLixCu1Cg79mE5m5tCxPp4NXLn2rxf/OoGyX3pjgU6GB\nR6YXkPhBDoZEG6bP+GVSB2Nss1cnCb/568DayE7czFd7cmOETdkomZgzuA==\n$__EDBwrapped__$
F	dbms_crypto	encrypt	Schema: dbms_crypto\nName: encrypt\nResult data type: bytea\nArgument data types: src bytea, typ integer, key bytea, iv bytea DEFAULT NULL::bytea\nType: func\nVolatility: volatile\nParallel: unsafe\nOwner: enterprisedb\nSecurity: invoker\nLanguage: edbspl\nSource code:\n$__EDBwrapped__$$PROTOCOL2$\nUTF8\ndzBi038NfFvhQacKqbjYTgHQTEeqRLvzse8GDOSbmj9aPyQ1DWNzd0Qp7jpXUDvni69ltzOeo1NC\njLrJe9Du+CresJYVLJ4tWST1QTzuZb81D559rl2ChP6JeNY22Yv/sYFuoX5BFl0roMSSGAWLCBrG\nHonU+tOhl7bzzxcStnRdI2PUFzCLmS6/i0zLO7o3E4JX4t1+V4Zl29GW0N8qItJDW76ND+Eeq8Px\nUyOEIh3VqRWGfjaDl3LrRffKyA5r5v3VqUeEPFqej152LahpP3Lwc39sBpQj8T/lyf5nW/QuaoTc\nAmUZ+RIaph/LRfOX2wKwSHHWkDYYymdKbq7vs1TWTsn63Y4KxAuAGBOctireB8n4c0XXfQ==\n$__EDBwrapped__$
P	dbms_crypto	encrypt	Schema: dbms_crypto\nName: encrypt\nResult data type: \nArgument data types: INOUT dst bytea, IN src bytea, IN typ integer, IN key bytea, IN iv bytea DEFAULT NULL::bytea\nType: proc\nVolatility: volatile\nParallel: unsafe\nOwner: enterprisedb\nSecurity: invoker\nLanguage: edbspl\nSource code:\n$__EDBwrapped__$$PROTOCOL2$\nUTF8\nd0/n2nNMn5y59oYkCmZCYTqv4lwSyMYaQz7m8L9y9sik1hu32AxAvfmPnhD91sJwPZbvmoYFt+Cg\nizjELUw6jsW+LVlxhEAE2UJRynCf+g1V35sLxSja1y0md4bSj6jz3GMfuvTcRbvafgBsP4eeZaQ9\ngVKFlEM7BuXdAJ+/ATYngNCA2hxtBA==\n$__EDBwrapped__$
P	dbms_crypto	encrypt	Schema: dbms_crypto\nName: encrypt\nResult data type: \nArgument data types: INOUT dst bytea, IN src clob, IN typ integer, IN key bytea, IN iv bytea DEFAULT NULL::bytea\nType: proc\nVolatility: volatile\nParallel: unsafe\nOwner: enterprisedb\nSecurity: invoker\nLanguage: edbspl\nSource code:\n$__EDBwrapped__$$PROTOCOL2$\nUTF8\nd8WAXnblpFpgVPunihf/eIv7TT1m3OKcWjLNNsB06QjwJouGhhGQLTS/YYWOFeOT85TvAkefdhoI\nBmJrIHEiE9Xa8lv447dY7ynu4i9H8gRIMcarVmrW13M33vt5bdbAztGwcs48hEwRiaeEfeU3Hmei\nMcIeUFOfpudFVFI5mxWjaXo+UVm5BvV+PkXT+b8=\n$__EDBwrapped__$
F	dbms_crypto	decrypt	Schema: dbms_crypto\nName: decrypt\nResult data type: bytea\nArgument data types: src bytea, typ integer, key bytea, iv bytea DEFAULT NULL::bytea\nType: func\nVolatility: volatile\nParallel: unsafe\nOwner: enterprisedb\nSecurity: invoker\nLanguage: edbspl\nSource code:\n$__EDBwrapped__$$PROTOCOL2$\nUTF8\nd9LSzxgm3Abn9gChA12AzCbKtj4D5Zz8ofTwq9egDmjK9Tbf6RzYumrXMMCRdbdgywWUeETWgpj6\ny2/FcBLp8NPGB0nf5GfX1QGkL0eQLWBRKmTYEnUnhZFZ4JVJygqRUtufX9gd6nKadhG1mkLdEmxB\n3bH31QbU6oYPc52NoQEvIYpFVk6w0SeFjxei0m7WOc3t5ehpXdax99zOlbF73ffBmsnp3F47oJ+I\nglFVzmIfWhAp+kkjMqDWjjXJu2eiDH+7mPlcttfR2jmQGIVhgngEY/cwWa26zrIdCrHG0aeTB8QQ\ncEKYU0rjxR8CjgYF5L5aEH/qKpe1IfWAu9vT/gutrNZKQOdTFAnpqhU+bjUHpV/fo8OUQA==\n$__EDBwrapped__$
P	dbms_crypto	decrypt	Schema: dbms_crypto\nName: decrypt\nResult data type: \nArgument data types: INOUT dst bytea, IN src bytea, IN typ integer, IN key bytea, IN iv bytea DEFAULT NULL::bytea\nType: proc\nVolatility: volatile\nParallel: unsafe\nOwner: enterprisedb\nSecurity: invoker\nLanguage: edbspl\nSource code:\n$__EDBwrapped__$$PROTOCOL2$\nUTF8\ndyKq0W6VKgGl2R8nev8rpYabaosGL2oiF/S6/zsx54ObgFRsvGXlYmlkrx9a0s1JMfWcGD/4m+bI\nbxQ76vmZ1Iuh1lBP7gXZhhFBROV2ojTMQU2vLdta5BoHMi7aC1cl2zd95CHutLoITanBDqaCg6U6\ntefyugCJEUxg3ccZkRiLBOT/PI3cTQ==\n$__EDBwrapped__$
P	dbms_crypto	decrypt	Schema: dbms_crypto\nName: decrypt\nResult data type: \nArgument data types: INOUT dst clob, IN src bytea, IN typ integer, IN key bytea, IN iv bytea DEFAULT NULL::bytea\nType: proc\nVolatility: volatile\nParallel: unsafe\nOwner: enterprisedb\nSecurity: invoker\nLanguage: edbspl\nSource code:\n$__EDBwrapped__$$PROTOCOL2$\nUTF8\nd3U+4LJpTnyXWuCVaPzk0fnot1f2W9yyi2LAmuJLBc1N12vJoQZqcpzFnu8Lm8r5jT884xhefDmP\nPPsP+ddGDhrjw5YrDBu1k/GxzTpuTJS1BKJKimTWtj7u7EDr5SXpTsVaP3cu/iut1/eluXM754+v\nyxItU9qNvFg2uoHO2Fmn5r10B2csEPVHfQ5rbtK5FRe5YocSsVN15pwWhzrNtePyrRqG6B4=\n$__EDBwrapped__$
F	dbms_crypto	hash	Schema: dbms_crypto\nName: hash\nResult data type: bytea\nArgument data types: src bytea, typ integer\nType: func\nVolatility: volatile\nParallel: unsafe\nOwner: enterprisedb\nSecurity: invoker\nLanguage: edbspl\nSource code:\n$__EDBwrapped__$$PROTOCOL2$\nUTF8\nd0D+VrwELBZw7QGlTTLBv7vl9sjzQp89OSxKMjJAKFCyupt0Bs+ad6mshjfwIsihgUwi/YyASDwC\nFSN4bJR2j+Peyd6lFKzAf6+DwZeJlum7NMvopX5prvR5HQz/CxFbggyejsC+xvrBFOkyUtAjFd3R\n6gX7ZIX08o/25fQxTTXIT/HN+y0axprv1OkTKvH4jiMKxnrgq3Z0pwLdTwWX+NkuEe+bLPawJ7Sr\njfeUt2tMyh75gJzVqdROML9mDf/Mz+Q4ISVcj7rNChsNVxLJs7Xf97CpCru5UIVqOmDGfFNGGASC\nXdPbR1Y3p6uDGgWiIsgzqV7FFlgwTCtONe3SqTLtUpglo4k=\n$__EDBwrapped__$
F	dbms_crypto	hash	Schema: dbms_crypto\nName: hash\nResult data type: bytea\nArgument data types: src clob, typ integer\nType: func\nVolatility: volatile\nParallel: unsafe\nOwner: enterprisedb\nSecurity: invoker\nLanguage: edbspl\nSource code:\n$__EDBwrapped__$$PROTOCOL2$\nUTF8\nd5IyB6j2Gy5MY0zGB1zYngn0LgnJN6Ij1cAHR/r1ixgfOGAm0n3nTcYT5XD7vujJm0A+MhlLDIoL\n924UViwW839YybEgSciBwi0KTR9D8lMI3YlUeA2w5gHRv72B9+hSLVrEiukTYoYIONAWvtsyixfz\njSawi7XQp+JUTYOwOWe/MhlnLtzX\n$__EDBwrapped__$
F	dbms_crypto	mac	Schema: dbms_crypto\nName: mac\nResult data type: bytea\nArgument data types: src bytea, typ integer, key bytea\nType: func\nVolatility: volatile\nParallel: unsafe\nOwner: enterprisedb\nSecurity: invoker\nLanguage: edbspl\nSource code:\n$__EDBwrapped__$$PROTOCOL2$\nUTF8\nd5tzs3yqYYm0OFdWICQXDfjJRdBbVB6HPxAg/48gyJpj10tF5nhhnhiFrpagaj16Fttj5KETVNwi\ng+N1UECwuD1g0AqCOMMWHZYWPbjgvwTioiQfPtpo73a+SXOFjepzJqQlfvDWkXvnVgL4zV1R3wmz\n92O8FRYshzLHR2vsP8xozRxQ7/2AvzRarZwPZn6eLM1yctnuE5MuopIH4ra5peeFcgN1f56tLfE9\nLHu46WZ5aJ/Zs9Rc5x+g/3qDmsjXxGVlh9yeDsnP3vMbIPPyzpsq9MjQgCOe1cqTKEk4wWXrA7XQ\nbaXBZrunvltUu7ggVXPKSI/HLO9uD8qJSpDkAA17/xCPI4V5vBnk8yWWWC1kNUVf01ea4iSINqyE\nenYt/SmosiV5AA==\n$__EDBwrapped__$
F	dbms_crypto	mac	Schema: dbms_crypto\nName: mac\nResult data type: bytea\nArgument data types: src clob, typ integer, key bytea\nType: func\nVolatility: volatile\nParallel: unsafe\nOwner: enterprisedb\nSecurity: invoker\nLanguage: edbspl\nSource code:\n$__EDBwrapped__$$PROTOCOL2$\nUTF8\nd0OygvdXOegXTxpjr8XEjYe5RDo+/ANje6CMKhfLUfknzLyDxSQelKEd+uD5u4/TbM4lLA3JCOFj\nonuAgzzwoks1t0WtCxt4h3J/sVwll50HBx6ww8EVmqYHUyG6EajA1fto2IyMGJiXv4Lrds0LYWYl\nP4u2tB8W5QfhIcJMBv50neuJLbcNxEJ58A==\n$__EDBwrapped__$
F	dbms_crypto	randombytes	Schema: dbms_crypto\nName: randombytes\nResult data type: bytea\nArgument data types: number_bytes integer\nType: func\nVolatility: volatile\nParallel: unsafe\nOwner: enterprisedb\nSecurity: invoker\nLanguage: edbspl\nSource code:\n$__EDBwrapped__$$PROTOCOL2$\nUTF8\ndyNNDyJ/aHq8ImYfytKXNRW6tjASVdA4Bp5ayyay0QEAjWZxs/UT6eiJ8b1G1t83woQpeXuFxXrj\nb25ws1ykdF8BZP0S2nLeVlI7EwEWeQ180Mdeby7jdSysueSC0m/ukZk/t1REO9PpUALegQ5tJyO1\nvev49/Y7/+LyREIIgvyhiGE1McqGe0pw9hHlsFZhffLoO40zOdz5joQCd9CIjsCdzJQ5CTFyYhI=\n$__EDBwrapped__$
F	dbms_crypto	randomnumber	Schema: dbms_crypto\nName: randomnumber\nResult data type: numeric\nArgument data types: \nType: func\nVolatility: volatile\nParallel: unsafe\nOwner: enterprisedb\nSecurity: invoker\nLanguage: edbspl\nSource code:\n$__EDBwrapped__$$PROTOCOL2$\nUTF8\nd+LAvqGncAdqvKW7Vd1ZUz7c4hYQhN13EkYJ/GyJcVL80YcudaODQmy37TA5OXaNCEUyAG3Ywor6\nHEbukH0juPpNCyyT7Di0mj51HjrFTBmbt2a0BMA0uOpu5REjqoLz2bNIBQAQDYcTGNd9IkOCCD5R\nVVhieJ99t+4P8EYh/78OKWaZiQqIwp6r8dDs7iQ=\n$__EDBwrapped__$
F	dbms_crypto	randominteger	Schema: dbms_crypto\nName: randominteger\nResult data type: integer\nArgument data types: \nType: func\nVolatility: volatile\nParallel: unsafe\nOwner: enterprisedb\nSecurity: invoker\nLanguage: edbspl\nSource code:\n$__EDBwrapped__$$PROTOCOL2$\nUTF8\nd4eWYtyWaZv6xp91oxX8mf/HGTdEZQqKZAmTQj8SPgsd7vkJtcKDjNURRl1pJN+S5eYpjyX5u254\nFASBQSp+UfbRVc1aLhCBzbmdA5E81Sy8h3s978hBIEfEWFvxXgZx7B+Z0ie+ZUMr1cPJLjPn3BMv\nJuRlWKagnAuffWwzpzCKVBoWuSTesQUQA5wQRtuWarPtUkLQ\n$__EDBwrapped__$
F	dbms_crypto	convert_typ_to_pg	Schema: dbms_crypto\nName: convert_typ_to_pg\nResult data type: text\nArgument data types: typ integer, keylen integer\nType: func\nVolatility: volatile\nParallel: unsafe\nOwner: enterprisedb\nSecurity: invoker\nLanguage: edbspl\nSource code:\n$__EDBwrapped__$$PROTOCOL2$\nUTF8\nd7Hw4Rr1xVambDaYP5yGxwzbEUJSMAFIzeY65qG+j16Njl6lhwXJl/grVodPKxjXM1nODgjx4NDT\nlSgANPX6zb6OfWdO2TiM0w5bLtsxU8rskBAX/QVnb/NrHiyNViNfGBwX79QRxeG8UZzm92dtgtz1\npA+QwO4Id9CvhTsYKg5I8c74cod/iLHnhUghGQBoLfVYKmx5EGBfJSB17v8JYFGfFdS4oPQHo1DC\n2X2l4WcgLzADY2jDCYg3z42Zy1uKGQUAmWPIVmrL45Joq5c46ja0fY9MBbPmQY1K4tQqVTz4aCna\nSqpqdOZ+a6QGTRiGuThqJcJe7Y5XYlCrn8+QHhzZ99n74Pl52BEGB5Ft7EHfV2XLieWCWIr0tJV9\njfMlIVczYoD5BLwV2bL+LRNDn2i59x63YgnugbBdQqJ5/eFUZ5Lt02U0StBnYpsdPUit7EujqdhO\nnXkf1k+ic34AH0LSOXn4qTpuuyXjNG6a8MILtlbcL3sw8n3Ex/HX0dJvojYU4JbBHYAPZU+US/EP\noiQeMB50WP9MY6ZtzKMxcrSuRQ8nEG5zwr0wVQ9aGiJJ9+m4b9kqdhdG0abVgadjh04CdxUKxGzJ\nvtRpjqN6qNqZnuBCoQuhvZztNXsJcIT6dr2KKmMZozT27VNXmQukEunURcnSZpbTH4yyy0KeG35W\njJVDecOszaQ8cwfTKReSY3AcoRI9HPpX065FrLFFxazQZGcLB6+Goi5L6vsFYZ/YOYxidtAaTa2Z\n9AwptkRveJ6r2cGLvC143WZF8C9w/ET5MMalBA1/odw1Xy/NDLFw29/RnOX9B3A3MF9LKZIlNr7C\nsM/I4e8AE6Qdtn8z4ccLMHr/Kyqf8SoEkyMz07S3raL7VIxe8qDWt7xJtKbo9wvkQHbhI9symI49\n4N/bBGT11JARHYNUBixQlkOeQKhTa+s071fxkNhMqQ3Ig9/+5xEengJauRLEcbir16Kf370392Sf\nSLoz47kZ/rN0RHrBLGLnN5uhjaJT0ax0zyMQnqIz9RWZmDO26fBNATSnbkIe2543s5wc/fMy9qKA\nwvbLHe6cM7n6AElWyj5uprS6gIyEhHxr5CiCofEs2AsojZsC2SLJq2QA5g5KOqy8BV26vkqAUS9h\nS1muZlHwSPGHGi4lLWQbLFeWNzXgqaSDYgRiarT120zdxbC2iuga9YiWqWtzdnLApmo1UOrRLoLA\nX5WfwWg0lEAKDA==\n$__EDBwrapped__$
P	dbms_mview	refresh	Schema: dbms_mview\nName: refresh\nResult data type: \nArgument data types: IN list character varying, IN method character varying DEFAULT NULL::character varying, IN rollback_seg character varying DEFAULT NULL::character varying, IN push_deferred_rpc boolean DEFAULT true, IN refresh_after_errors boolean DEFAULT false, IN purge_option numeric DEFAULT 1, IN parallelism numeric DEFAULT 0, IN heap_size numeric DEFAULT 0, IN atomic_refresh boolean DEFAULT true, IN nested boolean DEFAULT false\nType: proc\nVolatility: volatile\nParallel: unsafe\nOwner: enterprisedb\nSecurity: invoker\nLanguage: edbspl\nSource code:\n$__EDBwrapped__$$PROTOCOL2$\nUTF8\nd8ecNph9trYvF+/+DhNvF/6ADg+fLZ7MH5hvfb5WCvN9Vqix1qbNx4CmvR5/gHGSUKxDAMClwsTf\nCXkPZblmB8CbsnMQvad6kh4IMfszOEOPpO3X57qSB/JFQO2awro8LoKKPqCm94XF1wcibUT7Xg2V\njfKH9XzQM3YhQYqTWUaIpVUkAEi1OsWmzeNDn8Poi/usndQ1H8rKg10jo2Qy0xM22Q4wuaDpRfNE\nQ/PRL6S+1/beUsEcvgDjJtPfAOm6R7Y=\n$__EDBwrapped__$
P	dbms_mview	refresh	Schema: dbms_mview\nName: refresh\nResult data type: \nArgument data types: INOUT tab dbms_utility.uncl_array, IN method character varying DEFAULT NULL::character varying, IN rollback_seg character varying DEFAULT NULL::character varying, IN push_deferred_rpc boolean DEFAULT true, IN refresh_after_errors boolean DEFAULT false, IN purge_option numeric DEFAULT 1, IN parallelism numeric DEFAULT 0, IN heap_size numeric DEFAULT 0, IN atomic_refresh boolean DEFAULT true, IN nested boolean DEFAULT false\nType: proc\nVolatility: volatile\nParallel: unsafe\nOwner: enterprisedb\nSecurity: invoker\nLanguage: edbspl\nSource code:\n$__EDBwrapped__$$PROTOCOL2$\nUTF8\nd068F0YmZlduMAEG6OqDqs2g/l2fJCC0zKHe64rJ4XHKMdblqF8ILbIutQyKeZZNtXmeu65tX9xh\nSEmj7IsW8EJ51QgeKUcdIVN8Jr/nSWIGj22rYLqtBbB4SHvTY+KkscbnimT/xEBF/1OymvthZwFd\nqFH1DxSFcuPaxlz9wd8W7d+q+AMWSigJhh60Kvn7UqNvza2fEGL9NjKdWMWu60KKyswebi1auqa7\nxZXZvcRstvzVk7w8RmZqaWIpuStBqkXCd2G2IKB3yNwUDuOUE6s9T/XHEA/5ssuG8UobSaz93YnP\ncKBb10idzkNIdh5KEw6/Tv1nmlAopNPvlbYGBMRxLmlhp9dSBqUhtJa/9puIcwCw2lkfJLxEKx6U\n4JAlOzFLQxnHfNJZy/ZZ1g+SWoIQ0c30kNl5fcBb0GmMe8tejTdeXObjWDAtVlxBv8h0vCVGfoXI\nmd3rHzPkCdkz1qFeE8vSuxHsFlkauaUUkYRxltQA/AplUYORD6XCITH6EzfuCglL8Wna3g==\n$__EDBwrapped__$
P	dbms_mview	refresh_dependent	Schema: dbms_mview\nName: refresh_dependent\nResult data type: \nArgument data types: OUT number_of_failures integer, IN list character varying, IN method character varying DEFAULT NULL::character varying, IN rollback_seg character varying DEFAULT NULL::character varying, IN refresh_after_errors boolean DEFAULT false, IN atomic_refresh boolean DEFAULT true, IN nested boolean DEFAULT false\nType: proc\nVolatility: volatile\nParallel: unsafe\nOwner: enterprisedb\nSecurity: invoker\nLanguage: edbspl\nSource code:\n$__EDBwrapped__$$PROTOCOL2$\nUTF8\nd8k6EiSpz+b0svhrFzMPs0oMqJaNFK36YSxBUyIT81w+BCP5q+g4X7UCp468PG1JOrUGW9dgC1Wc\nn4LgB3J+hNp5vJwGdsgp/3+ZMrelSF2vstxFGNJqBPeQ8nc6JEIcJAKDo60NJYiSAU5/hEsC70A4\n/NpJc8DpPjG/tAuNwGRSQdYyOJdrIBiU1oCXkFGN++4dUu1fptJ+eLIxdhl/E+P73QTg3iMdbjFa\nQEGpKVHcmcwGipmMg8Js7EcHS08Z1DEIyZSIo9IROWnZMJny3ia0nXPx8a+msKz05t8doNLcpg2h\nBp/Qm0LY\n$__EDBwrapped__$
P	dbms_mview	refresh_dependent	Schema: dbms_mview\nName: refresh_dependent\nResult data type: \nArgument data types: OUT number_of_failures integer, IN tab dbms_utility.uncl_array, IN method character varying DEFAULT NULL::character varying, IN rollback_seg character varying DEFAULT NULL::character varying, IN refresh_after_errors boolean DEFAULT false, IN atomic_refresh boolean DEFAULT true, IN nested boolean DEFAULT false\nType: proc\nVolatility: volatile\nParallel: unsafe\nOwner: enterprisedb\nSecurity: invoker\nLanguage: edbspl\nSource code:\n$__EDBwrapped__$$PROTOCOL2$\nUTF8\nd2Vq9tAhnewbGM4jZriWops/GwnUBtWvkBoHlxnM87mJcVblTBlZHQdDxQwRRBk4u5c9pJ3F2l/u\nCX/IolxQR7R/RetATi7e+cnZ+bzVnN9Y5tomaAEhJsVfsppdKLY5Zr2QOmteLV29u2XJSF6a6sNA\n2UyrJjOpQzNxN90on4yDJ28bsV/sx1Ja8AHKunvM8zqvCpCJfNdqRCipImxddV42Qg0Kb9HerS0/\nid4X6IEEraKy0nE14g5V0vGU1J4dXC0Et/a021yg14rpe0FmcOVMZrc17GYvnN+Ez4o7sjITY0C1\nApoCF36TlFqGEdj2OFqQ3LetVwdxJ/m8wdjzBdjx0zlY8QJgN9D+rlXPGYmBdmG6DdCdsQzDguLt\n9ldoecaVV/tKZgpEMsSnVWiU5cNtDF2RQmmvDqFeHLozpTLANnmc/7xAFvkO2hllFqUesAMLcDtz\nqraKwjdk5ox4uF0HLqGibREiPFXA1RwYNiNEBRQFzoVFHqoyq+pei0ipwKoxVrOCq7nxoh27/0ct\niSR74FVzFB7fqQ0Sh7P6/tDsnQ==\n$__EDBwrapped__$
P	dbms_mview	refresh_all_mviews	Schema: dbms_mview\nName: refresh_all_mviews\nResult data type: \nArgument data types: OUT number_of_failures integer, IN method character varying DEFAULT NULL::character varying, IN rollback_seg character varying DEFAULT NULL::character varying, IN refresh_after_errors boolean DEFAULT false, IN atomic_refresh boolean DEFAULT true\nType: proc\nVolatility: volatile\nParallel: unsafe\nOwner: enterprisedb\nSecurity: invoker\nLanguage: edbspl\nSource code:\n$__EDBwrapped__$$PROTOCOL2$\nUTF8\ndy76e200xem3M+KVtBi4m3vKN8ADIZBPC8GQhQ9hIjQEq9awkXP+8Qp2+2L5qcPq3nrdvJ1cN0VW\nPeUo3MpFD99HRtUt9F8k0HPWMA1v2Ge3CneOI5SZVpGntlMmDS56WGV+yYc+Q1zD6iwKsi1aFeH0\nwWF9zcKFms5mp4/VTJzB1UciV+Bn1rDmJYYT/zfRR8qXJQzbVdUS98ieDYf6WXa+18Cy+NvwP2xB\nBja+VcN12e0auYnccc+Uo5iHB1vL+g3MSjYScRVyItZOpew8l9uEBSXbvr//WYZLJT64eVA=\n$__EDBwrapped__$
P	dbms_mview	get_mv_dependencies	Schema: dbms_mview\nName: get_mv_dependencies\nResult data type: \nArgument data types: IN list character varying, OUT deplist character varying\nType: proc\nVolatility: volatile\nParallel: unsafe\nOwner: enterprisedb\nSecurity: invoker\nLanguage: edbspl\nSource code:\n$__EDBwrapped__$$PROTOCOL2$\nUTF8\nd0lD4BDxqcOp9NIebLvooTJZcO4pjvlyaYp+dqSpqZHdEr+fn6q727FuHgk83qPGV1on6bWjGQIH\nddg/3kDrLXxRSup+vl61pkZoR+DxIBZgm1cle/9EX5Urd7DgJn9zcMgZgJRZHO2v0wtTj2R1VVrN\nmWDYFVZkLrK98suO68iQJkdOG9LdIWwewGf7HNXFzG6N0juKWikrvsOWkt4oN5B9Q9W5g7rRIr8e\nnO0wLAbg5R0Q8CvC\n$__EDBwrapped__$
P	dbms_mview	_refresh	Schema: dbms_mview\nName: _refresh\nResult data type: \nArgument data types: IN list character varying, IN method character varying\nType: proc\nVolatility: volatile\nParallel: unsafe\nOwner: enterprisedb\nSecurity: invoker\nLanguage: edbspl\nSource code:\n$__EDBwrapped__$$PROTOCOL2$\nUTF8\ndz/kKRE/0/PHC6E0V1HVrNRuNkOZQxTp4pLB2GRAboAerAHAVE+cWde3dW6MkHi5iKJClQuP15pt\nU4oIvpqRMeGkTS5Svlppmell1EyYI658npdUHZmKZsv4RDDWj3U9L3LeCFmb0KfYgp33HihqvwFL\nAKTLfbxy+A+oN5dYESKnkQgCej5lw2PIWUVi7YqmPmEobUSr77M+GQhKIMjmQaFSa/aPTevEyFRe\nl6ULjmetJk6QHS+JMkLcdDAsbyvz+bZjEjppVYcwKyLkWlLRJ6EzKl51jiSveJjCXllkQrY2l68U\n5DxS8xMWAP51Nl9mN7K1EVGcHZ+1bdEtZQNZ+4PGSQ01zeHvRd/BKa1L+A==\n$__EDBwrapped__$
F	dbms_mview	_refresh_dependent	Schema: dbms_mview\nName: _refresh_dependent\nResult data type: integer\nArgument data types: list character varying, method character varying\nType: func\nVolatility: volatile\nParallel: unsafe\nOwner: enterprisedb\nSecurity: invoker\nLanguage: edbspl\nSource code:\n$__EDBwrapped__$$PROTOCOL2$\nUTF8\nd7phCAcUOJCQFg1goatfhioF2kk5Ow7QCoUWSxhvNWPvTATQ3M2woCHQOzUN1wu1JWrX0E/Ql3gj\nTp/5hQQcp3oUKG7YVjrX2k3rTxs9jDsR5MrB1pU3XoUp1XM01BV/Oulvn+YO5zZX4odvsJuumFoD\n9CZFtOBs2dItvfwOhwgG98yG707AMdOlhcArL+/8WelXtwzqEnsyJQI2L3dfgojuFz4C8G/QLi9h\nGlQBvvQyXhwQn5ReHW41m20efUqFsLUSYXwFA2ZiIWAwvCu31rdy8CzkLIOARTXXrJjBt9iz3uRe\nP9arHPsKIzD43mRFIYR0vGzROi+wztiuCvvqhJhaZUD4zHFW202qO82eQ6tsVcTIxobcdJlGCzTH\nw5ag2H69iKg3tOWeF4b2GacTHigvD8OyQnojklfJeC/ucT2F5kfQeZ2SqUomnKZ5Ao6lK6UJ2NbJ\nMqGSL7zbs349fwR4RAKh4XmMMvDxJIsqvqBqTq6V+A3IxEGyFoKvwppja6T/AXLRGrx/FRT/XZpD\nqdC5Cx0aCdz1JHZr\n$__EDBwrapped__$
F	dbms_mview	_refresh_all_mviews	Schema: dbms_mview\nName: _refresh_all_mviews\nResult data type: integer\nArgument data types: method character varying\nType: func\nVolatility: volatile\nParallel: unsafe\nOwner: enterprisedb\nSecurity: invoker\nLanguage: edbspl\nSource code:\n$__EDBwrapped__$$PROTOCOL2$\nUTF8\ndwmPoc5/kA+9WusnNR05VZZSNLTU1ws6qvWR1mvAWTG3fHxD5tBntR/dVylUGg0LEp/T7QFpPGIA\nDa4foaE9T8/9X7256Qj2SvF9jJFzT4LoQbv1gkYrjxYNCb2dWuf+zHg/ma+HtpCWT1RlKs4flK9U\n6m2oFnGt+b2aivFJsFej+oEqfDT0+TVRy4qukfEqzuDXKEzJ+YTSlWS31KOW9iERAlCBTsqRp/9L\n1z0OXckOlswl8a2W4Hcdzd/ISTXXdbB5S2+pUfHl7NQP8n/VUuGupPPDnt20IzZFo/TXKbHlhqnS\nQCyQPQqljHZ3K8lohFYLTrqt+gNJdMwlFSViGoWioRrEK/VdLnfFAnL2mgY8Fzpb0/3tCRE5b7FZ\nGlvmrbcshzC7sztAoo8WeLny3E/rnB/gBSISAgLQrLITFZbeaNYsyKhTZJvvtjCMsJcuZhMP2Tg=\n$__EDBwrapped__$
F	dbms_mview	_get_mv_dependencies	Schema: dbms_mview\nName: _get_mv_dependencies\nResult data type: character varying\nArgument data types: list character varying\nType: func\nVolatility: volatile\nParallel: unsafe\nOwner: enterprisedb\nSecurity: invoker\nLanguage: edbspl\nSource code:\n$__EDBwrapped__$$PROTOCOL2$\nUTF8\nd+9hYeeADtrdeF6wlk15bpYo1uGV4dS66rliHGMty1FbGgxawkIq9BGsZAw9j0B6zPoLzNhyooxj\n4K6w7xP0eJdnFCSzhLNrnfnz7fnGhqcSlrmolNcBPuC2l0Xd9hbmMGlK2Cbay2gsPNCypdTyv+uz\n5mAX/H6JLI4kCA77d0fUuNPVzRuAWmoF+UInnmI99kUAXk4+VJNkRd1LBNndBdZlTIIjYPYm6T70\nePpJsFIihPe8JOPChTNSqLwbNEO2//7UDWBl/dgtuh+Grq+COApfDnVMTqQpKPQhCiCc7gb6Md10\nlazIzCRtcIsvXIKJAAAWVvSUQMg89Xn5Hy9ntrWQYbAcXqgxQgBcKHq3hR2Rwu3/2etm5oS9Z9H2\nwibOIHJrnLtIKZMVmP3jv+dMdzkL9JTAys+NZ4IgRZxQOGkYnzVTFearKv+d1KDoTZBF0UrSVi6j\neUlFt4vT+1CdLZe1vd6hq/sH7N6joXVESHZ9w3fWny4ccxe9b5FKRcCakP2lGYJTBT2C2wVKagYt\n5hkQzNOAkqRFrs2Sk2UcdnPeAYFCvrOt8FK/0QG9pbkojbBSsFdMICMg\n$__EDBwrapped__$
P	dbms_mview	validate_list	Schema: dbms_mview\nName: validate_list\nResult data type: \nArgument data types: IN list character varying\nType: proc\nVolatility: volatile\nParallel: unsafe\nOwner: enterprisedb\nSecurity: invoker\nLanguage: edbspl\nSource code:\n$__EDBwrapped__$$PROTOCOL2$\nUTF8\nd9YkCg4iJ6JC6u5rRd5paHXH28MimjLM1vV/fbG/v2c3rMtabnlsIsaAnj1s6dgtKPtRin0MrRjX\niaYxE7eBH2Nds7VL6gtIxUBvo04qZcxMAFsM4Cyt1+a9Byo27PTewqXS2vmODRYNFYWl5MuOY888\ntm67Rwsu/iw/W+VBTQ1GOpiOPwFa94M1B1tkYTbggiE0bypoMDgdW7LyW9VQbbeZ0YZtmP2mYhi5\nBOckTs1AaNMNrCdxzk8jsASklhAN3wZnAh++aH/PaLEncrje9a2Przo7B73tGxjp99GNDlVwSCWa\nhLX/\n$__EDBwrapped__$
P	dbms_mview	validate_method	Schema: dbms_mview\nName: validate_method\nResult data type: \nArgument data types: IN method character varying\nType: proc\nVolatility: volatile\nParallel: unsafe\nOwner: enterprisedb\nSecurity: invoker\nLanguage: edbspl\nSource code:\n$__EDBwrapped__$$PROTOCOL2$\nUTF8\nd/hOCFVecYRTwKJpkbzc+NoPBI7c+/L2jT/mx1AGeiV34FQPNiQ75lC6nCHTUfc98JnuJMY3Kuz3\nWSPk/ZYErIqHw3OiGhk9P1gSWOtqEKU4PNNCUSPN0JaKZL5DxHG26CesEfdQZfgGZ94HiYQuNAQ7\nkYF6Z/zCDyvSfZ4lwzAyYCMYSkvxsIvndQTDy++lXRR2Qyero0PPj7CCcF5kWUVGcF4SmnfKvnQh\nSvx2eqPV/Votrjp878+a5YeAkteKEa4sA+MflpYz9HKKHOsJxL8lHG6wK9roC/X8XQRDUpY3crxM\noaqZU9Loyj5vaYU9jeT1icb3WEcau7GLv1Gh+fXjsC4RxW7fEFqJiQKq1wtMGQUzcp+TbGjzJrKI\n/+S17jnqD6UEpeALulwlZy7Pav1JKn3xwp/iuElyx7Hcq7Xp3NirX+0poOdAbLQ6O2qigSxQ6wrW\nZpyF0kMDMSUUAOUI2idDgzonUKI4TI2UpKO8swvE6TAXou7zexNpIKp8QB1Pfx1qQbOYOvLFPSD6\nfu6XPkH7C+lYaD49DnUPdT/+7gYBOdNnesYu03UVE2rHgU9uvkb033LrD1ik27+Tm8XMcaeidWj5\n0WjuSps1eAjOFifWhqHaLsHun252fiKJbqUxo5Eru6rNDUr9w/wtzw==\n$__EDBwrapped__$
F	dbms_mview	get_relid	Schema: dbms_mview\nName: get_relid\nResult data type: integer\nArgument data types: relname character varying\nType: func\nVolatility: volatile\nParallel: unsafe\nOwner: enterprisedb\nSecurity: invoker\nLanguage: edbspl\nSource code:\n$__EDBwrapped__$$PROTOCOL2$\nUTF8\nd+9yOBn28tKv4GZyaJ/O96Pu5TBhVRzOQidtPvDT9y0xtkEbdN9n0RsSUAiKhvHV38t5c3jsn47G\nEeB1jJeva7PpHXV1YsPd5A1qQF8TPUbCbYfgki5JeGN/LIfVri4oN6FpasCK4EnmbWEkYmrWrLJm\nSh9/3NltfrxxTXOg97UL2qQlpZA7xaLC+/TsIXR+8EyZzeQi8siNcH84GASiF21FqMP40hsQcwfE\nC5jWlXaL4DSeSB3U0t6YE++2RTI7izBiEKXqB1iMoyAnDZk46k9zdLkKVvAWlXmRCcbE9/Abg0E9\nym80lJyxNnNi08ttHgaBv9StZZbctWakqkut2U0vcEv8sLw=\n$__EDBwrapped__$
F	dbms_mview	get_dependent_mvs	Schema: dbms_mview\nName: get_dependent_mvs\nResult data type: SETOF text\nArgument data types: relid integer\nType: func\nVolatility: volatile\nParallel: unsafe\nOwner: enterprisedb\nSecurity: invoker\nLanguage: edbspl\nSource code:\n$__EDBwrapped__$$PROTOCOL2$\nUTF8\nd3y1K8MhCYCvnP8UE/EUFkrrz9jEx9p4DtMuabSEEK0IqHrdt8Ng9/AD2Rj7EDiHsmao+ZIa4kLS\nXRL9TRvf4EpjKJyM8Is3b+M0v4DUw1CSLPTxRzVNbY4D66xQQd+0C1aixVlMurQUhl3zLjYC6glI\n5ej+MDLRGPcfnKu2YaB/D++XwFHjba/NKXM+HBhFAd6qmR5JuFcPRu5/RUzOcP0/HJATb7RrpfrS\nEZCDS4wLKy4UYhBFzjqWZriqFRfqRB3jo8Z7kWEjq87gDosf8VuQZhKdJBcMvJ3cdvlcXe0vtDQs\nIyhJNUTyhMYeBHGRvFw0dKWYkxwm6G2FNViPY7o32FNJ02koR4e0hpDhQJiGmYfCk0DBRTIalvUC\n2KV6794Ow9Z3i0PnoFbjq0A2LraELhiccY9kWGepREASWqvGn0cmg28AfBmnrQ==\n$__EDBwrapped__$
P	dbms_session	set_role	Schema: dbms_session\nName: set_role\nResult data type: \nArgument data types: IN role_cmd character varying\nType: proc\nVolatility: volatile\nParallel: unsafe\nOwner: enterprisedb\nSecurity: invoker\nLanguage: edbspl\nSource code:\n$__EDBwrapped__$$PROTOCOL2$\nUTF8\ndzwLMwUzIAHo1lceLgaIS0M72hVJS3xw0VccoZ+0Cfd2j5tCPH4kCBw3SWR2jvHmVApc+Wzo+JhZ\ne5PLZsZ+AKh4/YGs+9uN9T9/jdX2C8z1EVtcwe0M2zg4OsOkM+SIURxhszIdV0KcYiNC6oF0pRf5\nyIY/VqDzZkH9Sx0IU/xAz0+v3/jq6lBb9xNXFrZJugAd3x3104SA9QdDZBwEKnld+ynGvS2uWMux\n8Q7raGCqBvD0ukPp44VwCrw65DSc7L1L/ndY2Nns1DZXnLozZ45JcS80u1iVr7D9meQKDoGp0pCh\nmH1H6EKIPLRcQcH/F5rFdz5cLo/jMoaONXGnyVjm8qPcs2zGfir0exgC3mBT1apvKfa1ApR3wk+p\nzi6T+LeeNbP95O8voiJ+6A==\n$__EDBwrapped__$
F	dbms_xmldom	newdomdocument	Schema: dbms_xmldom\nName: newdomdocument\nResult data type: dbms_xmldom.domdocument\nArgument data types: \nType: func\nVolatility: volatile\nParallel: unsafe\nOwner: enterprisedb\nSecurity: invoker\nLanguage: edbspl\nSource code:\n$__EDBwrapped__$$PROTOCOL2$\nUTF8\nd5vNMUCL2E0IXP/TXTNVjBi7XIMLREufrz8lWdeF8huxSRT/ci86GAeX05d2UBsLXeTIU/6/7zXT\niaqKW1YABXVSB5UDo4N7WSx4LrpzSEaM15Td9RQ4RGji58fq2tthVJPPzrekT+p4cIfYx1nbrH+G\nvNp2nZ/6tbfLwdebdKIC3reSennj+qO8vyAOwhk/Nsz5dMaIU1nE4qA1\n$__EDBwrapped__$
F	dbms_xmldom	newdomdocument	Schema: dbms_xmldom\nName: newdomdocument\nResult data type: dbms_xmldom.domdocument\nArgument data types: xmldoc xmltype\nType: func\nVolatility: volatile\nParallel: unsafe\nOwner: enterprisedb\nSecurity: invoker\nLanguage: edbspl\nSource code:\n$__EDBwrapped__$$PROTOCOL2$\nUTF8\nd+0ndWqgp1z0bXCj87MeQZ/fVb51UA+byHLml16adO4ItwK3vwwgszJDKaDKiVakxefSPToj+Vz6\nTDrNiKzrPq1FHat9YcLZ7z59naG8rXSLHnR1Bry0QYj+Tfw3f5cZLhBLh3/P2jjyY6Ba43oqhVqM\nCoe/81U/GQ5+jSVaZXOmn/OmBBC5XAbfSIQsV9elqLXMO5eQpapkGQZyyhnfm9F8vpBfuKM=\n$__EDBwrapped__$
F	dbms_xmldom	newdomdocument	Schema: dbms_xmldom\nName: newdomdocument\nResult data type: dbms_xmldom.domdocument\nArgument data types: cl clob\nType: func\nVolatility: volatile\nParallel: unsafe\nOwner: enterprisedb\nSecurity: invoker\nLanguage: edbspl\nSource code:\n$__EDBwrapped__$$PROTOCOL2$\nUTF8\ndxPnlqezD8rr1Nu2EP/rrsrC8k6jx52lODf5jmurTVWsWMj4yHy8fEtGE0+hhdh0DffrmJqby1zo\nXy7gjdRvjcKqAMca3CWdmDd8/YaFAqd7WtimBKOZejwCbifj8KYcOh/1ztej2L5s/eQ8AUnEi6aI\nFSg34TMSPbht7Hg6DP6qFkV7GkdoTdHp42gXub/rYID/1mG0082KRq6Ylji0Igc2IA==\n$__EDBwrapped__$
P	dbms_xmldom	setversion	Schema: dbms_xmldom\nName: setversion\nResult data type: \nArgument data types: IN doc dbms_xmldom.domdocument, IN v character varying\nType: proc\nVolatility: volatile\nParallel: unsafe\nOwner: enterprisedb\nSecurity: invoker\nLanguage: edbspl\nSource code:\n$__EDBwrapped__$$PROTOCOL2$\nUTF8\nd4iGczFmAU2l0Y4iT6+djIe78O1JPUlI5Mlhv69vs9Usul2XyQFZ/vZms322wJ6s7TjED8/vbARf\niMAv5zE1jNiBQvk1EamRkDHolXf+br+k/Z9lDwozydUH+MXVD8QNA18Kl1NnjTBMQCa/6WwX/y4E\n9+gLTraQ3U8mmmXkn8tnBGdHVsovtMB7oAO4dKkt\n$__EDBwrapped__$
F	dbms_xmldom	makenode	Schema: dbms_xmldom\nName: makenode\nResult data type: dbms_xmldom.domnode\nArgument data types: doc dbms_xmldom.domdocument\nType: func\nVolatility: volatile\nParallel: unsafe\nOwner: enterprisedb\nSecurity: invoker\nLanguage: edbspl\nSource code:\n$__EDBwrapped__$$PROTOCOL2$\nUTF8\nd6tBsz24sD3HlqvdlSLERxn3OqOd0tmBFz2014gKbGh0PWldZbCwWRY+qmp3HIqjDPHjNy+uPnwC\nqDzWy1ZYMQNolB5kCDtHTdbhEjS1rme6gMDqblcCouuzEDs84/LV1IDgVfGUajmDE8Sp6x7L/rV4\nE/5XTCzvg+8XqC1DTf0KGaJWUl1V2qwUK27Cd2kQN2l7uD8qmFCIRCJL3LB1qQ==\n$__EDBwrapped__$
F	dbms_xmldom	getnodename	Schema: dbms_xmldom\nName: getnodename\nResult data type: character varying\nArgument data types: n dbms_xmldom.domnode\nType: func\nVolatility: volatile\nParallel: unsafe\nOwner: enterprisedb\nSecurity: invoker\nLanguage: edbspl\nSource code:\n$__EDBwrapped__$$PROTOCOL2$\nUTF8\nd0rHcbUOei6XTQbmGSVab1vN0IwNmkkxDJoJONQadk8Q1qwZ2jR6q4L/roAfC9Xuk3M9Ahqsa11d\nIxmFhTqwuIXdJq6yflmC/P98PRsSuVvp59/FlXJgqP8SATCvqcGMwU5bL8Tz0PLa+Qe/34IXX7Zg\nesAvFrHox5nc4XEEcaSt5i76PnoSSaCyfg==\n$__EDBwrapped__$
F	dbms_xmldom	getnodevalue	Schema: dbms_xmldom\nName: getnodevalue\nResult data type: character varying\nArgument data types: n dbms_xmldom.domnode\nType: func\nVolatility: volatile\nParallel: unsafe\nOwner: enterprisedb\nSecurity: invoker\nLanguage: edbspl\nSource code:\n$__EDBwrapped__$$PROTOCOL2$\nUTF8\nd3C0bQ3FDpYRV92rmH8lgT254C2tWymxn4LjWamcVIk/JgTGc6fqrGAhZwBa1VO5NHcFEa4jnIee\naSUmdH3W0lBSm/JYhI60HCmOgC9pnpElSTcURtc6Z5bU6nWmJFafenIzYStiC8AWw0Nak3Ej41uD\nJZs770gAkW6FgebbPBrf8mCWzrfcCrhLpsU=\n$__EDBwrapped__$
F	dbms_xmldom	getfirstchild	Schema: dbms_xmldom\nName: getfirstchild\nResult data type: dbms_xmldom.domnode\nArgument data types: n dbms_xmldom.domnode\nType: func\nVolatility: volatile\nParallel: unsafe\nOwner: enterprisedb\nSecurity: invoker\nLanguage: edbspl\nSource code:\n$__EDBwrapped__$$PROTOCOL2$\nUTF8\nd1vI4pfoyoceIW4520g8XH38+tPTy7E4FkFk61gf/n4lfSlt3/w8ymH3qZn7aKCSXhurvbpDLqBM\nudRlI4VaNe6Uql0bmSxVyx7fYDnRpFm+98l4/btb7rRu8xikTmnafLR7EBGZWYIMpzj2eBAr4W7x\nOMoIPq1Y/DAPgPGKQ5tkDKrTxspiUkvAgyd3YV1bzoL3iard19K75I28QZtpJQ6N\n$__EDBwrapped__$
F	dbms_xmldom	getchildnodes	Schema: dbms_xmldom\nName: getchildnodes\nResult data type: dbms_xmldom.domnodelist\nArgument data types: n dbms_xmldom.domnode\nType: func\nVolatility: volatile\nParallel: unsafe\nOwner: enterprisedb\nSecurity: invoker\nLanguage: edbspl\nSource code:\n$__EDBwrapped__$$PROTOCOL2$\nUTF8\nd2c6wmb2+nGjHGuCtEE5ThsUKjcWQkKtGwuqNSuBVLyQM+0Ek+IWvVeZQFSsBjDs3fvPzvYwJvQJ\nb5ikBsNqQULnEKqETmREJkhK6xHJFHRecI0JnjfQdkLz/TBLdjzzHnCW0N5cE6l6KWnCHFA0W8WF\nrL022vJV5aP/xbXk6yDr3nGJd4719nHUj9z8JYM7RLsc/XKQaAqrVbX7GkonNRErGw6q62Mr\n$__EDBwrapped__$
F	dbms_xmldom	getlength	Schema: dbms_xmldom\nName: getlength\nResult data type: integer\nArgument data types: nl dbms_xmldom.domnodelist\nType: func\nVolatility: volatile\nParallel: unsafe\nOwner: enterprisedb\nSecurity: invoker\nLanguage: edbspl\nSource code:\n$__EDBwrapped__$$PROTOCOL2$\nUTF8\ndwMJOmEda4iTTH5j4oyMazqB7oojrEUgmtcHbdDp1bgPaGsf7hQjwqJ1/YRFi0MpFURtVKn4E+7m\nbkjDMKTO9exFXPL8Ek9Lf9+SIdGx6HfmEJP9MO9l09VeHHCR7jqN2UGHjdCPp8ihjlvcIzEhJYI1\noJsF+Cliz43tEolBXnVHUTgaQURs9v6L\n$__EDBwrapped__$
F	dbms_xmldom	item	Schema: dbms_xmldom\nName: item\nResult data type: dbms_xmldom.domnode\nArgument data types: nl dbms_xmldom.domnodelist, idx integer\nType: func\nVolatility: volatile\nParallel: unsafe\nOwner: enterprisedb\nSecurity: invoker\nLanguage: edbspl\nSource code:\n$__EDBwrapped__$$PROTOCOL2$\nUTF8\nd5IZNy4H6U9tM86Vv905fEpREe7iMjTHKdlbtVR6wbzTueoDRMfl4tAwdWQr/Gh2dkTO5mA9WNJp\nbUoLLNthd2FUqHIpWhhZNBV/Wg/nfKvz0dbqDyumB/uNyhJ3CFjZhk56cRbchlFmTaKs+H6aN5//\nNdR7RSjdSOiv/qY7AKEZ787uDt86TDPt/Iit6OSSP+z+x8qiIFULn6hutIdC\n$__EDBwrapped__$
F	dbms_xmldom	appendchild	Schema: dbms_xmldom\nName: appendchild\nResult data type: dbms_xmldom.domnode\nArgument data types: n dbms_xmldom.domnode, newchild dbms_xmldom.domnode\nType: func\nVolatility: volatile\nParallel: unsafe\nOwner: enterprisedb\nSecurity: invoker\nLanguage: edbspl\nSource code:\n$__EDBwrapped__$$PROTOCOL2$\nUTF8\nd+6p94yZbFAg2YlGmQ+j/xzQcPJGnTvmr4rl+5EWWoW/fubjByDALrA3VnAdFUnJQZmF8Q7Z9z8L\nxmQPttfyOwR+qCKb5XnzVvPS3w9mD36VNNW6Ns80HOk3u+nzPKRATgbbZ2nnB9lycjFIcS4oe5L9\nIfLIgL6tTqcjGzRKLMJgJBDymSIVQsYsSrOkuqxshkN4C08dRGBw+vhrQZFmnCp8KDsnR9pnEw==\n$__EDBwrapped__$
F	dbms_xmldom	createelement	Schema: dbms_xmldom\nName: createelement\nResult data type: dbms_xmldom.domelement\nArgument data types: doc dbms_xmldom.domdocument, tagname character varying\nType: func\nVolatility: volatile\nParallel: unsafe\nOwner: enterprisedb\nSecurity: invoker\nLanguage: edbspl\nSource code:\n$__EDBwrapped__$$PROTOCOL2$\nUTF8\nd7S7TduubTQM2Si8CwQLowIILiT40fnVrC3B+XU78q/kXDPGJsSvQt8muX2M6Iazuh9tQ+bHqgDN\nnDgQxgD+VSA5bwtvgydVWx3Y5nxiT6NzWghRQn5NngY/Unvz1btAd0MLlx1YyDZJIAsB30haKF5j\ntwRpn97TqiUsCQUP6k54Qz8IkbVNH73qRSzx/Dr2UooQw8c5gTuSM3KcexNFUj3G0yYrBZAjbDUG\nDoE=\n$__EDBwrapped__$
F	dbms_xmldom	createtextnode	Schema: dbms_xmldom\nName: createtextnode\nResult data type: dbms_xmldom.domtext\nArgument data types: doc dbms_xmldom.domdocument, data character varying\nType: func\nVolatility: volatile\nParallel: unsafe\nOwner: enterprisedb\nSecurity: invoker\nLanguage: edbspl\nSource code:\n$__EDBwrapped__$$PROTOCOL2$\nUTF8\nd0eC/mix30PD1mBCgaKsDWHIiVhDaTTOgFE8ZChzt4EeXWCnk8QS6yvoTxJhrNx90K4DXO0kKlq5\nfMKXI2niWNuMTbHiOPDeqG16KI3oTW/N/OLmcEoaZkb59XNNZOfDt8U7nXKzABld43mIepWAC7K3\nT9Hr7l3JU4DIkHySyVQfyU0xav5Ucw58WmyOHLaxA/Ea0rBu1Yze+Q3hE9WVQN5d8MXyznOXQ88=\n$__EDBwrapped__$
P	dbms_xmldom	setattribute	Schema: dbms_xmldom\nName: setattribute\nResult data type: \nArgument data types: IN elem dbms_xmldom.domelement, IN name character varying, IN newvalue character varying\nType: proc\nVolatility: volatile\nParallel: unsafe\nOwner: enterprisedb\nSecurity: invoker\nLanguage: edbspl\nSource code:\n$__EDBwrapped__$$PROTOCOL2$\nUTF8\nd29xo45l80ZLhXa++JuB7vy1mXl58+XRhZdVdzEZx55Yn3Akud6m0PQzLJ3W/nj8NbSNjaXsxIAF\n0gvjskucqL/ghAsfw40CMj+Y2ve6P3PAQBC3EZ97Odj/LE0Ls1i7M9r0kn4qwkHObxDQLB+ahIqw\nlsZXSVdwsur18WAoiPE083BZ+6Ly5GHKOLpfSdHb5LqH47OBqAEiDmU3GGc=\n$__EDBwrapped__$
F	dbms_xmldom	getattribute	Schema: dbms_xmldom\nName: getattribute\nResult data type: character varying\nArgument data types: elem dbms_xmldom.domelement, name character varying, ns character varying\nType: func\nVolatility: volatile\nParallel: unsafe\nOwner: enterprisedb\nSecurity: invoker\nLanguage: edbspl\nSource code:\n$__EDBwrapped__$$PROTOCOL2$\nUTF8\nd4KvIdDEaYA7r/s08UHCJhOzn2lfEv2oL/mvBtBkhzPKlv3ndqAap5zKGytMu2AGuy8IOnZgke/a\nStUvfUfKPuXVeQ1Eewvl7GjoJ3bIoKkK+IepDtz1h5y7Xjww9YZ0n5LCTgMOquM97fptCPEJTJzX\nrC/T+ju1oiCB4RX3LP1ZItUkV37Jv6CrKpDY9k7R8k+Iro6skA==\n$__EDBwrapped__$
F	dbms_xmldom	getattribute	Schema: dbms_xmldom\nName: getattribute\nResult data type: character varying\nArgument data types: elem dbms_xmldom.domelement, name character varying\nType: func\nVolatility: volatile\nParallel: unsafe\nOwner: enterprisedb\nSecurity: invoker\nLanguage: edbspl\nSource code:\n$__EDBwrapped__$$PROTOCOL2$\nUTF8\ndwDDsQHi5C+nHdxqig2noCzCS6W71YcmPmtd+ajaxYr5tcQcuYvj6NtVQ7AbQleKO+zsc9euKbOu\nU+SqcvFrUrUwSEVONbm7vSBjUCwplxFV5PjF4ecmlS1MsPsvpkPJH7iBlcSFS1dfOgW+8a1UlXiH\nQzAG2GYf2I2FC4bv6cLfoxPKMP5KBkqaOtcxmlVH2pES06Q=\n$__EDBwrapped__$
F	dbms_xmldom	makenode	Schema: dbms_xmldom\nName: makenode\nResult data type: dbms_xmldom.domnode\nArgument data types: elem dbms_xmldom.domelement\nType: func\nVolatility: volatile\nParallel: unsafe\nOwner: enterprisedb\nSecurity: invoker\nLanguage: edbspl\nSource code:\n$__EDBwrapped__$$PROTOCOL2$\nUTF8\nd5O1kLn2kcy2K9ptghNzE10TSeHyINqH9zKCm60mYJxHljv4iWA470pYY38kvU+MxUMtjIoQJBmA\n/SwFuCkVfqzfdOIyDreIPRmOPGXoh+V/mzbcZuKBSewdH0wJQSPcPSVDvk+ixOOJpRQ/jdocJnrh\nDRzVobrmrmjLlGFZgn9CIYrCn4UJVkOlpmuOy69UAQUnffE09HWPOnLM9QmIlmvgJgM=\n$__EDBwrapped__$
F	dbms_xmldom	makenode	Schema: dbms_xmldom\nName: makenode\nResult data type: dbms_xmldom.domnode\nArgument data types: t dbms_xmldom.domtext\nType: func\nVolatility: volatile\nParallel: unsafe\nOwner: enterprisedb\nSecurity: invoker\nLanguage: edbspl\nSource code:\n$__EDBwrapped__$$PROTOCOL2$\nUTF8\ndxS+h/Bbke9idxSEXern+KGa9QboPXPz4V0SUu+ewu03hjwMaTNcY/nka7xaabQMEyS2kPhnP3QJ\nXXYD+5N7oM1/ncXlIkI1KBIX/hhWT6X0hlTCWfUn/Y6Axyln/ndPEKygQ9qHU37mbDas4jdGBNOP\nAynJiMwwM+600oyPGPDIdJKjwoVmPyCDrS9EDt0E0cYYIo/BRN1nIEgOYWJd\n$__EDBwrapped__$
F	dbms_xmldom	getxmltype	Schema: dbms_xmldom\nName: getxmltype\nResult data type: xmltype\nArgument data types: doc dbms_xmldom.domdocument\nType: func\nVolatility: volatile\nParallel: unsafe\nOwner: enterprisedb\nSecurity: invoker\nLanguage: edbspl\nSource code:\n$__EDBwrapped__$$PROTOCOL2$\nUTF8\nd4XKbDbagkAUpF+HS+z8B293uxc9fPFFRpIpvg7ldbtzDPGOzrF7DIYpspgFd4LEFzf319vaQ7Cy\noUW1Bw2OUAKKQhvKcvKtVTYjcsBX2Wc3Ges0+KlFY5QmS8O8W0ZNbOZEbqAek8WHzYkNcfQqmyPN\n8yz61GSsct5s7kE/13RSYmcte/8hfx8quuy2TDJQQHfJ+ZUYYw==\n$__EDBwrapped__$
P	dbms_xmldom	freedocument	Schema: dbms_xmldom\nName: freedocument\nResult data type: \nArgument data types: IN doc dbms_xmldom.domdocument\nType: proc\nVolatility: volatile\nParallel: unsafe\nOwner: enterprisedb\nSecurity: invoker\nLanguage: edbspl\nSource code:\n$__EDBwrapped__$$PROTOCOL2$\nUTF8\nd1cHfAia/EQNJwtDSvGQ0JuYrDeI+beSsDjdM/3ibHjFKVD2hX3ITvbltEGpnI7i35bMmfVcobN9\najcDvCrPFXFiphII9DO9URJ3ULx5A+PelJ93JQV+CivbZW1pPuS7ixCG7aP8fYdFFfg96eurHJni\nC6GH+X1mB/mqiziJ0HVeRkqdcIJ5OmHqSFJ1GvY=\n$__EDBwrapped__$
F	dbms_xmldom	makeelement	Schema: dbms_xmldom\nName: makeelement\nResult data type: dbms_xmldom.domelement\nArgument data types: n dbms_xmldom.domnode\nType: func\nVolatility: volatile\nParallel: unsafe\nOwner: enterprisedb\nSecurity: invoker\nLanguage: edbspl\nSource code:\n$__EDBwrapped__$$PROTOCOL2$\nUTF8\nd7nfEKzS01ZO2At777TT9bXSakxd6QJJF/2pg5IT0v/Y0hC/MDB6ZgFZqEwWlDiJ8Lp+l1eU4FqD\nthKOD8ibQQ1udBOVVnWNypnEjhamMaEOgE0owKxsrdtsZ7PHSlOp6DvXhog0LZsO9L6g/RtWSoCW\nIbntmpP+p/nVF9RlF/x0UcmJcq+IltZlcg2X58mP76OUvAG8Hn7D2TOmjjXC\n$__EDBwrapped__$
P	dbms_privilege_capture	create_capture	Schema: dbms_privilege_capture\nName: create_capture\nResult data type: \nArgument data types: IN name character varying, IN description character varying DEFAULT NULL::character varying, IN type numeric DEFAULT sys.dbms_privilege_capture.g_database, IN roles role_name_list DEFAULT varray_constructor('role_name_list'::regtype, 132, ARRAY[]::character varying[]), IN condition character varying DEFAULT NULL::character varying\nType: proc\nVolatility: volatile\nParallel: unsafe\nOwner: enterprisedb\nSecurity: invoker\nLanguage: edbspl\nSource code:\n$__EDBwrapped__$$PROTOCOL2$\nUTF8\nd3az1fenSN54RQaVJOThh8FE0MsLmjhN8wxd/POGhlfZ1a79XsuZyFMvvXmFQ91EjcqM6zGCs23K\nlO/KrRIlTg455NoWl8gvnYkeTjRQg4Gim9qpFXUf6+ojYybYN9YGCYwrQO1h3t/sKbjmsYddYvDz\nw72tA7995xHc5HO6Ka4ctYkZCAiB9gV3AgGbTRn06eHggGnKWtOMaaKyOBbZLrjMc/y17XemcN6u\nlxN4YD9xCRFDYJOwSS54g29GH6m+VzhwH11OezcotJaKXLwinNm9dRWVv3aGSNn+bmd/+tNTFwSb\n8B2kEvKLUkcPN5XUpspDEm0g3A2gh/cCO4Ca7YOS5o2cmwh+yYgVNHw7Q/kWAkb71vmywayR3dHq\n/foPwe8lA+mZA1TWQt2itGDwOKMyaJFVjTihHwf6/xF2uD6P0OgS/mNy8i5UZ0Mrw9tUtDhU+rhs\n8/SRzGjHUElvIVbtcsd1eoRVSGlP3RIRqemV9ufXItV9NS+nePJIazomXTnmWQkae0v0fkzY6WaU\n8l1/7/ye1L9XBxn7fIy/v/vhtCFpELAm4tY8g4N8RkbfVyV1BQQz4UxqNdlC2+AqEUKrW4L7mY2b\nu1AZ06wlypXjoQJpS/B6BKZHlphYwTabDmAvEirUgVQvCNA28PEAP65xbZCWCJ0fKaBOLyPNH9/w\nGHOeZsPLe4RzannK9nDc2TfWHiI9FZKeG4F/yo5OIDHTo5ETwxOgjMiP7V+QWkW/1cZWwj/1VOZs\nqHC/m0F5YdZBaUG1+xjDZDwfrj0IFiWHeTVXoV2mr4mHd7Q6ThJNYGyh4iKo1a4DhS7Da6X8UWU6\nlXMdK7dDuxtYaFM5p9ElpA==\n$__EDBwrapped__$
P	dbms_privilege_capture	drop_capture	Schema: dbms_privilege_capture\nName: drop_capture\nResult data type: \nArgument data types: IN name character varying\nType: proc\nVolatility: volatile\nParallel: unsafe\nOwner: enterprisedb\nSecurity: invoker\nLanguage: edbspl\nSource code:\n$__EDBwrapped__$$PROTOCOL2$\nUTF8\nd9V1M6USlAzZ5YwM/NV5y7XHyxlRl2luxxjnC5o1EN4IPWTM2YxCULBYDGpJ67KfSZ1ZOsIkekOy\nnWQ87aarM1utqZJvL5EaYRf4YsWqkCXdN5aKBhVxTMNnhfPCr8muWrFMXe8rmmiDg9bNtocn/YxL\nz7AJ/ns+mzVRs4GE7gb86U8G8wHmpsZR8GgkLxCNUhI3Tu3EKbH1WXObanyQqzkmUpt94r3SSk+6\nR44oMeugRXQJ5M+Uy6+0BjgZAG0ct6+AqIT9D67AgquvLdv2lXZjNdLRL/ebz3iNT/vDNmMIGEX8\n$__EDBwrapped__$
P	dbms_privilege_capture	enable_capture	Schema: dbms_privilege_capture\nName: enable_capture\nResult data type: \nArgument data types: IN name character varying, IN run_name character varying DEFAULT NULL::character varying\nType: proc\nVolatility: volatile\nParallel: unsafe\nOwner: enterprisedb\nSecurity: invoker\nLanguage: edbspl\nSource code:\n$__EDBwrapped__$$PROTOCOL2$\nUTF8\nd4X229cPjaw65HAvvQg/SNkJJA+jEkln9UsVqp/K5Yy4kSjE0SkKCdONX5uhYDgpbbk8LOmEpEKV\nPkHDQzGi1HX24vvzSLa10R+/T0LYgzd+Xmvu6CtKv9GY7q26VXCN8jBbLnvlS1Fb44EfmFIyleac\nl0i/4GgH03CZMC4Abc9n2c1VP3ZDS4Ub195wi+9jeSobu/ZMS0936DFY/yFHcqOje4BBRThl1D9M\ndU3aJGeNqm2SNs8kzovhLU9FF7WEvZLauKiD0wZ4dw8riIX8/9FuBmzM9D5wHAq/cUXvKJdD4JE9\npQ3PXD7F4hmh1w4ErTVCORyzrKyDqwprWl6vab1yaDBn/JVEJxzGmqg4f7ndw0FPOtejqrKmh9Wg\nkESoosMQSiFyS35X\n$__EDBwrapped__$
P	dbms_privilege_capture	disable_capture	Schema: dbms_privilege_capture\nName: disable_capture\nResult data type: \nArgument data types: IN name character varying, IN run_name character varying DEFAULT NULL::character varying\nType: proc\nVolatility: volatile\nParallel: unsafe\nOwner: enterprisedb\nSecurity: invoker\nLanguage: edbspl\nSource code:\n$__EDBwrapped__$$PROTOCOL2$\nUTF8\nd3Bu1YlDlR9CiywOasGW3vQQyzGd2ZKsOf/qd6w3n9VChkz2OpG2pnlpSpuJ2kFfUOLjstJUvvrt\nWKWqeehBMEM69b9eVTRKZLLCOz7otd3AEBIce4CxyIt5blWx2VqnqIyun97s7sp4e55GIQZo3RcQ\nbYeq4FBkSucfrcVvH+oGpOUtBhOVOughbTVDKTvmnFfm8tNOkcMPKRLWM4BsSLcoQSiXRyV523xf\n8ybPOMBH0LItvjrSkamYbNPrH+yjihNlzGfec7Aoqs/QerDxAInuDGnlDmjy47cxcAl2d+6QBN0E\nFNNyhWRH7wVlb+6XJHlykE5HnhVAyARkMtbjavN+I89GxaqMlUdqclEktJcMCzgMYOR1bMHLb7i6\nsj7P56mNFp8=\n$__EDBwrapped__$
P	dbms_privilege_capture	generate_result	Schema: dbms_privilege_capture\nName: generate_result\nResult data type: \nArgument data types: IN name character varying, IN run_name character varying DEFAULT NULL::character varying, IN dependency boolean DEFAULT NULL::boolean\nType: proc\nVolatility: volatile\nParallel: unsafe\nOwner: enterprisedb\nSecurity: invoker\nLanguage: edbspl\nSource code:\n$__EDBwrapped__$$PROTOCOL2$\nUTF8\nd/ivzzdk+uyFZQ7k9jjeeFAZ+Z0ME2OAWLa8v21sfrpmHPS3BJIsCNKeojIpDwwEEOa7FFqEbfDJ\n6mRw0Z3i0O/GYYi+Wqh68iJ8jfw80qHjdizZcm7VRuSJZyZl4xaSDyVfozgCyGZinbMji3Vb9PHx\nGUoY/vhFfj5Nf4EEp0QblamUSKJ6OejUx6IIdAxaRpHHlpMcaXdyWw8sOvyptDzYerGe6S+ZZ2O2\nyVMlcqWJxVkMrAPe3Vtts3/KXEHBDi++qbzVxh7iBIacsPOoW7XVsY8EVxmGlYxJlVFtgwM5hBSr\nxZIA2JO3UmVd9cR/iLL+v9+iOF6fsEK65YnXZYxMjgQzH2mC1SnfCdRIn501Z+73MLxP3xFGY8Rm\njtnTvjuGC3HWMiTUpXm6UFL8/CQijms4yKnZ6o69LON6QPM5YHV5/Kcge/ejzjtF372lZEGb29aQ\nsrQ93hcK9nolC9Mkp43ECjvIbCWRltuJahRaIjosDEno/XERm5kYMht9oqzd1hVwkM5vXLC4Ct5e\nfYghf9TZW3zZOyIuLK4jiev+CkMo2Pf7UrTcVJsCrRuAEznmB3wq1l4bVuO9hV1pCNn3Zs2mllyv\noXGwMCHc3LKA8e1hGEhkJumc7onucxC51kP5dtH8HDzc4jOzuNTV/YgWrrjcKV5juxQuH54yK4J0\nZAZXMxxRBn5K6BNa2veQ+8hxdE6uz239JA8Kt9k7h2XdG7QwfLkWZX+Fvd3IOLQleBAtka5pRmzG\n+HE=\n$__EDBwrapped__$
P	dbms_privilege_capture	delete_run	Schema: dbms_privilege_capture\nName: delete_run\nResult data type: \nArgument data types: IN name character varying, IN run_name character varying\nType: proc\nVolatility: volatile\nParallel: unsafe\nOwner: enterprisedb\nSecurity: invoker\nLanguage: edbspl\nSource code:\n$__EDBwrapped__$$PROTOCOL2$\nUTF8\nd6vyXjAXIm3u5SIvX6pQhaZR5EiDi5FkbMFXk0n3HxfEM415NMPYmU2BKq/4w0i/zOqfHT2Y5QR/\n5UuTYLoOEzBgcSQHZyKvbdZY6Gg7oKFsz9n8Bj+iFMkkqg00pb+TMAIv9c0WQ26n0j5gwhXmxzPG\nSlyQp5YXOjdjYnp/khFlUpBLlagCSjA3gO8yE8G84YGfUZT7g0bqZIwWTRaP7G98NJxF561PG8mz\nauE7zY8Z5o5bf5T6ap6x6tZNTlCd35L02EkLkCdkDAJGG/94p9fSICO9GsXvKNVqivpF1czsUob8\n5Y9VraDf8aKuJMjf/0stF2Drt7JyBe7NBpLp8l+nlBlcgpYZjEQCyDPieL86Emht/f0WLwxgmzUd\nC1x+bCkfoGOmmWHbsaro/6hJGxijNN8yeDyL3CIxiiy3F3GvluJeHnk+tQ/Mm4thXbKtBwZIUwrZ\nIYDqTwylUJkI1LP8/mZpil6KtxOCmy/edYS/p6Vnq5TLBfcc82VadLf3gcTRXsMJ2GPxVkZ7Nh0s\ndAs0p8t3SP9pnkD7uQD/r96/F3njpbKDfUg+S8OVSJ/pNgGdFBzUrdIKeiabBW3ylOGtFWR7eVx6\nRFLv14FNIm3Y5ed8RSmc+1LP0RwDqGVMB6DLxkT7xJ4ijjsH318gaGniRfl389VsgpwBLrqoAsTD\nEXN8Aan4N3GtsLfKNAv8Yvtm3i+hZgyhexX7G6PVUTBeEg6TOvw8ctV/xLDIsm1aTa8OAtkD2cr1\n6i+tnCY437mUZaDmNcFw3Q9P+8CHGcUFgy0qM7fvse28IDvfXNx8ae/Knt+6SsQ2uuP3dnReQFKo\nkTuuPrU=\n$__EDBwrapped__$
P	dbms_privilege_capture	_validate_input_parameter	Schema: dbms_privilege_capture\nName: _validate_input_parameter\nResult data type: \nArgument data types: IN name character varying, IN value character varying\nType: proc\nVolatility: volatile\nParallel: unsafe\nOwner: enterprisedb\nSecurity: invoker\nLanguage: edbspl\nSource code:\n$__EDBwrapped__$$PROTOCOL2$\nUTF8\nd4AYTAJ5LNdy/eNjtLLV7wSTuMIAeJa5lEoPIjRG71mhHFIefearEb+Cx6UCsn/TjEWC5C1aSRi8\nksznFAl5xhOiWWfgYpLGZMVdZOqlkXH6bhICd+b6TWhvqB7UgP4xjv9b6Pg0N2Ln6nKlJ0ms0F+6\nNAAu0zvOWnPp1b/29orDQvgJF2YB03IDttaFCGNMPD99puHU0eh7h8i501lDnSlnYq1d4E7Egtzp\nle68yMrYQFk+bvVeASS6hCzPmlAZHsDhFnfecbdsUf3vTm0SPbqCb68=\n$__EDBwrapped__$
F	dbms_privilege_capture	_varray_to_string_list	Schema: dbms_privilege_capture\nName: _varray_to_string_list\nResult data type: text\nArgument data types: roles role_name_list\nType: func\nVolatility: volatile\nParallel: unsafe\nOwner: enterprisedb\nSecurity: invoker\nLanguage: edbspl\nSource code:\n$__EDBwrapped__$$PROTOCOL2$\nUTF8\nd3N01rMLGMQdYLOLZDbH1X5Zk9Qn2K0TAulNU70wnKuvBmwSAZ9JXOwWrrMeBZqfDhIgpLMioxK/\nqpnCDInwtcm4NEMCTwreiyW+Wdgm/pbxfH+D2ND3j4awtcO35zyM1iW0GKhyFM7Yb1nqr61zPI13\nRFHN5T4azjiAZCrHcCtq/lz6/hHM9c8GsjLLT4EXjcC1gzaIPYrxLg9FjqajBgDoMOrRenNq1Tss\nnQfkG+zDl2IvL4cxPP8WFLSF8NhRnbpCOIptVX5SjK+H7o1aXUDWZJeekMVgxhyRMv7xPhfqa3Nk\n3kyRBuzDq1HRiXZ/ZrFpqwfMbvtKqZnfrhoIWBWv4nH9DomiAjf+NbmOTHCrpAPmZQsOQHd90CiU\nEvEiNmoMoXCiGV4Y1wpB8yvSz/gIIsMCOKrjIAOlZrZE3KppsVKpF5R1n+q8C8VvzzloAQp2DhjL\ntr5oKlK3mA==\n$__EDBwrapped__$
F	utl_encode	get_losize	Schema: utl_encode\nName: get_losize\nResult data type: integer\nArgument data types: loid oid\nType: func\nVolatility: volatile\nParallel: unsafe\nOwner: enterprisedb\nSecurity: invoker\nLanguage: edbspl\nSource code:\n$__EDBwrapped__$$PROTOCOL2$\nUTF8\ndxUZ9KTyaouIuM2AGls8hnURwSbes1eAAjxBOogMrtDLuYLZPYL3/ydGpXyVzOBsvrzH5MBJjzD5\n4a0d7YZepR4K+RQM2IA4f51eL5rIn1alGZtKNdx9OlEu2WM85FA6oTZHhTdKfIbgok+bxR7c3RoB\ngyZmBLe13Rt66SubCvUo4n1/C3Npsi4D7hCwHDMTCl3d99V38+N9MVeInGulWxXSEEvjWXPCjLmb\nmPB4CIw7pTY6ZVj6XxQzFK3EjEwgsUathnzyWrAEbLqt7pdl2DXGuS1k4pYctyXaieaIKlJgHH4W\n7+tMnM7zXgDkj5+vzIQeyyADrCoIQ6DBKtoAhjN3xHPtHSgN3I6gbaHhg5LMywqKXt3eLJTYeokl\n48g6ndDYaN66BpchvbKq\n$__EDBwrapped__$
F	utl_encode	base64_encode	Schema: utl_encode\nName: base64_encode\nResult data type: bytea\nArgument data types: r bytea\nType: func\nVolatility: volatile\nParallel: unsafe\nOwner: enterprisedb\nSecurity: invoker\nLanguage: edbspl\nSource code:\n$__EDBwrapped__$$PROTOCOL2$\nUTF8\ndxR9zYSKdJ+Jx3vDTgt6qicvOm4xH3jD1q5QQekPgCHSkcnUoJyMz/v9iQ6obaaBzhnJMy97grHF\naS3VBtbSO+kJAXLKBXgscmWWxMScZ3fnAi4J5AGZoEEmOvp4gnlOiQDtuLnv6GL4KhX9ZvSEtHVb\nox5nxaNKoYHAzDhxm/I+UNLg\n$__EDBwrapped__$
F	utl_encode	base64_decode	Schema: utl_encode\nName: base64_decode\nResult data type: bytea\nArgument data types: r bytea\nType: func\nVolatility: volatile\nParallel: unsafe\nOwner: enterprisedb\nSecurity: invoker\nLanguage: edbspl\nSource code:\n$__EDBwrapped__$$PROTOCOL2$\nUTF8\nd244EC5OLoonVI5j+QBvhpHgHDudFTlF5vkjjYbQXGpxM4FCOZdbaMdukYyc7FZiCEuZefQVdVeV\n2HC29sDM10KKV0vQVd51swYyNA8HtpUVoEBOYbyc2mlsli7zyhQ5w5MQEdOTCnx+yEsV/zYMlovD\nYvtUrObHknqbKdp3vOM9Fv4ZBFSr\n$__EDBwrapped__$
F	utl_encode	base64_encode	Schema: utl_encode\nName: base64_encode\nResult data type: text\nArgument data types: loid oid\nType: func\nVolatility: volatile\nParallel: unsafe\nOwner: enterprisedb\nSecurity: invoker\nLanguage: edbspl\nSource code:\n$__EDBwrapped__$$PROTOCOL2$\nUTF8\nd+QwfDjuYrNP+Gk5VTfasEmO6leuFPyP53/9Lp+K+HwaYrFfyHBX6fMcYeQ64SXudlGkrLLLXG39\nADwR5uzdY2f1Dzx2Yjn9nPc4ziq2H+rpEEptMaCHuvDzowxz0te4wdTm3aFFkhXmbIKZboMxaVXb\neW5Hve0PKC1592TYfJpiBYaicVn9G9Xj6Q2LZ0Al4Fea7LHjok2Rpx/Mij3BmtJSDnu/nEHpMRWm\nfjFppf7y9niWBuwayWlqZE4qktxYOFQNv/G7DMDtUI77+8b1NcYFuB0rtA3jFqc7lkhvoK5OZg4T\nY6QAgcYjDK/Are5/1yANuOZE\n$__EDBwrapped__$
F	utl_encode	uuencode	Schema: utl_encode\nName: uuencode\nResult data type: bytea\nArgument data types: r bytea, type integer DEFAULT 1, filename character varying DEFAULT NULL::character varying, permission character varying DEFAULT NULL::character varying\nType: func\nVolatility: volatile\nParallel: unsafe\nOwner: enterprisedb\nSecurity: invoker\nLanguage: edbspl\nSource code:\n$__EDBwrapped__$$PROTOCOL2$\nUTF8\ndz6pJbiDzudZ/WJHafvCduray2uW/cI/PVW4GRIi63fq8us71TbYx5nQLajdpE+AoV6rGkbG2F0E\nRb/G4VF6qcB/7i9hcSoGcZdgD6tC6XdyK08mAK0RcL86PAm5i3+ze3cB+BlwZ4vOtd1uR/H3FiqN\nEjY4tw24f7ZmoUYDX5KcAAhopp5pxFccz7serFMZsJ5tYdy2Tlky\n$__EDBwrapped__$
F	utl_encode	uudecode	Schema: utl_encode\nName: uudecode\nResult data type: bytea\nArgument data types: r bytea\nType: func\nVolatility: volatile\nParallel: unsafe\nOwner: enterprisedb\nSecurity: invoker\nLanguage: edbspl\nSource code:\n$__EDBwrapped__$$PROTOCOL2$\nUTF8\nd4MBv2OkTvDRkPFn7SXHZrXxCYVf1g8vPYtNNCNcn9O49QGrBiWfbdDIk77M5nuJAAmaVIOLnpu9\nUCI/IU/p354/h3SIotYTckKvABSgehqUAf3P5z4quUcqK4BtERXJ9FhlRiyy1vbbOzgbRjVZrBQZ\ncTh/cQcU4OBiQPTOFJs=\n$__EDBwrapped__$
F	utl_encode	quoted_printable_encode	Schema: utl_encode\nName: quoted_printable_encode\nResult data type: bytea\nArgument data types: r bytea\nType: func\nVolatility: volatile\nParallel: unsafe\nOwner: enterprisedb\nSecurity: invoker\nLanguage: edbspl\nSource code:\n$__EDBwrapped__$$PROTOCOL2$\nUTF8\nd0ZeHtYxQqYon2eXI5kXzretpjd4gpT+9BjOmEwRtA+ZIUIorSI6RicVJC9Tmw3c/ZBXFHfMeDar\nlu+IwmJm9QNQL4mKHDrITO05mrptau4Wa+Zcksj2rXRll3q+NEN1uyqsM36rBVK8tTOSQVpbjztd\nHXNowH+fiZJMj0SqrNAx/l7nrWQng/ApfD6x\n$__EDBwrapped__$
F	utl_encode	quoted_printable_decode	Schema: utl_encode\nName: quoted_printable_decode\nResult data type: bytea\nArgument data types: r bytea\nType: func\nVolatility: volatile\nParallel: unsafe\nOwner: enterprisedb\nSecurity: invoker\nLanguage: edbspl\nSource code:\n$__EDBwrapped__$$PROTOCOL2$\nUTF8\nd9tGRVX7bc3OZlgXlajZTqmXdeFrnmwN1IfWNDYOXITVeCzlmtT9zVNvT2v3B0DoZsyiw1/4iEzV\nVsANH7RculPJvOu6YmAGSxbc9yARo/JhMlA+UfsXFK8CXGCLV0bQ/IBE2gltQpyQUMSzulmpHVXP\nLFvI7Vs8cqKFjeY5jQtVy6F2qFwmYPXP62QQp4/2\n$__EDBwrapped__$
F	utl_encode	text_encode	Schema: utl_encode\nName: text_encode\nResult data type: character varying\nArgument data types: buf character varying, encode_charset character varying DEFAULT NULL::character varying, encoding integer DEFAULT NULL::integer\nType: func\nVolatility: volatile\nParallel: unsafe\nOwner: enterprisedb\nSecurity: invoker\nLanguage: edbspl\nSource code:\n$__EDBwrapped__$$PROTOCOL2$\nUTF8\nd9JgAnm5GfNHfSp3mN1sBdp8ZVlteubOesfaspqLQuq6ErGuXoyz0n+qu2TA8/o6V6w/3iD2WYpe\n6bPRiY1CHX2Y1EoA3mQs8237NqUU88/nRgXWXdikAbjIxCBnDqr3py0bb56KmQIwz1ZqxJ+Km/XP\n0gW7k61XqYkFvU5OLWm6+/JB+9xzVBHPvTiA5JONLf3lrWc=\n$__EDBwrapped__$
F	utl_encode	text_decode	Schema: utl_encode\nName: text_decode\nResult data type: character varying\nArgument data types: buf character varying, encode_charset character varying DEFAULT NULL::character varying, encoding integer DEFAULT NULL::integer\nType: func\nVolatility: volatile\nParallel: unsafe\nOwner: enterprisedb\nSecurity: invoker\nLanguage: edbspl\nSource code:\n$__EDBwrapped__$$PROTOCOL2$\nUTF8\nd9K1iIRjncRapy/UqqZWi3MKVRUATdNTyYgbcanpSq4Xy+1F+FIrCMnVqr7Lx1O57RtqJ8+A6Pbl\n5lDoVzyKgSQFn5n/d5Qhsmc52O9gEZlR8+D+eJTKAUdciCuMw3FHY0aw/CkPPA01aVmFaTToqWNo\npmFWvpvA1WdQVGeSH5dRD2PKlrCTUK76g1MXaRUOsO2ZGI2gimQ=\n$__EDBwrapped__$
F	utl_encode	mimeheader_encode	Schema: utl_encode\nName: mimeheader_encode\nResult data type: character varying\nArgument data types: buf character varying, encode_charset character varying DEFAULT NULL::character varying, encoding integer DEFAULT NULL::integer\nType: func\nVolatility: volatile\nParallel: unsafe\nOwner: enterprisedb\nSecurity: invoker\nLanguage: edbspl\nSource code:\n$__EDBwrapped__$$PROTOCOL2$\nUTF8\nd/+a4DrpAPGIWoxPPt90oiZfpraLe7o0H947A+9xX0kC3UquB5PJcgyZveLjjSlfyAGmTmampPHJ\nO4xSRJPhU4EgkHaD2vk+BVO5EL/kNBEQcn/ReAQHpZrFGyc3WwAt8EYkiv0fyvspXscrBQhfT23P\n9/en3XMIigFUZo3k8MBh0oYk8CmDMLMRoD36uIuf2rZPwb/+M0UbuT4=\n$__EDBwrapped__$
F	utl_encode	mimeheader_decode	Schema: utl_encode\nName: mimeheader_decode\nResult data type: character varying\nArgument data types: buf character varying\nType: func\nVolatility: volatile\nParallel: unsafe\nOwner: enterprisedb\nSecurity: invoker\nLanguage: edbspl\nSource code:\n$__EDBwrapped__$$PROTOCOL2$\nUTF8\ndx+4SvbOJksDYUl1dCG11JXL7elqAEVyBDBRoxczUyW2i2Qx46jyjXLvngfUTUxTG6sTw1BXrBkg\nqmC5MYFZ+b5fXmlFbwhq3z/asE4AUc1xO1pg5p+OZDnQtIAKfraFUJyLfsy8PRrIsndUOY82BUXa\n/Yi8tDIv7Rn3WWyRu7joRxNfi57SA2iefzw=\n$__EDBwrapped__$
F	utl_http	request	Schema: utl_http\nName: request\nResult data type: character varying\nArgument data types: url character varying\nType: func\nVolatility: volatile\nParallel: unsafe\nOwner: enterprisedb\nSecurity: invoker\nLanguage: edbspl\nSource code:\n$__EDBwrapped__$$PROTOCOL2$\nUTF8\nd1s/kxbhEg7ja3TiGKuwQvbAxq1Nq/InhJPcHRZiOAboWut+5o5EyVRhF1+wFZXmKonqxUnJJ/yr\nHW8jEDgjgro3aCEhBTCtcFHrwFUgaW5QldXkfCVpHmcP7C5HIai0ntNe1fr2m/U8VXXKYVVkfylV\n74oMwENkVksESxI8Zyalz8yIGl4a9Ck6ofcu2DqFCy2gvcZBA4Ah28zspPDP3rUWcYdTxVt4R8lU\n$__EDBwrapped__$
F	utl_http	request_pieces	Schema: utl_http\nName: request_pieces\nResult data type: utl_http.html_pieces\nArgument data types: url character varying, max_pieces numeric DEFAULT 32767\nType: func\nVolatility: volatile\nParallel: unsafe\nOwner: enterprisedb\nSecurity: invoker\nLanguage: edbspl\nSource code:\n$__EDBwrapped__$$PROTOCOL2$\nUTF8\nd5DcI2S9bd93df44RZ4QcWdcl5zHgDIaTbaCr0YdjVypTauuKlkdMShk29KE3vLr8z+LjKtoyBVL\neijUAr3G6Y1s1h3Iq3LUPu9ZNn7EvS46tcamncNKEB+jVeoMp7a+omnwaR0yHCQCnrh6pMg77x3v\nObs+z0D2O14i/Tx2r9QngydxRnRkEtfAChGX3dC2X7hqNlKEeha+h+4m/iGU8M3BTSO7ffcIlS/c\n/4ykz//5QV//BLOgBcDYlQLk+uSfCprD0I+RYjqccSTZlQQHbBMyjDPON8N/fdG1OlvQ40Mb1PVP\nKfOrygk+0zT491omq8oTGm2T+t2u6BGMM52NrweriYSVdKoYCj7o2gh54qXBMkb4Q1mLdDeV76HX\nE2C53etDQiwqYQnU8uvc+pvx2NmuOp0+i8ayYk2PBdGS3lPfs2xmzkUA2ltqxl181uzReRdRLuRp\no8ibCWtfQsgtKtL1r0AlxbUZmyHOjrXud58armWsT+wZ7pKeWGa4PDmfIM+VPux/7v5+pQ1skPrU\nJ26/FHqilAy3klTGLCNpOxYBwU/Ne5guyEwj0s8A8WjjbYb9L5rkV4I7rQ6lePDJsv3Zg7fZPtkc\ntXG/21qWevfmuXTuLIyjXt0pM3JN8BOsdESnz56oiGn54YnTvpr6Hthp6slMKaP8dgwAXG7j0+63\nYv04jenHjjIiAqZX+9oHn4Wk/+A/7JlHLpTJuv4GbFoNQbxPBae6AYAR6/pqRKOUOT+1hUPZjThZ\nPngyMdQWBVelgiGnDiIntYwymm3T9wg/A384fytryS74uU1CwCD2/WU=\n$__EDBwrapped__$
P	utl_http	get_body_charset	Schema: utl_http\nName: get_body_charset\nResult data type: \nArgument data types: OUT charset character varying\nType: proc\nVolatility: volatile\nParallel: unsafe\nOwner: enterprisedb\nSecurity: invoker\nLanguage: edbspl\nSource code:\n$__EDBwrapped__$$PROTOCOL2$\nUTF8\nd35t4ItJ4zWyigZQKEilxnHi/3m8T4xMwKNXe+PDVUYpxyOuPB9q9EjXJu7ajceuES11pQ7q/AHi\nY6f0l/hv0RLWvbPYbGkYHp051ZQENajbE6qL/kT9F70hIt++QEQerRVGd4s2cuGkIUacpUp5zikL\nQQ==\n$__EDBwrapped__$
F	utl_http	get_body_charset	Schema: utl_http\nName: get_body_charset\nResult data type: character varying\nArgument data types: \nType: func\nVolatility: volatile\nParallel: unsafe\nOwner: enterprisedb\nSecurity: invoker\nLanguage: edbspl\nSource code:\n$__EDBwrapped__$$PROTOCOL2$\nUTF8\ndyXXOLi9Iq6w7d+XvqzXEY8d4zDehAffkXIF7v4q7ikEcNwhp3Zb11jS8D5H/1llB+eAfbH6na2h\nn9hUgodm+EMRb0OkO552L2/O0TVmfL0GtRedyp83ioXwwZOtTzQJ5gRt6NBrsTEZ2wAc5Ob/NYWS\nBO/++W9ipHd3APxopgi2imMgn2dBff6XmP5NPGDVDk9ws4A=\n$__EDBwrapped__$
P	utl_http	set_body_charset	Schema: utl_http\nName: set_body_charset\nResult data type: \nArgument data types: IN charset character varying DEFAULT NULL::character varying\nType: proc\nVolatility: volatile\nParallel: unsafe\nOwner: enterprisedb\nSecurity: invoker\nLanguage: edbspl\nSource code:\n$__EDBwrapped__$$PROTOCOL2$\nUTF8\nd0awVZ8rV0JjVIpAE2O/zOQ3yxEnG5Ac0GcqmsEtcU8666wD70cQs85XnKvsWHsTSILSBRGKKtVL\n+f397o8u0RpgAjMdfl9XL0GjqE/m+0S6rmNjINjRMgnbj+iBz9JYopa9uz5hhpk7V+/ASLpuOEgI\nVjwnaIUeXyoWJu/NNu1RxW2ClNSWUsYwyP1+Np5XwqT73lYubbYt0DfHPn00kuSkQ4j2Dn1w2ZAj\noHMwkyPzhiLQ8YKeYE/mLgPBtcjBIjrJMr+aDfA8wYk5vPOl+XcuZog1LDkmsphtPcjhY603YLcp\neltL6lSM+VElcSbf1pEDKOZdU7SbQOhkCpAGi0u3NmJ6ZcVtQZH1fUszki8lcc85AlN9SMvWfv5m\n1LxAMNwaNeiHbaVjCKU0P4LT3odvsjzOlwXDow==\n$__EDBwrapped__$
P	utl_http	set_body_charset	Schema: utl_http\nName: set_body_charset\nResult data type: \nArgument data types: INOUT r utl_http.req, IN charset character varying DEFAULT NULL::character varying\nType: proc\nVolatility: volatile\nParallel: unsafe\nOwner: enterprisedb\nSecurity: invoker\nLanguage: edbspl\nSource code:\n$__EDBwrapped__$$PROTOCOL2$\nUTF8\ndzInapekJAv5YOYWVZKMK6jbfSYJPB0B0lZH71kf31nCsZ8CkTzxgugjoaOx3kCPWADkuwydEkka\nO1RSMLw2KjJ/5izxfaR+GHy4FyJR62pbrMseKJkpkY1FKnH9l2vqI9aumkR4gPYSYH5DYkjEFq1z\nHr9sUHxfoBd/OfYc2obzQeOsXCUUrfjrb2HLCO2W/nZPJ7h8w4rpcpb/N91SlMH1Ayp1WSM3cI8w\nFqU1cs3LRl+WUTxUZIOqhf9ahUBoQDmbqzAwKFsLqTf32HeSF9KYb+h1Q+EzqCt3q9dbuXoZJoYG\nQZmJT3Bf7EzRsza1rwbRTf+X/1kwS97BzQ11N2AUgDxZg/WqPatAXMUihAMtMeRexkmkATIbWbEL\naXdb825xaIJFNd8Ec3shdHLGwDfk3Tv8NJAvZxsb2KDg1WwEpC3CK+4Av+u8aIeoqEApjxBYXWNY\nEh4MOtMNMGJRJ2JO4lrwHWi7ZnVkEIEgVg==\n$__EDBwrapped__$
P	utl_http	set_body_charset	Schema: utl_http\nName: set_body_charset\nResult data type: \nArgument data types: INOUT r utl_http.resp, IN charset character varying DEFAULT NULL::character varying\nType: proc\nVolatility: volatile\nParallel: unsafe\nOwner: enterprisedb\nSecurity: invoker\nLanguage: edbspl\nSource code:\n$__EDBwrapped__$$PROTOCOL2$\nUTF8\nd0d6uAjZ7qPPXmOC9QwI2/a00gg9cvJy6qpGXDS1XtVekYv6Eu+pIaKmS+2HkG+wktRNhRyu8Lpu\nMw7hDDLN94CWXLo3/Eic6zFEMzwdl2HcX2B7jWgbBoNjzVYwaPvS15AZPkaY6zErP7mcsHQmMpIb\nOpwX/q1O0/tCMcIUlOwXSxySQ66LHpaSFuvMtj+uOW4VIzlsgN5K8MqUr9SBtEsfIlJfuhxamSKx\nzjxqtlJTz2XItaPXI872c5FpBbN/BzLZ8xyyuuWQOSLfZuDyTrcGUFkE+M70NgSc8m9Y5lIQCDv8\njsD+EBM9uIevVPfck9RI+BYxhkOaE+sql3tQyMkeXiIhPYFpzjWMgjX4K4w6htGEcYEiREA9zO7d\n22Ydt25CaGq8Lrd6rMx3Z93kmAQpkguFUA6ZfgS7ih3Fn3DBfiu7aW8R4LRtV2gaJhRSTcMO8Myh\nBPFk5xkAFuxy0ggO1JEhK+4hj0QVItRRbz0=\n$__EDBwrapped__$
P	utl_http	set_response_error_check	Schema: utl_http\nName: set_response_error_check\nResult data type: \nArgument data types: IN enable boolean DEFAULT false\nType: proc\nVolatility: volatile\nParallel: unsafe\nOwner: enterprisedb\nSecurity: invoker\nLanguage: edbspl\nSource code:\n$__EDBwrapped__$$PROTOCOL2$\nUTF8\nd+80IByNXhO/hZuI0fpxLtVBMCThHuqGXhb4+vJRas3+V2eBHBNFZRLymHxBL1h7t5yO4e5hHPyb\n+3OHjMjgVYMXdUFMAhaD3PgI/6W3pPgj+7MXwskrgoeOO3ujs0YsXSKmTB1BgiuHQGSY6ep9Ri+d\nJZV3HjkcOAC4/YZpoX8J0YiiNFo48hePmIEpAeY2wWoKjIkl/I2QoESfFPp3lQ/+ec8=\n$__EDBwrapped__$
P	utl_http	get_response_error_check	Schema: utl_http\nName: get_response_error_check\nResult data type: \nArgument data types: OUT enable boolean\nType: proc\nVolatility: volatile\nParallel: unsafe\nOwner: enterprisedb\nSecurity: invoker\nLanguage: edbspl\nSource code:\n$__EDBwrapped__$$PROTOCOL2$\nUTF8\nd5ErLjJ+JnjdKypWdRr8Tnf6gPn7gxSqF09eCfFmIi5fhZcxhp4dAEv0BO9v7svd1XNrmCv3grEN\nbfhAOL365OB/9LbFoy05h5sG7X6iCU9GbdZCkcQBuhvoYpWS9CIfFJ66QNl1A2bCnAcNqXTKI5xd\nt6iEnapsEXTHbQ4DdfWp13SfKrUyuNgqQT1LGBQ=\n$__EDBwrapped__$
P	utl_http	set_follow_redirect	Schema: utl_http\nName: set_follow_redirect\nResult data type: \nArgument data types: IN max_redirects integer DEFAULT 3\nType: proc\nVolatility: volatile\nParallel: unsafe\nOwner: enterprisedb\nSecurity: invoker\nLanguage: edbspl\nSource code:\n$__EDBwrapped__$$PROTOCOL2$\nUTF8\nd9w6y/5Rk3BpTBMjSPxNIyU4kPSNV9bOOtsaRgzeoS7NlM+XiENMXqtgPBINdYBpmRqzy+WjnWVJ\nHRLemrc8W6TlRNZp8MyKu3dSKDbZpHlaymAaCokNlcLJllW3lKIueYewudN2/pNTIXpVcsSXESeV\n5ijIjIueAE1pVIib+mLnLDv1kQZh6eZzzqCT9hSMaZo7iflj7UXq4g==\n$__EDBwrapped__$
P	utl_http	set_follow_redirect	Schema: utl_http\nName: set_follow_redirect\nResult data type: \nArgument data types: INOUT r utl_http.req, IN max_redirects integer DEFAULT 3\nType: proc\nVolatility: volatile\nParallel: unsafe\nOwner: enterprisedb\nSecurity: invoker\nLanguage: edbspl\nSource code:\n$__EDBwrapped__$$PROTOCOL2$\nUTF8\nd/yIlqn7X5yaAT2h5rJV4Rk85B8qpeQDbRRsm8HZpklA5dyMy0NL9kywxdJKsB9VQ7Y0o8W/xuTF\n4OI48pOc0cgXsn7pwRKbCoe0u8iKUui+O8MZnr7O7UPJy4OSvFHQ2ZowW+IvX0D09eKdndKiSm9r\nypDBp/DWo77vMgJthJ7EceuwH9nwc/U5bT8/wM4ySwe8W0h8SBWez9J9jKia1c4lxj8F6Ms=\n$__EDBwrapped__$
P	utl_http	get_follow_redirect	Schema: utl_http\nName: get_follow_redirect\nResult data type: \nArgument data types: OUT max_redirects integer\nType: proc\nVolatility: volatile\nParallel: unsafe\nOwner: enterprisedb\nSecurity: invoker\nLanguage: edbspl\nSource code:\n$__EDBwrapped__$$PROTOCOL2$\nUTF8\nd8d3VtIyHkgiRe4aRvX1uUmW7WYD0rT3O6IfYjyFJMIDzLDBGhUINxaQeK/j7kuxNXnR9a4O/M/L\nbb5+/rZNxENRcGzfgB2c4WBojgB/0ynzVAKl5QgjxttHBSdM6epsWTkordWxwiS6dZ1sQE3USE4U\ninB0i8aFyaO3om8K4Mb7YOv9qYGxjEjw\n$__EDBwrapped__$
P	utl_http	set_transfer_timeout	Schema: utl_http\nName: set_transfer_timeout\nResult data type: \nArgument data types: IN timeout integer DEFAULT 60\nType: proc\nVolatility: volatile\nParallel: unsafe\nOwner: enterprisedb\nSecurity: invoker\nLanguage: edbspl\nSource code:\n$__EDBwrapped__$$PROTOCOL2$\nUTF8\ndyB7ZNbklB7SrCFUtbiyLtuVwhT0TZqMsBBbBhIDpIoZl6jvuM/1vlTAFXL7OH+NSp2JwmA7GVaq\nRlVRLU3BSz1dywfUlWeeCsrCM66SsC0ouVkOLpkQHIckEbp0KDcJMIaiNLMUOOWKuabcT1+BXsyT\ncjqBxazd/xS4Bo3PO3j9dyXuWlI5shlyZMLTQ9k2MDtWRXP35Q==\n$__EDBwrapped__$
P	utl_http	set_transfer_timeout	Schema: utl_http\nName: set_transfer_timeout\nResult data type: \nArgument data types: INOUT r utl_http.req, IN timeout integer DEFAULT 60\nType: proc\nVolatility: volatile\nParallel: unsafe\nOwner: enterprisedb\nSecurity: invoker\nLanguage: edbspl\nSource code:\n$__EDBwrapped__$$PROTOCOL2$\nUTF8\ndxfOA0xnQgqasNsfl60CRg0J5GIPKEWBm3TyUJsiD2CCcTq+Wy80gAu5gSp75Ds6BEWAho3UErqL\n7HTklKIh9EJMdrtSaUxkuW2dqtclMjJ8Y9onziEKWM+b1O7Fw8vCr/05GKZodvyRhjxSE4TyXHsM\nwDQtxKE/Dz/Sdixp3WvhaZ089NFUfisjcIQdGdlsPvN71YCwQ/U8qEodqOCnn3lsfMEY\n$__EDBwrapped__$
P	utl_http	get_transfer_timeout	Schema: utl_http\nName: get_transfer_timeout\nResult data type: \nArgument data types: OUT timeout integer\nType: proc\nVolatility: volatile\nParallel: unsafe\nOwner: enterprisedb\nSecurity: invoker\nLanguage: edbspl\nSource code:\n$__EDBwrapped__$$PROTOCOL2$\nUTF8\ndzhqKBfqrlgfJA2vTpKVjl4Hl27BgNOSrCjWfVvpHuPdET1ebdkNwywixMwK7l5qkMERp0JN9kgx\n/vuh3BLZOLWbIBZeh8qPMDMJWTDyove1MGtfPz/q5hqZ8h0aGCacwieYSl/rQgIkFxXNN8+Zlrr0\nhq8IBCvfjklofQsFhu5GM69uGoxC\n$__EDBwrapped__$
F	utl_http	begin_request	Schema: utl_http\nName: begin_request\nResult data type: utl_http.req\nArgument data types: url character varying, method character varying DEFAULT 'GET'::character varying, http_version character varying DEFAULT NULL::character varying\nType: func\nVolatility: volatile\nParallel: unsafe\nOwner: enterprisedb\nSecurity: invoker\nLanguage: edbspl\nSource code:\n$__EDBwrapped__$$PROTOCOL2$\nUTF8\nd3Kb1iV16wYRDueWw3zV3Aokm6b9KwKG8ZO5Zuqt78uaUbtKBT/oYKHV7qWxBWtTHFULjaoh/aIT\n/cninresn/k5XYcq7SdEU0SMOraZGVdGXnlRK7dg8MGLBdpXQsuV86p2cykOvvxxbFaILycIB4pA\n+3rSH2SxtBbPHqJ0+TfuOpUFH1X5fWFouipiVrxwe+oUx9fjctu9zpafO/mNBGi0pITrnZZGG2/r\nK23hjsGypXteHX7bXv6uwW+jQy3N2UwmpVwVP7iVc+R4AkYLLYC+TE7suAZqhrCTQ4MAVZ7EtrWO\n53hg\n$__EDBwrapped__$
P	utl_http	write_raw	Schema: utl_http\nName: write_raw\nResult data type: \nArgument data types: INOUT r utl_http.req, IN data bytea\nType: proc\nVolatility: volatile\nParallel: unsafe\nOwner: enterprisedb\nSecurity: invoker\nLanguage: edbspl\nSource code:\n$__EDBwrapped__$$PROTOCOL2$\nUTF8\nd8zzsBKRdOpSHY0rGKJ7W2O8anjTlVIQKJ5TfYoVpjC5cYa5vp6AN7k4hRuaKyQz2XaTQJrCmDuj\nBB+1RsbxjvLMGcNw9TGCdOuOPD7xHmMTwzpAjuBwSnepKgtXeEb672qp/60NreSfl0I6tvTDPjIy\nbHOzPxGQdOUnhGlKAY8blpAWPpQNgf2DAtm4o0aWpqAIHQ==\n$__EDBwrapped__$
P	utl_http	write_text	Schema: utl_http\nName: write_text\nResult data type: \nArgument data types: INOUT r utl_http.req, IN data character varying\nType: proc\nVolatility: volatile\nParallel: unsafe\nOwner: enterprisedb\nSecurity: invoker\nLanguage: edbspl\nSource code:\n$__EDBwrapped__$$PROTOCOL2$\nUTF8\ndyHaq7YmW+C4Aet1mhOuEtd93b0OjqbnAi9uMYTsEA2lEeb8ZptluzpYOP7ibq5wxp1wEL8mQQBV\nMbrIaH/+ZXrKRQW89Z/c8HEdQ/HKq8xxkKrd4TAAu1PyRjZOrICfgftHEvSTUD9KPVqCu3AUN/QF\nH5L6XxWxktdkhNz/RrnzXjEKyaG8Pj98TRu2wnCJgpxCJIw=\n$__EDBwrapped__$
P	utl_http	write_line	Schema: utl_http\nName: write_line\nResult data type: \nArgument data types: INOUT r utl_http.req, IN data character varying\nType: proc\nVolatility: volatile\nParallel: unsafe\nOwner: enterprisedb\nSecurity: invoker\nLanguage: edbspl\nSource code:\n$__EDBwrapped__$$PROTOCOL2$\nUTF8\nd+yIqE7k5QHRbna5eHKPMtA3VuRSC3H8b2FUTXrzcGyeqnNztsTZk7DD4Vc9GaPiMbm9K/xrKFqi\n2qVXmRsWyECIPr9Ce1ODv/Rn+IVp4CwpTEiicHevrRPEcB7YZOjWqvz+EDA0i05E5bYeXTQ6oIhk\njewxAUFI/7T18a4b8LCeTx8SMn9INSquHcgcrqbLEhlMVL4=\n$__EDBwrapped__$
F	utl_http	get_response	Schema: utl_http\nName: get_response\nResult data type: utl_http.resp\nArgument data types: INOUT r utl_http.req\nType: func\nVolatility: volatile\nParallel: unsafe\nOwner: enterprisedb\nSecurity: invoker\nLanguage: edbspl\nSource code:\n$__EDBwrapped__$$PROTOCOL2$\nUTF8\nd+FAy2y9PXYdUz7dcfLavqjc/4lZzgxd3xNMY7y7kVWQSVcBy9qtCc6nCyI45tNayo085xLKbx+f\nDyQp7+2FkhMQash0MW2quafQ3coTOau55mjwOE5XH8OIIuP6XwIcW//wZbS64r8IuUE+GjgeS6WG\nTEQDI8CkHCc2lwB4P7r3bYKtdsOtWfNwP9BCtYZ9x04KLk6Vnc8rmOrISaHrJtUZ1JZLSPiuqfia\n4+2Bes5uB5dLYbJbw+bCMj17QgLJpbqOTy+7ol09c8ImPq/icYH3IA244msiUcZqM0jqvjnVF2cE\nggtVTDkTL0V8yWkNvXwYq8BbNPoamR39nymYRg7Rgwo9fukFbyPMr2yCPjjiFVma/wXbYjNRxgeo\nMNC4+8SkP2Mw1zXfrGUMkD8ytT3351s4HzpXafrT+oy7DvR9kKgtCbcCgJ3ilBXKSpRoGSU09cS7\nYEdfeNfQsyMlLBnujKs9lK/VMfvWkCuh\n$__EDBwrapped__$
P	utl_http	read_raw	Schema: utl_http\nName: read_raw\nResult data type: \nArgument data types: INOUT r utl_http.resp, OUT data bytea, IN len integer\nType: proc\nVolatility: volatile\nParallel: unsafe\nOwner: enterprisedb\nSecurity: invoker\nLanguage: edbspl\nSource code:\n$__EDBwrapped__$$PROTOCOL2$\nUTF8\nd5CdRbbfx9Rz2nDLSQhPoycz+Ry2LlRNVjuPI7yES69rKdaQol49wSNRLfoo6iccmVbNmCALC8gA\nNkChYKVN0JpxyZzxJ9YJwAxgpjoj6nxc8szSIk6OIihRJfYJdSTEyf0hRzoqI6mwGkVwMkjcsCjI\nkRzFbncryq7iqsnxHC301sCgaNgJPXjdnVk6lLcYw1ryvw==\n$__EDBwrapped__$
P	utl_http	read_text	Schema: utl_http\nName: read_text\nResult data type: \nArgument data types: INOUT r utl_http.resp, OUT data character varying, IN len integer\nType: proc\nVolatility: volatile\nParallel: unsafe\nOwner: enterprisedb\nSecurity: invoker\nLanguage: edbspl\nSource code:\n$__EDBwrapped__$$PROTOCOL2$\nUTF8\nd7nsSPo9HLsTdY+YyvVj2UI4M9NRNTLTIM39eaDXcnZDng3M1c7FU35nSUxeAXTuzkun+EOV4xR8\nkn/7BVTaiypQQD03JapH7qrN3ePSoSmDle17aQWxDNUUjF5+j+fpgHVcm2ihk2apYiyvGKz1Al4C\nBHQpz99KeHMuJBzaDx355RWRBOslFTZPF48Yw4Z1HgbNTfY=\n$__EDBwrapped__$
P	utl_http	read_line	Schema: utl_http\nName: read_line\nResult data type: \nArgument data types: INOUT r utl_http.resp, OUT data character varying, IN remove_crlf boolean DEFAULT false\nType: proc\nVolatility: volatile\nParallel: unsafe\nOwner: enterprisedb\nSecurity: invoker\nLanguage: edbspl\nSource code:\n$__EDBwrapped__$$PROTOCOL2$\nUTF8\nd8JuO2tDZaomvmKZG+qOG0UJVpQMqO3daGDdOMwWTSNTRyzaZMbIP9VunN8ZMBu61J27A+IRcHaU\nT4B+normkKQVAS16nNez3Eq7d7gSvY/cMV6HcooqDAfWC8yDMmT17veD9dqaRpLT3eSUBjPzGme4\nMPkskJIXSja3xb+KvY2pyS+CULoQsfNuy+78yI9WOkR3A6WoGHtnTuXbxQ==\n$__EDBwrapped__$
P	utl_http	set_header	Schema: utl_http\nName: set_header\nResult data type: \nArgument data types: INOUT r utl_http.req, IN name character varying, IN value character varying DEFAULT NULL::character varying\nType: proc\nVolatility: volatile\nParallel: unsafe\nOwner: enterprisedb\nSecurity: invoker\nLanguage: edbspl\nSource code:\n$__EDBwrapped__$$PROTOCOL2$\nUTF8\ndyGqYjqgUCAlitSw+DIhm4bdcu6jUueWVzyYFZG49k4mno2NtXz0GmT190Q8jpGsODyv42OKq9+h\nIlKjDVJRMECXWiBOBvujf8CwiRRtFVc0/Z3mjP6g56hxR4Jf2ypspIxqv2leVb76zehMh9vexTT8\neRPl8YlSl1JRv8ZVF3rDmXGDePIdIBbSmPXIgt8UbfWI8kqGa4v2mCwkuSg=\n$__EDBwrapped__$
F	utl_http	get_header_count	Schema: utl_http\nName: get_header_count\nResult data type: integer\nArgument data types: INOUT r utl_http.resp\nType: func\nVolatility: volatile\nParallel: unsafe\nOwner: enterprisedb\nSecurity: invoker\nLanguage: edbspl\nSource code:\n$__EDBwrapped__$$PROTOCOL2$\nUTF8\nd+L6UQtOGUh5Am8PmWmacm9szDQ5XXTdlq3onZywyAOLXd04uHJleckI0vBfxrT7MvYpUyBSDPxC\ni7Z6XmgJdClEBID1OzSHLLJIbWPzJyWXuKFNxkO8bnUV/zTja0j7OxjZ3ZPNC5Ex5R239xBWMUD2\nXskUSH0sTXX/367chGVB1IDyu29eu/KlwvV1T5h8fZYXNHFU\n$__EDBwrapped__$
P	utl_http	get_header	Schema: utl_http\nName: get_header\nResult data type: \nArgument data types: INOUT r utl_http.resp, IN n integer, OUT name character varying, OUT value character varying\nType: proc\nVolatility: volatile\nParallel: unsafe\nOwner: enterprisedb\nSecurity: invoker\nLanguage: edbspl\nSource code:\n$__EDBwrapped__$$PROTOCOL2$\nUTF8\nd7wgCFFPOIzI3bCueep64m6oDlw0apiGRsgrZ5/fEIT6NDhJbp/S4h93LviUZWYHJboI69vMcaig\na53EF5hkOhD/JP5t6lFv+3NZXttiRkzLu0pAtRQ46Wc3WMPxM4TzermulKn9bd1VfHMIiys0UvGd\nkhOiJ+mIRUibNIf1dzdwjTrhvUFkvpbCYkaB7vBfW86/lOZRxMtm2nZdi2haOQojVsyG6V9a46sR\nO4KEtqDlhGK+5jihHOI=\n$__EDBwrapped__$
P	utl_http	get_header_by_name	Schema: utl_http\nName: get_header_by_name\nResult data type: \nArgument data types: INOUT r utl_http.resp, IN name character varying, OUT value character varying, IN n integer DEFAULT 1\nType: proc\nVolatility: volatile\nParallel: unsafe\nOwner: enterprisedb\nSecurity: invoker\nLanguage: edbspl\nSource code:\n$__EDBwrapped__$$PROTOCOL2$\nUTF8\nd8aMwkSIPhfhAm2gFS8M54m0jTs0MaIGQawLtUSF67epcychYY9v3qqfdJUxndeaqOFCe0T+awXM\nzOFRGI3MTc5bmPpyL4VqmLsxXg6PuMx3qcTenCCBA+H9OSNWcrIbMBcktqkrcGfTac7fAUUY1G7y\nHt7D7dP6POPqlHRsZpqdn8qLbMr32H6eO6m304S4ofbbBbkk92IDi5cAZ+Wg\n$__EDBwrapped__$
P	utl_http	end_response	Schema: utl_http\nName: end_response\nResult data type: \nArgument data types: INOUT r utl_http.resp\nType: proc\nVolatility: volatile\nParallel: unsafe\nOwner: enterprisedb\nSecurity: invoker\nLanguage: edbspl\nSource code:\n$__EDBwrapped__$$PROTOCOL2$\nUTF8\nd+vxhPQeM6X8+gW3OogHOFigbdTfG5LObsyBUMNxHzh+964H4gdIc/zqjcQ6FgHAwnHe3uPDFbe7\nSzyuOvND6f7Zo/l3Opehp77YfzrOHaM4kA3MtcdW7wVoo/YoIrQQ/KsEz/Nrmaep7pIjsZzMe3R/\n2nCH4AxXBBUXCtRmJ1eXqzWreSTsgP4hV/teFWIElw==\n$__EDBwrapped__$
P	utl_http	end_request	Schema: utl_http\nName: end_request\nResult data type: \nArgument data types: INOUT r utl_http.req\nType: proc\nVolatility: volatile\nParallel: unsafe\nOwner: enterprisedb\nSecurity: invoker\nLanguage: edbspl\nSource code:\n$__EDBwrapped__$$PROTOCOL2$\nUTF8\ndxJ0J9vQZ3GKqxEVFMuQcU+XPBSpO6C1HGIGbwpLjtG9mmXPnBDuSpI/Z/ukVoA4/xn0tJCvUH3W\nG958w/QJfRY/asqaAVu8VL/hBGHvq7EQWeLFX5jXUey0gxlWn7ioqQI6lM2OOoqSjNsBBb/h737Y\nY1NCzoEWRdymP9RLCzACJvcPndIa0glPdvbk6WLt\n$__EDBwrapped__$
F	utl_file	fopen	Schema: utl_file\nName: fopen\nResult data type: utl_file.file_type\nArgument data types: location text, filename text, open_mode text, max_linesize numeric DEFAULT 1024\nType: func\nVolatility: volatile\nParallel: unsafe\nOwner: enterprisedb\nSecurity: invoker\nLanguage: edbspl\nSource code:\n$__EDBwrapped__$$PROTOCOL2$\nUTF8\nd3l1fE3m4ctdmC6UN8hrubP0o42XVsDhIDAQtBNyNbCy5t4D3axNkQrA+SmKgz64esyvqmsbMzx0\n0PoXWNDopWeBrE95Uw2F34KKLklFJ6+hgcPhxmKsYpbme8Mjc1lkeGECFZty/aAIL7Niaah+8Kci\ndOFjEvYLIFhzYUknF29oeV5hNmHkHE+iW/WxQvSyLghkpdidpBVJ0vax1Npu3lw1PHirJaQnosoA\nynljHOEH/sqBsbK2J3HCWGKjEeEGKfFgB2VatKYvn+TGdjYWe3kVOQIe7/y45u8mwghsC9GOF5iw\nb7tgRg==\n$__EDBwrapped__$
F	utl_file	fopen_nchar	Schema: utl_file\nName: fopen_nchar\nResult data type: utl_file.file_type\nArgument data types: location text, filename text, open_mode text, max_linesize numeric DEFAULT 1024\nType: func\nVolatility: volatile\nParallel: unsafe\nOwner: enterprisedb\nSecurity: invoker\nLanguage: edbspl\nSource code:\n$__EDBwrapped__$$PROTOCOL2$\nUTF8\ndxKRmkaju8J5hkeyFp+xWH8TfzAd3TXv4KMXU/0QkdBEtS3Sk4qmz+kl6fimHNA5pACQzs5ojLCY\nWTm/rjpmyGSL2nnEKgiTrKMrVUb7fzLyiKwS9kV43mbSuDtDamAfEoCvsC8FL1MBGRYYzlhy6GdM\nszQLKF9IekqHIogwoO46V3FOufLToYZM6VugS+2n7AFHUucnmZvi1856oQUrW96jWk9NHLBDZZOY\nUNtXuYNRg9sw8EV2DYbHEJHjmWimAQVEbOQlSDiZweItVAhOaZtwBzMS+YJejEoO7EsUP5D7PnXt\nCqmWLcFR7A==\n$__EDBwrapped__$
F	utl_file	fgetpos	Schema: utl_file\nName: fgetpos\nResult data type: integer\nArgument data types: file utl_file.file_type\nType: func\nVolatility: volatile\nParallel: unsafe\nOwner: enterprisedb\nSecurity: invoker\nLanguage: edbspl\nSource code:\n$__EDBwrapped__$$PROTOCOL2$\nUTF8\ndxzvcdJHiMOGoDk/GWFQYLHA91qtAsCfD8FemXpzlT0gPZoaMnsvOHmB+3ZT3Vyp8uNZHRGIol2e\nrYP+4bkRXK/S3NZviyzHDJQzljCY/oeXHg0i0clCzKizgz+I6jud/gJ7WF0+1NEQ9KSHH1COpwcp\nshKqew==\n$__EDBwrapped__$
P	utl_file	fseek	Schema: utl_file\nName: fseek\nResult data type: \nArgument data types: INOUT file utl_file.file_type, IN absolute_offset numeric DEFAULT NULL::numeric, IN relative_offset numeric DEFAULT NULL::numeric\nType: proc\nVolatility: volatile\nParallel: unsafe\nOwner: enterprisedb\nSecurity: invoker\nLanguage: edbspl\nSource code:\n$__EDBwrapped__$$PROTOCOL2$\nUTF8\nd4pguk9weWNV9ZXsx295WVWVVQwdhWa7LREpdM5pSGKtIwTV/1+quQnSRyap6kMYK6CU/qa5bbOc\nJdliatRX8abW9srigSE4fGi28SX15/4lncLrzStiH5WXCMCHPWaTLFPIuBqBpXbOxy5hYxOe6heD\n+dYd5Ws06x9NGM2cnvNdaryJ+Je7GqpJc1o=\n$__EDBwrapped__$
F	utl_file	is_open	Schema: utl_file\nName: is_open\nResult data type: boolean\nArgument data types: file utl_file.file_type\nType: func\nVolatility: volatile\nParallel: unsafe\nOwner: enterprisedb\nSecurity: invoker\nLanguage: edbspl\nSource code:\n$__EDBwrapped__$$PROTOCOL2$\nUTF8\nd9cUQ2XiW1Z3s70NGzrYjE4SZZ1U1HvnKtOYp8otGDPQMZ8YnCQz4X+dN/5PL7yG6WauGPUib4oB\n0Wki2kQUi4Pd38qW2Rp7nc9MakR/7O49uWyHKs5p8KSgggQnRJMKNNNx7TZhmKN9VH9h6rYfZJck\npwi8jQ==\n$__EDBwrapped__$
P	utl_file	fcopy	Schema: utl_file\nName: fcopy\nResult data type: \nArgument data types: IN src_location text, IN src_filename text, IN dest_location text, IN dest_filename text, IN start_line numeric DEFAULT 1, IN end_line numeric DEFAULT NULL::numeric\nType: proc\nVolatility: volatile\nParallel: unsafe\nOwner: enterprisedb\nSecurity: invoker\nLanguage: edbspl\nSource code:\n$__EDBwrapped__$$PROTOCOL2$\nUTF8\nd6IhUCJmeJJ6QxTYevr485LwD0kx0v1GnyCM2YfD4jVPTLTJ/SjMwM3IPGD5Knl2wQMLvcNyaEt0\n/HOzHXGxnV/rvyCg/H0PD0WIvHX6Q3Ips60G9Uh5YLBfcvLPBW/8oAC+PSALIk0audVE4P6V4u77\n2I2pj8Csn0sQLu8UvL0U49nM7KLobtmHA/5WW4nKO+NIPEde+Wb6wTt3tfE/cQ==\n$__EDBwrapped__$
P	utl_file	get_nextline	Schema: utl_file\nName: get_nextline\nResult data type: \nArgument data types: IN file utl_file.file_type, OUT buffer text\nType: proc\nVolatility: volatile\nParallel: unsafe\nOwner: enterprisedb\nSecurity: invoker\nLanguage: edbspl\nSource code:\n$__EDBwrapped__$$PROTOCOL2$\nUTF8\nd7HfeWuTQX8boIvHaAIPtgpMqJvv6VUKvw0YAH3iRS0cF9bfCYtlhRajnkd+HP3iJh20/dnBNdXH\n4lnurXV+Nlbo/PQPbW9zGJHulvF2Wu0FJchZv4iVbARPYmo0Yx9MvTWrXei2iZFM/2ZvcjIZZVVx\nF2C3Vtcxlc1zJt0K\n$__EDBwrapped__$
P	utl_file	frename	Schema: utl_file\nName: frename\nResult data type: \nArgument data types: IN src_location text, IN src_filename text, IN dest_location text, IN dest_filename text, IN overwrite boolean DEFAULT false\nType: proc\nVolatility: volatile\nParallel: unsafe\nOwner: enterprisedb\nSecurity: invoker\nLanguage: edbspl\nSource code:\n$__EDBwrapped__$$PROTOCOL2$\nUTF8\ndx4CrxKcb/Li3xtVhoZbbYC6mIPZ//kBZX/nYvBKW0nREGeuQH37H8Mz53lPumPkIqRa9duxA8ln\nJFDtUx2dytv9YDw7qDEhHMHf8B+IPQ7c5e1RI0U9FxuxKTvnPbF1zuGnbqviHJXjJp63eklPApfc\nuCyC2zKYJoLkcdXXxkgS2ny5/D+/M7n1+ymGWK4rT71FEWN+V1/d/9kyvcAAhzgYiZBKbyxKgCDT\nKAzewTf6zk7yhcMwm9WH13I3Iaq3FBYGrg==\n$__EDBwrapped__$
P	utl_file	fremove	Schema: utl_file\nName: fremove\nResult data type: \nArgument data types: IN location text, IN filename text\nType: proc\nVolatility: volatile\nParallel: unsafe\nOwner: enterprisedb\nSecurity: invoker\nLanguage: edbspl\nSource code:\n$__EDBwrapped__$$PROTOCOL2$\nUTF8\nd3U7bBm/iRGx1e5dr7t6X5mNIYlFLuwtu10XrWMsozDSIFL/e2CD0RT31rfGQH/V/7qF0hvq0Fwd\npng+wfJYJE6R4ZUBh6CDuxV7mhfbtW3Nx/w3H+Qgnw43TmVJ53vopXQBJ/zC8Dom/kB1LpjpOPdB\nWWHqT1vNcggLyUxEtcksP24=\n$__EDBwrapped__$
P	utl_file	new_line	Schema: utl_file\nName: new_line\nResult data type: \nArgument data types: IN file utl_file.file_type, IN lines numeric DEFAULT 1\nType: proc\nVolatility: volatile\nParallel: unsafe\nOwner: enterprisedb\nSecurity: invoker\nLanguage: edbspl\nSource code:\n$__EDBwrapped__$$PROTOCOL2$\nUTF8\ndxr11P7x9h9NOqC3PrR78A8E6FQU+qmDLuioiJ4kiRznZE/y7UlnrJpzdYPSet248SYG7s+xFPlU\nWt0Dh6Jag7IzU3bJX3lagxyTqaRrhyx6qSS2W+acYuqXJqMG743qFN+2GCZPX22Tgjx5/ETnQhSp\nauQcIP13Mi62nA==\n$__EDBwrapped__$
P	utl_file	put_line	Schema: utl_file\nName: put_line\nResult data type: \nArgument data types: IN file utl_file.file_type, IN buffer text, IN autoflush boolean DEFAULT false\nType: proc\nVolatility: volatile\nParallel: unsafe\nOwner: enterprisedb\nSecurity: invoker\nLanguage: edbspl\nSource code:\n$__EDBwrapped__$$PROTOCOL2$\nUTF8\nd4VIglz637bdey+J+HkhOUvrLMeYRIetiSEMsU6Qa453tS8ohnTSEMCK6wATU3w24lNfQ2NjNqya\ngpxNR2Myog7xgBkrkuUepAQx25wmsF+DR/YOxwmh5nuG/BFszwcTanRQBuJRkoYmYe8n7t0FvjPO\nFbNZ3apXrl6rqj7WUgBdr1A3RLtAhSIVR8Ca\n$__EDBwrapped__$
P	utl_file	put_line_nchar	Schema: utl_file\nName: put_line_nchar\nResult data type: \nArgument data types: IN file utl_file.file_type, IN buffer text\nType: proc\nVolatility: volatile\nParallel: unsafe\nOwner: enterprisedb\nSecurity: invoker\nLanguage: edbspl\nSource code:\n$__EDBwrapped__$$PROTOCOL2$\nUTF8\nd3M2FY7WAchDd2Nht+j/WV4sQoNiFjtPuaiYZuvXaHGaiVY8CWEW84CprgI8gZddWCaedxklebJr\nlTzxVLdQzgwllBYNJJ136AempSKPtK+MDSGPutY6odxPU1TYa6o21LyzQ1zaumamAGmlMQ7x6ucs\nzGj2vTAtCFxkK8BDpz5e+bU2ujjG\n$__EDBwrapped__$
P	utl_file	putf	Schema: utl_file\nName: putf\nResult data type: \nArgument data types: IN file utl_file.file_type, IN format text, IN arg1 text DEFAULT NULL::text, IN arg2 text DEFAULT NULL::text, IN arg3 text DEFAULT NULL::text, IN arg4 text DEFAULT NULL::text, IN arg5 text DEFAULT NULL::text\nType: proc\nVolatility: volatile\nParallel: unsafe\nOwner: enterprisedb\nSecurity: invoker\nLanguage: edbspl\nSource code:\n$__EDBwrapped__$$PROTOCOL2$\nUTF8\nd3+U+fStwXIDqVuqqG973PjlAEXMCyeCb+7h7BWFcZrOIxpWrge9z4VLALEJD5Jg3sl9YDkUQpXY\n9iEtHbT+AtKHSG3FH1HB0zqA60ij3cfP1aaucqHnsYSSTQQoXBhw/TQUQwTz9iP9RKa3Ko3qSocj\nFs/w1KtsY9FrEZYkr1Xq2P2ycSnKNibmMVI=\n$__EDBwrapped__$
P	utl_file	put	Schema: utl_file\nName: put\nResult data type: \nArgument data types: IN file utl_file.file_type, IN buffer text\nType: proc\nVolatility: volatile\nParallel: unsafe\nOwner: enterprisedb\nSecurity: invoker\nLanguage: edbspl\nSource code:\n$__EDBwrapped__$$PROTOCOL2$\nUTF8\ndyO82IxvptRb5lhZdnLIdqmN3zLb+vNYb2c/VEhByFTj2JFyb3Sp/3L2/07ea5K/ahWYPhXJXeOL\n4GWsGLdrl1hNuJe/hxyi0DDWpOZ2PmmZNjVar0izGT5OuLjYWr1MyPyPcfKWX8aSXiiSDb29mfHc\nmpbeAgL4Fjt6uR46LRlPIruG\n$__EDBwrapped__$
P	utl_file	put_nchar	Schema: utl_file\nName: put_nchar\nResult data type: \nArgument data types: IN file utl_file.file_type, IN buffer text\nType: proc\nVolatility: volatile\nParallel: unsafe\nOwner: enterprisedb\nSecurity: invoker\nLanguage: edbspl\nSource code:\n$__EDBwrapped__$$PROTOCOL2$\nUTF8\nd4emzyXMiA2WYCKxitrwEta43BDT+PqxElhPoXNhqrRkXXKqGW7THkwTElz365lvvFiJyEhWmBDs\n8o/W7Jb2Uzex4EIFbrKjauYMj8HnhypDEck/Agg0y270ijDoyDFF73SKKAR9siCI+VmqiS98LuLE\nD9s8DVqzj6++tlm/sOEiUMX41TTaRg==\n$__EDBwrapped__$
P	utl_file	putf_nchar	Schema: utl_file\nName: putf_nchar\nResult data type: \nArgument data types: IN file utl_file.file_type, IN format text, IN arg1 text DEFAULT NULL::text, IN arg2 text DEFAULT NULL::text, IN arg3 text DEFAULT NULL::text, IN arg4 text DEFAULT NULL::text, IN arg5 text DEFAULT NULL::text\nType: proc\nVolatility: volatile\nParallel: unsafe\nOwner: enterprisedb\nSecurity: invoker\nLanguage: edbspl\nSource code:\n$__EDBwrapped__$$PROTOCOL2$\nUTF8\ndzvBwsS7hsZ1hHgPwEhxL7ItSoOGfoDSwE59Vr3VsscqFI0A8zBYm8iky/lu0Mt1SaRTH/zUnkpL\nWYt8EaYT/WCMUqTC/914EHiK7uUJ+Y/qwIxuZSLJlQx5HYDAucMyCTiVqIwLbzsvUBSJRVr6U0j8\naHTtqEMLPuoN2YBGrcHqOJo1nlXy0agqRBSH8iKUTQ==\n$__EDBwrapped__$
P	utl_file	put_raw	Schema: utl_file\nName: put_raw\nResult data type: \nArgument data types: IN file utl_file.file_type, IN buffer bytea, IN autoflush boolean DEFAULT false\nType: proc\nVolatility: volatile\nParallel: unsafe\nOwner: enterprisedb\nSecurity: invoker\nLanguage: edbspl\nSource code:\n$__EDBwrapped__$$PROTOCOL2$\nUTF8\ndw7WhDmLlnsb9i0LTwC9tnCx05j3vdBEc3Io7+kqlYFSfimf5UXn2DAqurVWbQaES2AuOQJGq0RG\nP6GNGmjjlRqosjtvEKz8QZ0hSY0ZU/E7YUBVNg/MFOx8oRRo3112AHKXl19A54oJ1o5DDL5jmEig\np8M7MfHMLMqR97kRiAEL4sB8HIP48hpC\n$__EDBwrapped__$
P	utl_file	get_line	Schema: utl_file\nName: get_line\nResult data type: \nArgument data types: IN file utl_file.file_type, OUT buffer text, IN len numeric DEFAULT NULL::numeric\nType: proc\nVolatility: volatile\nParallel: unsafe\nOwner: enterprisedb\nSecurity: invoker\nLanguage: edbspl\nSource code:\n$__EDBwrapped__$$PROTOCOL2$\nUTF8\nd0RGq0LW4OpPYe+KMpOOqBNPGPJiGpuxnEkjg7fEg23HpYTw/tNDDP/mjnpNqJ8THuUJt5ln2WHt\nUUfNXTSh+b02rhzOVi8kIaMSm5hyZIL21aQ6dhFOI/MjDiWqNzulROCaXKCxrBedVqenKizVCiha\nErqrIUCUW63+U7WlWA==\n$__EDBwrapped__$
P	utl_file	get_line_nchar	Schema: utl_file\nName: get_line_nchar\nResult data type: \nArgument data types: IN file utl_file.file_type, OUT buffer text, IN len numeric DEFAULT NULL::numeric\nType: proc\nVolatility: volatile\nParallel: unsafe\nOwner: enterprisedb\nSecurity: invoker\nLanguage: edbspl\nSource code:\n$__EDBwrapped__$$PROTOCOL2$\nUTF8\ndwXHvaSNyAWRV4oZluoOS02ZR6aMStN7IW14qqFoPARx+TsDSQE96BW07T5aqtRpKcLz18FNShm9\nYLjNfvTkQL4RqS1JAzNXHBr53urkLV78IpBp12rkGwclkROaBnL4tIunJQINf582t7nvWud757ko\ndiNhnuYCi0u8pgHE3Z8NtHiK\n$__EDBwrapped__$
P	utl_file	get_raw	Schema: utl_file\nName: get_raw\nResult data type: \nArgument data types: IN file utl_file.file_type, OUT buffer bytea, IN len numeric DEFAULT NULL::numeric\nType: proc\nVolatility: volatile\nParallel: unsafe\nOwner: enterprisedb\nSecurity: invoker\nLanguage: edbspl\nSource code:\n$__EDBwrapped__$$PROTOCOL2$\nUTF8\ndxnLvzGMPkPzoDHBnsP1ocKWMeFJz992KHBRdaamPw0b6tPhiIk5PrvXwvFiS5vILtNUekG1b2rx\nF+aL7nBz7ec3VG1VwpRhzm0GDDm4V5vGi5RTGoZhr6vZU1FF1/unHTgAqw2mvJq5My4HW8d5Asfp\nc9Z+BDNGvJtcA1uaYnGRsonusoaPWIjHJv673cs/xS/tF0Ic2G6dwKVTugnNrWZ85iqvErKaDtnf\nKijragmBtvnaNfW4+9roZo6Al1wbcRBxLQlcyactWyAffejAuATCLa9ilq2+T1xxS1//yCM=\n$__EDBwrapped__$
P	utl_file	fflush	Schema: utl_file\nName: fflush\nResult data type: \nArgument data types: IN file utl_file.file_type\nType: proc\nVolatility: volatile\nParallel: unsafe\nOwner: enterprisedb\nSecurity: invoker\nLanguage: edbspl\nSource code:\n$__EDBwrapped__$$PROTOCOL2$\nUTF8\nd3IyIeFWNcy9VBldKkmCOLz6Pf42hWtlQKe3RonlNjVzgTQ6Wr0bzFadiezY7d7fhpRYjFESw8H2\nk+asjQR96U0kH1chpTX5REKpEYDElXRXj+ELDwks/KnCQpG970J/8I1KJ7V9qWENV65kn95G4+/y\nZ0XXGTM=\n$__EDBwrapped__$
P	utl_file	fgetattr	Schema: utl_file\nName: fgetattr\nResult data type: \nArgument data types: IN location text, IN filename text, OUT fexists boolean, OUT file_length numeric, OUT block_size numeric\nType: proc\nVolatility: volatile\nParallel: unsafe\nOwner: enterprisedb\nSecurity: invoker\nLanguage: edbspl\nSource code:\n$__EDBwrapped__$$PROTOCOL2$\nUTF8\nd27XNOSsyTkDoqIDSTg2ZQwLYXdbQXyYB3CBI7X8rSsOnQSC3ElIjUfiD3xvP4dUWUDqzTFM/8Hb\n4NOacCMNhfi3zMCqD5KVegVG9lHklZD+N/LQvFVfH12bCgcGBC4Qm6C72t9i4NlJfDCURVt2yurD\njw3TwQd8hGBeKH+uN2vR0OpnmuefBURMCeOdUs+HOY1jFXkAbWrPkqiqvTyaoqQwVjYf8wgjwp44\n6BaTuUA2gaZmtk/HnB9MoCePuhtz1LF0QhCZ79wbTB3WnMYNnG/RiRXZnYI9ubYlQGGxkYO3BnH2\n3oHuJqk=\n$__EDBwrapped__$
P	utl_file	fclose	Schema: utl_file\nName: fclose\nResult data type: \nArgument data types: INOUT file utl_file.file_type\nType: proc\nVolatility: volatile\nParallel: unsafe\nOwner: enterprisedb\nSecurity: invoker\nLanguage: edbspl\nSource code:\n$__EDBwrapped__$$PROTOCOL2$\nUTF8\ndyIHE93Yg/0O2scbxch8qSeCYHz4ebUFDO3s1LZpQQds98JJvIykEa2hQDRv5z4s7UeHC61mKv+6\nQZd5Mm9ewAx6yqZYPnfNrc1hLWckUlRF/gzy9pWjGEoSk6uRHwD6//MutGHlX6pIUZlIjiCgSnKW\nKgs=\n$__EDBwrapped__$
P	utl_file	fclose_all	Schema: utl_file\nName: fclose_all\nResult data type: \nArgument data types: \nType: proc\nVolatility: volatile\nParallel: unsafe\nOwner: enterprisedb\nSecurity: invoker\nLanguage: edbspl\nSource code:\n$__EDBwrapped__$$PROTOCOL2$\nUTF8\ndxTXpuo0demRdvXLeYQDGoy4QGw3s4hVXVB0l2tlLMgxrm02VHbPMzttkwJUHPN3uT8vhHdbJiM4\nUgbjDbFVxtlR5WXZqz0pCnohg3ghJkfGs4wzoxVOxLuDqR1loC3Ouwm1O3lRiU8SOC6/wEXkPZh6\n$__EDBwrapped__$
P	utl_tcp	close_all_connections	Schema: utl_tcp\nName: close_all_connections\nResult data type: \nArgument data types: \nType: proc\nVolatility: volatile\nParallel: unsafe\nOwner: enterprisedb\nSecurity: invoker\nLanguage: edbspl\nSource code:\n$__EDBwrapped__$$PROTOCOL2$\nUTF8\ndyFJEs50yPkBsWS/X4j4PJC18Mj5+sVS296bVreXJmdCF3zjBlhyhpQR5njBM/dYd+egG6xR/ix2\nDQcT/LC2ZcCkdgUnsLDpFgDbPbqPC5UJyPw4jj8Pq/mE5bK+UTI8ZJ6SQuYu4YRXWfvh5gE/Fkei\n8kTKNSft9xf+bskbqQiZFvhbKXTFCBontaydV0F9827s5zvp\n$__EDBwrapped__$
F	utl_tcp	prv_write_text	Schema: utl_tcp\nName: prv_write_text\nResult data type: integer\nArgument data types: c utl_tcp.connection, data text, len integer, lf character varying DEFAULT NULL::character varying\nType: func\nVolatility: volatile\nParallel: unsafe\nOwner: enterprisedb\nSecurity: invoker\nLanguage: edbspl\nSource code:\n$__EDBwrapped__$$PROTOCOL2$\nUTF8\nd+edq8GmCzbmCYIpC54F9uOq//uJ5drEB52ASwwaVMygKCuD95f4DriAVpzPg+lrQbLCB7Gf2cNL\nMwKoTkQ1fEE1xFg+jr82gsVfhCSjD/Nfa6ulfFqwNpSVT8Is8Wru91OcIk3kaiDw5ta+Tille4RZ\nSsp3gTFW5MYCArH4cw9zNqQL0r/B59bWToCJeaKLOI8maz+K8aH05ISqom1pxKrtwDqTkq52SSLg\nAEur5gO+aIIj0aRrIpf2JaZ15v4PFHoAUpR8+He0LFRp0av7qCCcz5S84aj5brS73uKyu0sdsKq6\n$__EDBwrapped__$
F	utl_tcp	open_connection	Schema: utl_tcp\nName: open_connection\nResult data type: utl_tcp.connection\nArgument data types: remote_host character varying DEFAULT NULL::character varying, remote_port integer, local_host character varying DEFAULT NULL::character varying, local_port integer DEFAULT NULL::integer, in_buffer_size integer DEFAULT NULL::integer, out_buffer_size integer DEFAULT NULL::integer, charset character varying DEFAULT NULL::character varying, newline character varying DEFAULT NULL::character varying, tx_timeout integer DEFAULT NULL::integer\nType: func\nVolatility: volatile\nParallel: unsafe\nOwner: enterprisedb\nSecurity: invoker\nLanguage: edbspl\nSource code:\n$__EDBwrapped__$$PROTOCOL2$\nUTF8\nd4EmP/QIVH+gAx+G8l2M/m5IE0mGnOM6g4GoOFjCwCyWP3TAJfuAyThTSL4J+c51Hs9jWpP1GTHe\n0QqEvmWn+oc9ZeLWamwIcuU/KIrWFxpruunG95BdubF9Vnpn8B+uENkjSeS9jGJD/iwrqX7yJI/E\ntZGGUrxGj/D6qhhkQ3yFqFMWtKX7nR6cCalyzKcgdbD9ZBfvcA0Ps0E+IOA1L0AV9MlH04ri7vOV\nQJShd9VSR/IrU4S28PvygjCEAJ3kMwkr0USSTbjZezWrbCtZ7mn+ngjkev1sYYJ3eDHSTmQbb9pb\ngBJ1iiGENVzVRvJ4l/0odRANdcWFqJZW0a1+qI3cPDHbOqtu+F+nk+EZaSsEBt3W5ZJqB5vccdCM\n+lssrX9EbeqaHfO/7J9fLsNoew1sAyC7na/ao4lIwf0G9gUdqxStDAcafAzbAT5/5KQccEw=\n$__EDBwrapped__$
P	utl_tcp	close_connection	Schema: utl_tcp\nName: close_connection\nResult data type: \nArgument data types: INOUT c utl_tcp.connection\nType: proc\nVolatility: volatile\nParallel: unsafe\nOwner: enterprisedb\nSecurity: invoker\nLanguage: edbspl\nSource code:\n$__EDBwrapped__$$PROTOCOL2$\nUTF8\ndzl580V/+vsr4Sfbi4zEq6yxzkWl1gbl+4LYhusbAwMa7TTnpfcb+Eyta9EYJK83o509tf4QaYfW\n26AYZnGgxqSjJphUToXElkwgDiY7sve3GE1Jsp9+bDhI20SastZpgwzwA6NBkLhPFndFc4aMzoPP\nDL2dhXkhqko0IjhtX5UDwacRW4Y9Yz/3ethU25y0w6GGGC1EMDDO4GUtjR9ygzePxj+W/EeDmTaQ\nfiA1zdKeVuKUqMQcZwYd2NsGuKVSoxeWfB16/bEVw1GuOSK6v875s9jDUqyp9q/qFYFUBOlP39Zo\nFEDQ\n$__EDBwrapped__$
F	utl_tcp	write_text	Schema: utl_tcp\nName: write_text\nResult data type: integer\nArgument data types: c utl_tcp.connection, data text, len integer\nType: func\nVolatility: volatile\nParallel: unsafe\nOwner: enterprisedb\nSecurity: invoker\nLanguage: edbspl\nSource code:\n$__EDBwrapped__$$PROTOCOL2$\nUTF8\ndy9JHqxbEB5Atzalv8hdqhCOhETfYdc/8F7LWSdInrl1aH10xOiGVf6VY0PdjKnoros2ZU/j4KBv\nkheeCwvmAS3YnGkfbrIQc3+9bZ6POAF2FPsGnvWL3s/qgjQzD4emizDC6gfew8v2shmh5vUP+5oJ\nP9Bn+gwVZp1dDEG69me5U3zWkeZQAKaA/5HBrCceF4b7\n$__EDBwrapped__$
F	utl_tcp	write_line	Schema: utl_tcp\nName: write_line\nResult data type: integer\nArgument data types: c utl_tcp.connection, data text\nType: func\nVolatility: volatile\nParallel: unsafe\nOwner: enterprisedb\nSecurity: invoker\nLanguage: edbspl\nSource code:\n$__EDBwrapped__$$PROTOCOL2$\nUTF8\nd4eFomT3uqP6mURGx02ocZWTEnUnr+JV1C63pbzfmT01pE2AAhaCKMkxLaM3rEqUroGMSfd9L760\nmIIo1l1iC0GspHV8fXzLNfrlW61e4xzypFYy8L/MSsrlcj6FY86zNPByFDXYT0rd9aBcK1KQflrp\n0euNIAkzOgub65rbiNBvM1BOw+c4AJJN2Yiq44nXEi1UyJHUFj06NOqRrt6QcfyYULKn\n$__EDBwrapped__$
F	utl_tcp	write_raw	Schema: utl_tcp\nName: write_raw\nResult data type: integer\nArgument data types: c utl_tcp.connection, data bytea\nType: func\nVolatility: volatile\nParallel: unsafe\nOwner: enterprisedb\nSecurity: invoker\nLanguage: edbspl\nSource code:\n$__EDBwrapped__$$PROTOCOL2$\nUTF8\nd4KHhGW7EgOjxtN2Faf4/cS24e/JnngwsZX+kpJ4Yv6IQCwer6y89O+PDHIdU1y6cfqZBBJqdj1a\n1YUmgYojdi0yN7j/E7b9Mk4sUHE4b72D8zwKKQuabjXs1emRg12MclfD3AZCxfPS7K+VWoa8NfoH\nxvIPYM7WfgFuyGRnKFOrCXDkXIChOw98pKbsQ+8TYa65x9Rs6DupZFMd0i+SI3J6Ultk13DZTPJt\nd/uEp9N8KE85EBa56sqzFUDPmfmFypada9G1q0b+tWZqxFL7yoKFHXj5QBK6823tWqsmxg==\n$__EDBwrapped__$
P	utl_tcp	read_line	Schema: utl_tcp\nName: read_line\nResult data type: \nArgument data types: IN c utl_tcp.connection, INOUT data character varying\nType: proc\nVolatility: volatile\nParallel: unsafe\nOwner: enterprisedb\nSecurity: invoker\nLanguage: edbspl\nSource code:\n$__EDBwrapped__$$PROTOCOL2$\nUTF8\nd7a5lVSc6bQG3tiFsi60SoR7hzF+S3DsROzTzHxnUbVoGUTpcvVH6TQDhp9Yeof/OUpnyyAws0Qd\njarXi8T8rO48mCmKg0N54A5ZsxJJHF3kDL8ICPFPg8lBgh3fV6T0Z+BoxUU1bneTWhRvZKmcjB9j\np/ilmf99CBAn62ouuAMlQ5P04hrgkdv86RtfNfVkraihkhT3Icts6UuJPrIeWiP6ESAzgxXtEd1y\nUEdmrURabYGnnVQrER1i2Yz4dbwk1r1hltiudqamP+K+FQQWx47Ybb4=\n$__EDBwrapped__$
P	utl_tcp	cons	Schema: utl_tcp\nName: cons\nResult data type: \nArgument data types: \nType: proc\nVolatility: volatile\nParallel: unsafe\nOwner: enterprisedb\nSecurity: invoker\nLanguage: edbspl\nSource code:\n$__EDBwrapped__$$PROTOCOL2$\nUTF8\nd8Umj5+8FVczWbHctgOJizhvYA/51KCp47IupnzNP5hoQ7v1BxMSbjIDIL4T1GplQgfbseGICSz5\ndkLw2aNZOZCnxknQBndPdYcZxgL/g6fw46VmBRXcnvIr+/0SBhzBoFim2AINItk6+Eib8J3VDd3A\nkfuqSaNXfU9kMoEcCxT+vRf/izYVydRqkc9voCwUiubqA1q/RB64veJqpfFpvQ==\n$__EDBwrapped__$
P	utl_smtp	get_reply_record	Schema: utl_smtp\nName: get_reply_record\nResult data type: \nArgument data types: IN strreply character varying, OUT reply utl_smtp.reply, OUT islastreplyline boolean\nType: proc\nVolatility: volatile\nParallel: unsafe\nOwner: enterprisedb\nSecurity: invoker\nLanguage: edbspl\nSource code:\n$__EDBwrapped__$$PROTOCOL2$\nUTF8\ndzglFNDQRTEeLs8nHsJQOXAFD+V0hU8d46Zei54Tbz/Am2NTWiFwtuAD4499i+TKWFpZ6YNnOmbZ\nHCg4kvM/iGxvWD+T6+WZ5RSU6QpUKdtXFrisTkxGNvwrPVNQ4PeCZycf0p//ksC7apBQSMgfaOLM\nGGjLevVQrSHfko6ga8E1nSCT9XsmwlPkqpBRUvw8SnXWEkUbtajO7FafLJSX+W8Ooo1SnW8q5ssB\nkfcEEFIjEytGtZRH7UwRIqt5xO+zYGAry89VQ30WGuIfKA7SFB6Aleob9tOwXa9N+kLkhSuqDcT+\nJ/D/YIvRT0uxqk1pQENRbOE1p6JrYEqKSwWyokoj4ycIY4oaHgY+gRSGAZNCTnNmsFTtuFrIdsep\n0KDKToALC7I9hg==\n$__EDBwrapped__$
P	utl_smtp	imp_get_tcp_from_smtp	Schema: utl_smtp\nName: imp_get_tcp_from_smtp\nResult data type: \nArgument data types: OUT tcpconn utl_tcp.connection, IN smtpcon utl_smtp.connection\nType: proc\nVolatility: volatile\nParallel: unsafe\nOwner: enterprisedb\nSecurity: invoker\nLanguage: edbspl\nSource code:\n$__EDBwrapped__$$PROTOCOL2$\nUTF8\nd4yrw+mXHhGb5BDPEi88ySocjDE37PLtdGZ4zCMA2aYFCms9U1N62iFQKjYIc00hhanCeik36oQ4\ngxqkQ166h+A/9iAtOUhDQMkbVO9v/vU73qKEBfvX9Hwoia9+6XSLRjGncsscrcONKshZJCJPpmMx\ns6HBXwIBjVKBjjIqXegKYvWtkWJd0Ju8qLqTPyaY0GIbzJGVdIUvAn31PHjRH3CcrtOVmiOEVKKr\nxfZS2rSaA1eyOyLvwzxRrbDnMUjNkVXS4zyHUHcvSi9BTumaRZXFe6SgOFOuFWWH13S1YNLopXvS\nXY4nHPGtOkvy12dYaOJQWWJWHGPAb4mXwdTn1fUj4JFIiE7PhsUKZVNZU/YJnI+iK/DrLsksNemm\n6PAtSx66lwR22Pp2YyBLyWUSRwNh+9koa32AlGkaBxwY\n$__EDBwrapped__$
P	utl_smtp	imp_open_connection	Schema: utl_smtp\nName: imp_open_connection\nResult data type: \nArgument data types: IN host character varying, IN port integer, OUT c utl_smtp.connection, IN tx_timeout integer, OUT reply utl_smtp.reply\nType: proc\nVolatility: volatile\nParallel: unsafe\nOwner: enterprisedb\nSecurity: invoker\nLanguage: edbspl\nSource code:\n$__EDBwrapped__$$PROTOCOL2$\nUTF8\nd0S27nZ3ZLOWCm+cZo0oNIav3mAATnRqKfkDFYq/BmHxieAcnU36EY3mnAe6siBGaMvwxq3/KlyO\n7gE8BQTiS50DfK7HaT52eQtfVJZkl9szehLIGRy5Uok0crb/gAnWE8Dsxtdgh8i0XeC6OfNyETgQ\n3m7b2KdqBNK+Oh46X4+Qak7dyUO8Xtg7aZXGiVR8O0/cGcPbM8hj7DLj7/X4xkLk9wehSqL0l7RB\nYZ+5/N/bdEAHDIINi0zzTHCPuQeTRocznIUB450svpFpFuS0mH1DNVs0nTU3Sks6L5Q0TXq3yzDy\nwDIneOk9Oy5IJWz/wrTV1wQ5cTNEwt8aHrgfvJSWxqIndh58+Zhx++HMxANhkk4plY2ZIfBPV5OU\n55Ka5X96ELy/g5EwZt+FuXS2cGVbGtRjA58ZdGNTEBaaAYE4elI576uusDxzU3CeSjzJT+TvoAs6\nXQPirW+A5aj4zc5sycSCBUxSH5liQnWCNCDpYHvee8uAHv4t7Itw3WbQLBww8q70v653+sCpFaiO\nyR1HEvTvOvdOUe0mItatmxKwpitOKlwqMFsrDSI59vQm9WvG1bpJD9bdz3k1iPZNLlAUHcrD0bFz\nWHRcqUP0NUyukCwW0jkQ7m8rPa5U7WD0H9WNDS/jErwrqMg9yvsCAQXCv5KtQVRNftwCFJTn5KV1\n64IJu5Xsoe6lQQbm9buXZJpcVla6YBvWPSO2HTUH6dvRC0PvfXUTdl9G5XjdqjiWxq/AlTwW5aT8\n0+k5e0Eb1NRsTwcO8aZ8N3xE3z7fOToZuWHvgxHLS1SyUP3RS0HO/IO8BIGSuX4stOWJCtkUvQl/\nJ4MdbnT5sOM3AvjHEiiz9dRPujgO/2HlDNKfagXd7yH9wA24kUCacJpbXtIn7xeX8FTISQAhvag2\nK+lNOUmbmLWuF3UgzYI/vHW/YQDiQm0iX7lCXH4pGNC7venHeEiaMeOx7R4SYqkPgvQe5EVItEag\ng2wrCp3FNafoCaV9jDV40Gfx/cvrhWik/aA1ZVuI2CagjXQNZSaLIoufUcu9qVixa+4TpMH9dgA=\n$__EDBwrapped__$
P	utl_smtp	imp_open_data	Schema: utl_smtp\nName: imp_open_data\nResult data type: \nArgument data types: INOUT c utl_smtp.connection, OUT rep utl_smtp.reply\nType: proc\nVolatility: volatile\nParallel: unsafe\nOwner: enterprisedb\nSecurity: invoker\nLanguage: edbspl\nSource code:\n$__EDBwrapped__$$PROTOCOL2$\nUTF8\nd6OccBCc8gfL96iJEDbd+rc+ap/rW45Cnm1zX475yBho+T1hDxZCmp9pu25ItlZDowg8ux2bXwxz\nebMA9DkCIzUW2kAzB3UKtoIT0J1gtrwC5LYBnZ5TG/j8SOX5KDL4LoElX++/c/8rCvjY3tnbLqTT\nSV6Iy10JdhVLscFgMVDLNJ/bZARzJFoFzL+dFY+dwwtEHluf5KQABXcjeckmxQQGTddhRZ9KOSVi\nUzhziCJI4Fb2WPPK+ZhTZwLzq738OUHRuFTaBGvX9SaNu38rD4daLxkR6bRtJLE39Jk/KZhzMiet\nbJKUsnIU+KlNymUfzHrG9kuXUcSSytcYPj6XHe0siaKrMR+BDSKbXWxQCSswWYV9+n7A1R8oA7m9\nPAQCI3CLP0fvu3SQmZoJOAHunNrOi9p5WknX4LV/lYeBrzk5T8tK/UJhnd/owasWKk475MNajPeH\nKEendlg3ngR75M8NeCDE+lKWU3D0iNtrHg==\n$__EDBwrapped__$
P	utl_smtp	imp_helo	Schema: utl_smtp\nName: imp_helo\nResult data type: \nArgument data types: INOUT c utl_smtp.connection, IN domain character varying, OUT rep utl_smtp.reply\nType: proc\nVolatility: volatile\nParallel: unsafe\nOwner: enterprisedb\nSecurity: invoker\nLanguage: edbspl\nSource code:\n$__EDBwrapped__$$PROTOCOL2$\nUTF8\nd7evbqG93mL7vaiM3FXOXpGvWZohCbZqIcdKeTgn0oZ3K+Apo7rv7R7sAueAX7yZl3IbcoH1aTwE\nOhwVY2GyKEBSBxWxCtjJTOfIF96KPEWepwhxlUt2ei+5/jY9w0XePE48mLwebfyFiTJLCBY7jNFu\n7DJa0p0tRVsb0G66E/zTtb4a529uCRRTJrI0qzNnggX5/qvzDjdGbwnhkJ+GOrgY0bgWFa2Pmux7\nuyAN4z8VQ41RsaXSP+9ZDeHeT6iUrXSgDK4xzlAXBnwJko+LTvv8w+EDLIAaiX5YEkzIGRwxq4uW\nXjOcWUmz+Ew0C4D1S+pJzlSyETM5c9Xf+d55Ii4TN94ntnXcdMx4Xpou7vb2hqJTdPc1Zj9i8hks\nWUeINfEsDJzBUh7rvlEL5g5W20EHpUB/LptqSShHmEXj1NqzrkVVlupjxuns3g/WLnhDWW3iZmYq\nxW7QIIGuWTQKGhpgzPX8PntvRpYnpslw2afLCsnNAx74uOu/JfzILqOv1f1HeD3NvwHMNnP02UM4\nilfRqefp99puASniBwh9iT2s4i5nsb75vTkZu1FHV+ozPlkampSyv+GDLYs7/hlu7iDxGfXUYfET\nDAdqmNuqQsF+dHYErLhpMk0hCm1rEGyxtzvv\n$__EDBwrapped__$
P	utl_smtp	imp_ehlo	Schema: utl_smtp\nName: imp_ehlo\nResult data type: \nArgument data types: INOUT c utl_smtp.connection, IN domain character varying, OUT reps utl_smtp.replies\nType: proc\nVolatility: volatile\nParallel: unsafe\nOwner: enterprisedb\nSecurity: invoker\nLanguage: edbspl\nSource code:\n$__EDBwrapped__$$PROTOCOL2$\nUTF8\ndyDMC7smCrmMjz0/ARDvXlEbs8Dfp0zgzj0WJd+sX70tb+kPxG+aPDmusX/Runy+3+bRF5F2bD58\nZYb9KlYeaCPegBRJqNt8ogHyAZWWj3Rg5dbScmBzLRBBtqJ/Q8ZoRcke7QDhwS2xN2NwVoj+4VlD\ng+gCbRh9yqP2MwrQi5lP8uVZvSuZZMzp/MlPHlWlmrP2H1oy+TzDWuq7PBN2EQ3LVtResDQYp23g\n9Iz1aUsQhRJ4ltIO17mspDZSkOwqmeYJvfCT7P4eaklpRO43W1C4c+IqAqQob4V4lVKUjw9pGTFC\nyiShGY+syLqxVVWR+N/bEomXCMSG+9ddMhWxT68STs0IbU9d8ikgoNFDv0LA75tFWTKJJAIdZR16\n+q7a3nU0EREP4+aMNRWQBKYMvph7aZsHj6owCbzKhii0igRURevlR+3/obk70sgtGRGpWpkO0B/U\n9zsxa9gTLhRm9Zw/OHHsPriS36OZdkSCpRXE7bjZQnME2ieup7Tr1z62HveEy4e8+7yfBrvg6HRl\nTRymy8o8CWKQqMyW53qKSW6mk32ooNRc3b9olD0SDXpCYjC/G3fiyKtVmrp4y7GAReyjljaIfz4Q\npf/yFoemYVBOvImOsZZGukT0XXN7kxsRiTQ0Gf4ONNwceEFJMZPMjy0dWu40wUZsalNt2hO91AFc\nefoS1LiaRT13rhGmAoW+PtdeT9C1cKb6JzFXhSJ/\n$__EDBwrapped__$
P	utl_smtp	imp_mail	Schema: utl_smtp\nName: imp_mail\nResult data type: \nArgument data types: INOUT c utl_smtp.connection, IN sender character varying, IN parameters character varying, OUT rep utl_smtp.reply\nType: proc\nVolatility: volatile\nParallel: unsafe\nOwner: enterprisedb\nSecurity: invoker\nLanguage: edbspl\nSource code:\n$__EDBwrapped__$$PROTOCOL2$\nUTF8\nd5q/ZANqYZyVevOA2mebsyg1HzrHfiadODlk15DATEJuQqav9IgeM04jjecKhH9aZYm2xfRKfC6Y\n9yQaOGpkDiqhRnQVMeDCYaqERH9ABZ1t4s+65NWbhOPS44dgxwct+PhJdrXuwx2OGktXOG7IhSyL\nbczgkIl+Lp1/6cSyGRmFa1LEd0lsxuT3SirL1XIJTUqBTS3RchbspbRi7roTlDT40wJKyDSlkBWC\nEXRr9+LtXTqAV7OnaBsnDGpK0Cu7gPnJwQ05AgQru+04MmxlRpEubQeE4hGohLPgOaI9pA+g6AtQ\nSXG8QQVRDziGwkUalXBQeoPAolDQGspAdv6NB1OftI/JIhXHUK/fGEKXMUlw3yAVsAHLa9/xPDEN\nyAhPO853Yv35KC0zCmLx+fPzbQVAHroFDt9hmhzWKJJwdFahhcRJOTZ9jEuoxdznykfhbmx9V5t5\n5zgeIubuqXA2wCFtMVjA0WpypMCART0egVPkuI7/oxiVDfy+zKR3U/zOI7l/vkGFJPhs1XZJ572v\n0NlQI7ErekOfAYookPt01aI3EFFCQ0UHEH+DPwkk3GFwhJrNic3VIuz3LDnwevzlCRwo0ibtDQye\n0o0IfCzitzB0Vq/qNk7gdmfszV2ocGHQTO7VVglwgRVbWw==\n$__EDBwrapped__$
P	utl_smtp	imp_rcpt	Schema: utl_smtp\nName: imp_rcpt\nResult data type: \nArgument data types: INOUT c utl_smtp.connection, IN recipient character varying, IN parameters character varying, OUT rep utl_smtp.reply\nType: proc\nVolatility: volatile\nParallel: unsafe\nOwner: enterprisedb\nSecurity: invoker\nLanguage: edbspl\nSource code:\n$__EDBwrapped__$$PROTOCOL2$\nUTF8\nd9X5rD03qEZWQq5mfpZCKKYsbLWeKwIRBrGbf2uoT6ycidObt7w8hu69MYK0bBHFGRkAEwFQzQ7l\nlgMzifjQ4AvZWgxkidJPVnuGX12GwQRj69k/7fVQMNFCJ0P2cp1mgv2UYqnE0UPHbOw+cwtMK+Qe\nBrRyqMlPowqCKgtp93c2YCpInE+BAXYJTlZ2F/IaWWRl+8pJNUy4CoZTdhNGkliYNiP2VrJOe05b\nqhuXJFBFm2GgHSWrAMcK+94QHIdw7tYfj98bRZFLMM6NwWRGkbRYtJecrWIT2csmqchUTtWoFT0p\n8SrW1HUqoraduiKbAwNiI0bNoHOSvxlLpsEhrcQrL7l6Q985nuIKLYaTYfd2x7/26e7ucGttu/J9\nKwQN6loIRiJ5/whWgNJkeyT+Knw/fycjV0cur+ByCU6dpBIqXP76ab09VH2/h0xiVlvwgcq4Oxqw\nyXeY+XIN8bhEFAm2NBczI0fbXTVoxmCJuuEnF3TJag3L4ekeAK0TLyLw3uyY8XXAXJdYP4ptNnRD\nm/8xkZDiYxhvgIafKRqsHxUsb4oZJCuHgd+JbHSAydCln1EQzItBbeJBe0N4wMBdI2Tz6HUW944X\nAfABs8oQOWvOPgQNHy+1d4kEvs8pEIa2Z8nH\n$__EDBwrapped__$
F	utl_smtp	imp_command	Schema: utl_smtp\nName: imp_command\nResult data type: utl_smtp.reply\nArgument data types: INOUT c utl_smtp.connection, cmd character varying, arg character varying\nType: func\nVolatility: volatile\nParallel: unsafe\nOwner: enterprisedb\nSecurity: invoker\nLanguage: edbspl\nSource code:\n$__EDBwrapped__$$PROTOCOL2$\nUTF8\nd08tHjppxhh4V14mYOXVEoJLXvfOeNUtVQZlYt3B3BjSYhfLrBeRi69sgRZN9jPRCNKoIRCwd26w\neuL7gXBzfFwx4W2kOMyN9NYzCZPNJlBMe2B2IR+mUrn4biTmdTKaXrnXRY8YMKMnGAatM7kTJTZS\nrS9PCUkKkbFafE4WlV4oi7nTVM0m1o+jCzp8g2E4CH/zSxcMF4ZGo0uAE2X0ZzZEFUNdm0mTzhdm\nUTurgP0smbNUUe471grLyDDMAqWyka8uisVJzULy/5KijDQmoKFhxyTTdjxEMgwYS6OWPc0xhoU2\n5n52R/LSa7cLIhoLlDmylhWo4db+TcM7Lvrw8Fa0jqQzQKKkgAaHYgxOY4a/eWYegXRxyOSgbZfe\n9Ro8opYIZFqxjpbki4a7eIG4JoQzzRQHw1P1ll9vWYrpz3xc/nm//lf0hH0Wsdjc5YODcfcNL5TM\nNlvNoBf+ioDsRax7Ktlq1NVbhtyO0lEJuAEihP5b8KXAFZVc/KNXNU9gp/isg79gbRv+jBr+gZ/4\noHwObdUlYdnmt0l+kwunrl34mmHJRgDjOuMUviiyk0HjM85SamgHOlUyDvXRMjFKXYsgqUoPRszn\nKi0erOp7glNlz/LOLEHKs/whs0etSp6KD7+M0Py/GpgnCCoZg8eE0/tndxSTC8mpefNZn5xDbFsC\nV6tHyALQQPk1xT5Tfsvdbcd6l8a7lqYSDT9gdx3zwPPOftvcs4xW2bn+z4ciedPOG4pYGBNStMG8\neSReICAiGPmZfNDSAtHjb46hNNJh6InmUymkD2s2ni+vsCr5AAenYeXLBMo/nZctC7egkWkMNJIy\nzZG9c3NDXYr2wIrvEizOknmVCKzDDB0kHQhR9EiycfjZv+Fkjo1uQ4jztjMAfP0=\n$__EDBwrapped__$
F	utl_smtp	imp_command_replies	Schema: utl_smtp\nName: imp_command_replies\nResult data type: utl_smtp.replies\nArgument data types: INOUT c utl_smtp.connection, cmd character varying, arg character varying\nType: func\nVolatility: volatile\nParallel: unsafe\nOwner: enterprisedb\nSecurity: invoker\nLanguage: edbspl\nSource code:\n$__EDBwrapped__$$PROTOCOL2$\nUTF8\ndx380rKkZolNBz4dywKi2QNknjuRnc44cgqL1JZ0m9yD/j/L+kHkva+/J1Du4oQ3hp3DuMXGqod/\nx706pKhoscs4wAny2X2fK1CneCr9cDBozJ2b4skoMxuo/WFr3wziwYs0NQLbfSrcVXxJRDUDYQqs\nJROgCKzecvYjKzzeV4IrJEhXn7Rcebeo5yExXlYS9feO4/uA16QfCquTDzFju3Wp3xzt7/nsWsgB\nASBkur5Drz/pkh3BEWM2RnQ37HvPDIluvn4pdH42WlmnCQwzuwdA0l0ncVMt/bhWLVTfYDQxHuHA\nH+DJObuKVIPh7udWF8hfp/GZWhdi1LLOoo19xLUn7qdl3J9iy+TT7qwF2rHi4IG7SHD6riIDBgRg\nE8ONK3tV3Cog5K3GZQ+A8tkQhKIowZASnGCxPyUdGGnf3dDXtN8fBPAH5f7lHn3GBsFjWXG1hbaw\nqSCCjDzDhFLWluP6IWluUbff1p8gjp5cm34sxEK3qNSJx1QFy9Cgv1X1eORxthPcWGzBpe2raCjZ\nWBcLrP4ydKjTo7d3djRC6JESWa280ciw9sVOC5Kl11TR9JXXPZok5TuH+9PKdXqih49khhKnuctv\n8TyJx62+LtT8nwPmBSLiehImuabEhCHaGVUlW/BBXmVsxQsPH818sR2Y\n$__EDBwrapped__$
F	utl_smtp	imp_noop	Schema: utl_smtp\nName: imp_noop\nResult data type: utl_smtp.reply\nArgument data types: INOUT c utl_smtp.connection\nType: func\nVolatility: volatile\nParallel: unsafe\nOwner: enterprisedb\nSecurity: invoker\nLanguage: edbspl\nSource code:\n$__EDBwrapped__$$PROTOCOL2$\nUTF8\nd6rFljx5yPjHDx5Fv9EK8B4/Y74RqgDfvZZWc5RF7Pp8YaOrLwMS1aE+iTKi4dgGEyG2e/XeGh0h\ntPnfrFKQkyrJJZnIPgskP6xf2+yg2Say2jGWah3L9dDkdnvoCN+aXLlgo16o3CqR++Hy5GwgAJH9\nryHipsfaU4ZgCwzgXkGaLAdCFYJAWO+QNyyrtRMGgmN83J28cB7Y0uuEVWtnKB+RBgYAfWFQvh1k\na2PzJJhsZBkssUQveVl72GQDFaqa3ecBjSJHxp+oXp+QYQ3oM0O7+pQgEqFLm6vvTfXUTXO4UIP2\nzgKQOWURaWBofrBOfDvKV/lpQw/lwF6E699GADiYYl2FQmYMN6rC9ZfQkFPQ8gGkEun6azkjR9Kq\nCNp9hYz1Vfqqtwvj4lnwrbokVfxZvC68pJ2b6O23\n$__EDBwrapped__$
P	utl_smtp	imp_close_data	Schema: utl_smtp\nName: imp_close_data\nResult data type: \nArgument data types: INOUT c utl_smtp.connection, OUT rep utl_smtp.reply\nType: proc\nVolatility: volatile\nParallel: unsafe\nOwner: enterprisedb\nSecurity: invoker\nLanguage: edbspl\nSource code:\n$__EDBwrapped__$$PROTOCOL2$\nUTF8\ndyGZEZXOmLlYMKWliJ+NQagriCetFfjBeaS5WG0NAQSXr/ctCJ6df3LZGRWAk7zcLCwpure3fuY2\nX05sUGpoE18mXcopY91YE2WVgtHdmUw5/jWTNoj49yP1zazFdpP8PZHVH2W9Rl+Z66GVDM82BRjt\nJutxiWj7rha8FXYnwboBSkDmqsjb8f9aqvNYekPqruKC1DO9ZK5UEfU2eKD9u/ZHXtuGIZdM53Ra\nn/hYuks+vw4bpcKpg84UkGZ7xR4LlGk3LthgB6altD/d0G4fwtQ3JhQC+QjfiTYbk6SyuJ/MxUle\nofHDi9ULqlTbM6tc5N8LAB68UXFRitFn4OtR28uSC+n8a3hppN+TyTga7sWJ3BdMa2TXJbRDx7Nr\nIupbRnPlX6p78Gmzzl/YXB3GvCiM+Rfm1H7iec0zQIWMfThxdEsethubHSGuhRRplry6nScRi+ge\npY9muP25ZsvRVyR5hfVVqRHLrkIGFI/AoNK313oteA085niRosdJ\n$__EDBwrapped__$
P	utl_smtp	imp_data	Schema: utl_smtp\nName: imp_data\nResult data type: \nArgument data types: INOUT c utl_smtp.connection, IN body character varying, OUT rep utl_smtp.reply\nType: proc\nVolatility: volatile\nParallel: unsafe\nOwner: enterprisedb\nSecurity: invoker\nLanguage: edbspl\nSource code:\n$__EDBwrapped__$$PROTOCOL2$\nUTF8\ndwfPBVqTG2IN+nh0zvtTZ1xnJLPKq8TV4ZAaEv68igQZWBhn/C1xaF0nsJvLQ688i0auTMycZGBg\nGH64ES1CQGkQ+LYJiNu/3eGW7CSeyGiTeBLRUNRnK1t2dyw5tNUlCSW+clN3po7B0E6yIOUjBxuu\n/mgfFbqeX3KZjYm07qpJvNSS+EWI+I+aNhDG9XQ4BnTlR0uam67i8gR/on6gtg1+3yXXD2uzYZv+\noDv69ykLFVPVKe3V832o7JqP9ZBdBLhPoaK2XgdRleGJWp/33xO+tARDqtNgK0pgxMfia6/XyDTE\nVQ+vXVCHiqB1TrS5FptamywmBy5W9MHBsfqsL8fFrdV2EQw7kd4ftt+MVCIuva3t9LQ47yf+GafE\n29epvYzL2M2gYf48eFVou88+jisiQo1Cmeq+FOW3swdPA3MzJxiafCoTkdj0PF/tGz64y4E=\n$__EDBwrapped__$
P	utl_smtp	imp_quit	Schema: utl_smtp\nName: imp_quit\nResult data type: \nArgument data types: INOUT c utl_smtp.connection, OUT rep utl_smtp.reply\nType: proc\nVolatility: volatile\nParallel: unsafe\nOwner: enterprisedb\nSecurity: invoker\nLanguage: edbspl\nSource code:\n$__EDBwrapped__$$PROTOCOL2$\nUTF8\nd/dvDb8xkO8N1KsciRd6icFvgA2zpObaWn0eXnjulwoZxpstQuG5Sg2PbsxfPfVkcpRy6tc1aY+t\nu7M/oC9FtsGEw/LZEBFrhfOZ813BTBtn8yMPNMMlnQeh6rFxtC6XEJY30UHeLEPRCYZpheEhntAP\np9LMbiKPv2eIwpJ+xnvn+N1au2tVVD1YMdoLi57156QtQGiYsDA7no1R+OkHkZB+MuaJAb9J7DPQ\nKUZIzkT5PMVxEeEkgI+JTv9ivdI0wm3bpWqPOSER4HGsK6dzhnvvRVHAOsUtPbpYo5Dkp+sq9vwI\nM0qDycRXoQ4HVZM0l+jYhxzv86wVx7mjyPytrlOUNRzx337DF+NT+/oTbTrr3X2APtk+PDRQYmPq\n5I6TTZ5YF2SjMNNnR6BwrhOrwIQXLZLFShtVqMlemjhuOPDWn8O426Ws2tmGyLTDsrup1Gpnc16z\nx/nspIcY4DwlgUbl55NIcTrCrwmq2RI3OgfEjJGJ68jEmOvCs3TutjNOTPumPa66UzpS685W+rKv\nuw1Kuqq6BX+gTbsfu5eDbwCvh1Gw+XrYOTh76tpGXb+TCaUlBo04shz6BMJWc59X1mLQkQ==\n$__EDBwrapped__$
P	utl_smtp	imp_rset	Schema: utl_smtp\nName: imp_rset\nResult data type: \nArgument data types: INOUT c utl_smtp.connection, OUT rep utl_smtp.reply\nType: proc\nVolatility: volatile\nParallel: unsafe\nOwner: enterprisedb\nSecurity: invoker\nLanguage: edbspl\nSource code:\n$__EDBwrapped__$$PROTOCOL2$\nUTF8\nd6Dqfb9sQS3fWy699ndJOX/2ahOlAIkFvot7pJptqYqJX4aS8qLo2uZqCLnq0fZ7xMPzb8iFgIEH\nT1ZANAkthAQ5kWofSZLnxwoXg9HHPIJVTxuWVPYRXOgxG/hb2qtp9gL9wq/ao6a9k29DYauMwDv3\nCkjVDdQx/JtxH5fVIo6WjcWQmagb/9LXRlSZR2FfsXq9H15eth6cOU0S9y9Gp55mlJxu2jIe0u0c\nv0z0hm7zeYMEGo62+BG+a8FqFP3EwbqLswDsoFrvbvhd0Od8bbs0oK63rtWtshT/qSSzEnRI25Jd\n3JRhXc13a9cNmwTaKZeq+lwPt8rlY/17VUMKBTWL3OA0dhjwP75XUxaYSKt2DUFSUMdTuLW7I/wo\nG/54b5AnzAKXoSgXYoHKoShKqIwqDsR1jFTZJesrOH7OC8GYVW9i/y7jbaJbW5GtWQFNZkMgu+o8\nX+/F83DkKx1mvYT29tJbkyNSSHg6Zd4HibicF1Ml\n$__EDBwrapped__$
F	utl_smtp	open_connection	Schema: utl_smtp\nName: open_connection\nResult data type: utl_smtp.connection\nArgument data types: host character varying, port integer DEFAULT 25, tx_timeout integer DEFAULT NULL::integer\nType: func\nVolatility: volatile\nParallel: unsafe\nOwner: enterprisedb\nSecurity: invoker\nLanguage: edbspl\nSource code:\n$__EDBwrapped__$$PROTOCOL2$\nUTF8\nd9B7iX/cE2ux+hPanKSfHS7x9T3x3Hqxla2E2VRVPRxlzz55qSHIQcZoysJgbl7zSCFY655T9HfX\nJ/PVjE/efUCLnptPm/5dWIp8Fh1LWe3k5eryP8cByKO+2keVp4++JhiDRsWIvJ2ApK0En7Yv4u80\nrCzEQLxQIHD0fhIt4SGe0jPsgUTkYVukDF9L4/jyhvUQDMKBM6S30iBrOaB3o1JE10StnL90/RdP\nVKWgkPbXWWwpPyxTYvOrjP/TgOw3eVmrz+I01HvKfuXfaCTmcLaGxW6A6jIieZCCIMMybF8UwmB8\nl401wV19+cL+CEYuVMd3K7DjQ23z\n$__EDBwrapped__$
F	utl_smtp	command	Schema: utl_smtp\nName: command\nResult data type: utl_smtp.reply\nArgument data types: INOUT c utl_smtp.connection, cmd character varying, arg character varying DEFAULT NULL::character varying\nType: func\nVolatility: volatile\nParallel: unsafe\nOwner: enterprisedb\nSecurity: invoker\nLanguage: edbspl\nSource code:\n$__EDBwrapped__$$PROTOCOL2$\nUTF8\ndwrHMT9uBDcEiF/P8BbGUCQYfLZSvUjbWULGYYLUri6Qj9Hcw5+95BNAov4MRD1WXsF9fxyiziew\npGi6Kx41mgE+tc77AgaA73CnPeF9h9sddYDNEgRRv1RPwk4aQuy6+S4CMBbFNbyg5DmW6ds4/z73\nctutLpjBdhtE3FOyV2SffEZH8JE/ivLzfAD7Yg==\n$__EDBwrapped__$
P	utl_smtp	command	Schema: utl_smtp\nName: command\nResult data type: \nArgument data types: INOUT c utl_smtp.connection, IN cmd character varying, IN arg character varying DEFAULT NULL::character varying\nType: proc\nVolatility: volatile\nParallel: unsafe\nOwner: enterprisedb\nSecurity: invoker\nLanguage: edbspl\nSource code:\n$__EDBwrapped__$$PROTOCOL2$\nUTF8\ndy654bzUxR8cqpFS3vuagIAPzgvhfqwtF5fvVtCpl59YqxEAqyKXD16JUDp8Hh+qFzXQvduKhb2S\nc0y6/R98PzWhn+pUNj/gahPYlC6iwNx84XosLL5UKR7HM8Hb0gXNgjF8Feo0/nwbq0yMQTPkQaj+\nJENgrghvdmA+qQ5RjXP1ev4VxkzfqexJPHTgLXeoEsWKAdjknU4lW6r2GGYiKjLGTHiSwphYmhRK\ndGMtfeTaS0vx3fIEALJGB4LtmS2omYHvRIfRO+7JQ9dEKKiIn4qQs11bmQM7ag==\n$__EDBwrapped__$
F	utl_smtp	command_replies	Schema: utl_smtp\nName: command_replies\nResult data type: utl_smtp.replies\nArgument data types: INOUT c utl_smtp.connection, cmd character varying, arg character varying DEFAULT NULL::character varying\nType: func\nVolatility: volatile\nParallel: unsafe\nOwner: enterprisedb\nSecurity: invoker\nLanguage: edbspl\nSource code:\n$__EDBwrapped__$$PROTOCOL2$\nUTF8\nd6NKOMg3I5LI4fcDZVSvxMi9n6SXvw8H7N3DG3U+mnzonKs1Bh7Lp5C60G90WyYKzwPVGVO6ZwuS\nmgYHcfUB5senNYI0cbwBNbCQmUOFIwRVZgWv74MaV+6t6pgGV7upQ8tFexJCBQKUX/pKK3XrjOmf\nAgMuWTw2DGzLEma1vEbtQVXE2L7C0Hh1aLrjlN8hcbo/+VaI9gjzow==\n$__EDBwrapped__$
P	utl_smtp	helo	Schema: utl_smtp\nName: helo\nResult data type: \nArgument data types: INOUT c utl_smtp.connection, IN domain character varying\nType: proc\nVolatility: volatile\nParallel: unsafe\nOwner: enterprisedb\nSecurity: invoker\nLanguage: edbspl\nSource code:\n$__EDBwrapped__$$PROTOCOL2$\nUTF8\ndxiZcqaJ8f4Vo8eE73rdwmWH6827wRxx1x38hjS6t/C8A/FFuUH2WmDHrBPDLxzZxGnKrGZJh9yv\nk8sB+V5CdVSew/x9Qgxwo5uJ9izghgxqJ7TSVWtqZKQQTFp1/i1AeWYahb9Cp4DMBCnqf7NQgw8I\nhweZ1osm7mlS8hb5EMKNESPEGXnXCaeu9PWZPwHvUkbYEgdSIq7ppiqlSExrk4gkk01ezAMNKvlk\npIQlsuSSUJNeFrPGGvrTa0hwN5vPsUpnT3mkPIQIu9ie4YTmG6epMlI=\n$__EDBwrapped__$
F	utl_smtp	helo	Schema: utl_smtp\nName: helo\nResult data type: utl_smtp.reply\nArgument data types: INOUT c utl_smtp.connection, domain character varying\nType: func\nVolatility: volatile\nParallel: unsafe\nOwner: enterprisedb\nSecurity: invoker\nLanguage: edbspl\nSource code:\n$__EDBwrapped__$$PROTOCOL2$\nUTF8\nd+lSu9p9clKneK+FzgWRGxdZ1bxBEA+tBE/fWzSgV9hZx3amU2XkkVslCRNee1R4ZWh+y/d4mVxt\nIldj1+JqcsGt6vgjP5DKX3X2iuIpUCUdI6u13YeJ0Sr6+cVa/gNPbEdNy3hW8CWj6bRLPoWYytV4\nWb5+M+XZnx7bTtotsyPLrSl+hC7NQds=\n$__EDBwrapped__$
P	utl_smtp	ehlo	Schema: utl_smtp\nName: ehlo\nResult data type: \nArgument data types: INOUT c utl_smtp.connection, IN domain character varying\nType: proc\nVolatility: volatile\nParallel: unsafe\nOwner: enterprisedb\nSecurity: invoker\nLanguage: edbspl\nSource code:\n$__EDBwrapped__$$PROTOCOL2$\nUTF8\nd4tNf79nWQCkd4sNtCLOtWS15bDEkzB5wk/c5A8GkiX4w5yrAXY9O1iDsk74RjV27TLwPlS08m0A\nvb0zZdx1IrHnTku6zpgzG/CMox6UptQnYmaxJIGBRyHcWYW/0gIe1nk6xf+ysftlcVHChbO9hgBl\n2I4Rxd0oyVTS13kdCO2mcSr+kpq/cwWOYDLCO+v3fn4vLRhDraNCCtiI4wjqXTjWBO4/JxhE7Tu4\nPqsqlojJaeQUu625VP5qA2aL1J4pZH3R8pgA0ZbtCn7bq6Z3MNjnCkCVjObPKYD7zSolCZwZ/Bx0\nsGP/wL2C2+v8Yym0WXu7obNRJGi67z3Lay83BqLn2aipwU3gbIq3AkBNPgOpW8Q6SeFjCyIBmXzN\n2OMq\n$__EDBwrapped__$
F	utl_smtp	ehlo	Schema: utl_smtp\nName: ehlo\nResult data type: utl_smtp.replies\nArgument data types: INOUT c utl_smtp.connection, domain character varying\nType: func\nVolatility: volatile\nParallel: unsafe\nOwner: enterprisedb\nSecurity: invoker\nLanguage: edbspl\nSource code:\n$__EDBwrapped__$$PROTOCOL2$\nUTF8\nd9Iiq4HQHtGs4sY+10I0ggXmHZsW1T+tgVDxXX2Kj5eK2dYqgJygUL8yNiqqTN0aL59CHYCRMQmq\nJP4ZTeOJYbR0rJi33hPv+mzx6h+OHbxsJeOqwBaO67nGsDMgSOAf0Rxhj8ht4Zcm9kfBn+7fGGuI\nwfzsjrEeJTayc1q0FWX26MBN6SXPxjldk9o=\n$__EDBwrapped__$
P	utl_smtp	mail	Schema: utl_smtp\nName: mail\nResult data type: \nArgument data types: INOUT c utl_smtp.connection, IN sender character varying, IN parameters character varying DEFAULT NULL::character varying\nType: proc\nVolatility: volatile\nParallel: unsafe\nOwner: enterprisedb\nSecurity: invoker\nLanguage: edbspl\nSource code:\n$__EDBwrapped__$$PROTOCOL2$\nUTF8\nd62NhbNtD61NLLZYcwwR6Xk1SAmk1nZ3cSRguLGzOgWP6u/qxbVBxdr83A0AHIHSRYD4fbUqnuzW\nSCOL7FsIoQ1M2U1vvkZxiLVck1bC6B5EusRFJdQlS9gWdJfH9/t15E3eGaAyB7EFhbDRvtqmKRjB\n652Z0lDT83MbiYR00HR2oBrjkyXxn/rE8c8WpQaCbRmLfff13nAodP6dxxa3k/efNK+2UAO7F3zt\nljSA0CuF2M+KpPLFBF1YAMF72PEnls+RPJwelyffKLXxa/egemUKM9r7X8/Falq8og==\n$__EDBwrapped__$
F	utl_smtp	mail	Schema: utl_smtp\nName: mail\nResult data type: utl_smtp.reply\nArgument data types: INOUT c utl_smtp.connection, sender character varying, parameters character varying DEFAULT NULL::character varying\nType: func\nVolatility: volatile\nParallel: unsafe\nOwner: enterprisedb\nSecurity: invoker\nLanguage: edbspl\nSource code:\n$__EDBwrapped__$$PROTOCOL2$\nUTF8\nd6wNkxBw27q7x3mJon/dNDCGHsfvzbkenfHsGOhw4gxceeN218r2MqDecBvyB366Jg/y6ep2mzAk\ne003CufWqBshgr82maPp07s4+iTA+pKJNp59Txgt9Miab+Zy6/FSCZepnkGM1SvJCcajZbDzB739\nXtXjcbMpT8KFVP9JsZfv+lJ50VIU2SG0s6nNSp0oqWhdb8M=\n$__EDBwrapped__$
P	utl_smtp	noop	Schema: utl_smtp\nName: noop\nResult data type: \nArgument data types: INOUT c utl_smtp.connection\nType: proc\nVolatility: volatile\nParallel: unsafe\nOwner: enterprisedb\nSecurity: invoker\nLanguage: edbspl\nSource code:\n$__EDBwrapped__$$PROTOCOL2$\nUTF8\nd8Y9KvOm6B7V9oiCJ5l3Jza7cnfci/YAJCftbSGr2OrTck0f9uukS3fWViiUMso4CdE3vD0aorIj\ncso0Z3hkezAJaTg0EeaOxx+c4D00InV4jRAnrw+r8gbpd+28Es9BfhESKu6mE50F7Rqhu+jW6kuT\nW1krsgW86j6hE+9GKg6QhOAUg6QrCqjarUHsTBwNediPcqzQw1t7CuEl92rCgapsbh5ekG30zWrl\nhtumF1pyYcXWLZSUugK0wIRLt2Tq+qBZqdVIGV6O1OJGVY8=\n$__EDBwrapped__$
F	utl_smtp	noop	Schema: utl_smtp\nName: noop\nResult data type: utl_smtp.reply\nArgument data types: INOUT c utl_smtp.connection\nType: func\nVolatility: volatile\nParallel: unsafe\nOwner: enterprisedb\nSecurity: invoker\nLanguage: edbspl\nSource code:\n$__EDBwrapped__$$PROTOCOL2$\nUTF8\nd8pB/3n8hiwuWOyDPqujAgzvaaCPuKzwIsD4tIpFXLA2TloinIY6TZAbZH/s8aAQ79TqXeNRh/DA\nOQRJuhZMD8inugxNwLQOh/lvGwXtuf1Ya+0zWY94ZIJlxNXyoBugem9DpiC0MyZIxP/vcpOfTRyr\ncn04qNPx3Fd2Jj3MVGNV\n$__EDBwrapped__$
P	utl_smtp	open_data	Schema: utl_smtp\nName: open_data\nResult data type: \nArgument data types: INOUT c utl_smtp.connection\nType: proc\nVolatility: volatile\nParallel: unsafe\nOwner: enterprisedb\nSecurity: invoker\nLanguage: edbspl\nSource code:\n$__EDBwrapped__$$PROTOCOL2$\nUTF8\nd1ev6Ln1fqISs2cpWKEy9/36zFXfPKID2p17rQcGAlqfyQzLMJE2yH8Q0x/SIaqYEifAPKaTuM5d\noft5f+rqZyI+XovAFg8Pe7GwURioMQxK8ccKdd/aNkdEti3ojEl9KekXP0CiYNqe5z3ngByoCFyw\nJ4SqwSmLRJAeeMGzO2U6tOnCSEjmfHH/T6i4hEKyb5uJYXVoND+ez7E5tjS7aLq8TJzAWuudb57X\ns0yTvbniS8Pj+EIVtCGZq8OHxkTXQXuF2pROMqpWblm14cBdW+JC\n$__EDBwrapped__$
F	utl_smtp	open_data	Schema: utl_smtp\nName: open_data\nResult data type: utl_smtp.reply\nArgument data types: INOUT c utl_smtp.connection\nType: func\nVolatility: volatile\nParallel: unsafe\nOwner: enterprisedb\nSecurity: invoker\nLanguage: edbspl\nSource code:\n$__EDBwrapped__$$PROTOCOL2$\nUTF8\nd9XvpmxhZDT9346KBBmfB8ov5dcM1xdQditOSN2AmkKqgeUO+7ep5yGfciUbyawyaJ6e8yr/24MS\n3UE7lC2HFc+NFkbDJffxCa3NLS7TRti/ub9nM/yClEE1I/JYV00flrZjMZLYaqXXQvvRBbM5EeDh\nk6aYO/6x5f/wNSTlKg3BzyV4MYA=\n$__EDBwrapped__$
P	utl_smtp	write_data	Schema: utl_smtp\nName: write_data\nResult data type: \nArgument data types: INOUT c utl_smtp.connection, IN data character varying\nType: proc\nVolatility: volatile\nParallel: unsafe\nOwner: enterprisedb\nSecurity: invoker\nLanguage: edbspl\nSource code:\n$__EDBwrapped__$$PROTOCOL2$\nUTF8\nd6jJPAH+8fUZmYKMtbWmXDmF8OBPcUMi/tT8lwamviZWVDCtySvo6Q1DpHLUIMvNuj3DeMZ8/MpH\nPHDnkU/KvCuoY5MMqlc6+iXp0VRluiSfQ8aayZjUpQHiEYzmzO6efHRO8zh1lwa3pFozPfzhpPwu\niatp+Gql/D8Stdeip/j7fj4/G/WLV5908r5BnUgr7/FN9IoFoetTABjP/Jwlm1ufnMmdzCeXxgOy\nKCIJ+/jp5lOl2qanaN4dl+kqYSXvpVDfeze1y/L3aNx7ovwf1VNUh0jUFmU4UhGo0BOmZjSHgnNl\nD0WhBXpODkVmlXOakW4yPPJTYCFyA6mSSNHqqrsSh1WBrNi1rICOb/uD5FEoBYosjKe9xZv6L163\njO6Lcz/SYxt+xqYL+K+bP+uqjk/AvXxeJ8oZHVzaV6iC2Qvgdvzuh3+nqWTNe41thTKnWukRsQWy\no8gRmy5PZwPuLq4zQdbYTMuC4ViC3nO/6of7y0tie8t9n3RCQQePF/dplOLA7k/2UfNhixO9HzCJ\nOV5/h5NWheWaEFP31fH5XC/FOq/3D1wgqa2dUcjqaNWVddlIOatvHZ+5IY9Gx/OCHAAd3cNZIifr\nl8kGfBQUAdnbyTow2c05U+SZM+IMwUZ1DI/Jy5PkCNbQPk265sajCn6pm8qXo5P6QHk4J4vU8Gxl\nCshiHp306PyUv5cidb3qZ+3vGwt7KDPvvSzpUnNs24nGl9XAdTrJGg1zKQYciHbJu+rOJq7eX4Bf\n30hLpp7lWAP7uRqRqWa7nnKSwQY4dzjr5wlqUBm0mPZBQL4u/hvWcuWPHcKM69pXzW9myWe+yzxS\nQ1+k/xrd\n$__EDBwrapped__$
P	utl_smtp	close_data	Schema: utl_smtp\nName: close_data\nResult data type: \nArgument data types: INOUT c utl_smtp.connection\nType: proc\nVolatility: volatile\nParallel: unsafe\nOwner: enterprisedb\nSecurity: invoker\nLanguage: edbspl\nSource code:\n$__EDBwrapped__$$PROTOCOL2$\nUTF8\nd3/qEhYTwxHxpiKhQ67ltpWToxevWW8T9gpmcOBk/bc4/7oNLQtK4A8fjWZoBAGNx0e+KSDCiVw9\nC2s2nFKSFVTjrqaX2Xuz73ncnHKkPLhA0/D2VwJZP7FbDBeY9hekiAFEj3OyIZndWT5dvTK49fwI\nyr9JiLwBImKHXN9HJVpYjJ8l96fmMPAOWyAqej4hmYF+/jIs+ExlJEetvpy4VEHFaimsLLAsM0t0\nLKouWUW0kIb+N606/B08pFJOPui7BUi59PKqZNKh0lpjte35QoQ85g==\n$__EDBwrapped__$
F	utl_smtp	close_data	Schema: utl_smtp\nName: close_data\nResult data type: utl_smtp.reply\nArgument data types: INOUT c utl_smtp.connection\nType: func\nVolatility: volatile\nParallel: unsafe\nOwner: enterprisedb\nSecurity: invoker\nLanguage: edbspl\nSource code:\n$__EDBwrapped__$$PROTOCOL2$\nUTF8\nd0g6jJ8PYXsA9F55U27H1sslc75lElx/CLdcqOL6XZxYzLRJY8UnNoclwNONndDOE7n9if/CHXpO\nUXf0muM6jGq1Tw1FIPPLsnuvFL8Oq90bExeMEZov/RUcqPZyoLxwUxz2GgHTQygLJyq17aFAuRdF\nGdBNYBp3FFlqqBhelHmvhE6MVmz0\n$__EDBwrapped__$
P	utl_smtp	data	Schema: utl_smtp\nName: data\nResult data type: \nArgument data types: INOUT c utl_smtp.connection, IN body character varying\nType: proc\nVolatility: volatile\nParallel: unsafe\nOwner: enterprisedb\nSecurity: invoker\nLanguage: edbspl\nSource code:\n$__EDBwrapped__$$PROTOCOL2$\nUTF8\nd57Ee0HtTSqq2W6KwKneqyUYoMvGLd2QNEB/o7QBfoXiLa4RKtrjmlNjG3U6XTAx+wpyPGPaEn9u\nyde/6WfIhoGcWtDHI8brHWtkP8rM6hLLkRamRen+Pg8j5WBszfRG3S09FbmNO8SUZq/ZkRnHpfdH\n6VZunWAYrdKFmbJRhi1gkB1bTVCdqLHmBmTrtlix223gpk0RhcV9sRM6i/cYSldNdFGw/NUfAkI1\nSNAPdUaZ1JKbh8XBQuo7X9MC4BywDJeUXiQnWhDYjH/+M5nsD0e/tg==\n$__EDBwrapped__$
F	utl_smtp	data	Schema: utl_smtp\nName: data\nResult data type: utl_smtp.reply\nArgument data types: INOUT c utl_smtp.connection, body character varying\nType: func\nVolatility: volatile\nParallel: unsafe\nOwner: enterprisedb\nSecurity: invoker\nLanguage: edbspl\nSource code:\n$__EDBwrapped__$$PROTOCOL2$\nUTF8\nd3HLyi4/fjxr8PDmFYg/I9cTALnxg2lkbmU3JstlaorJQlMYBGFDM7GOwJFZgtokbyVnzkv2O8sw\nQPhXZEwsYBsslhObHWjJ2289Pg98fIv9oWLYgt0xKr9Zkz3dLnqcWHjJm5Pa08H29cNWKR4KN1cs\nmoUXOFKyLQez/RolxpwvUs+bZ0x+\n$__EDBwrapped__$
P	utl_smtp	quit	Schema: utl_smtp\nName: quit\nResult data type: \nArgument data types: INOUT c utl_smtp.connection\nType: proc\nVolatility: volatile\nParallel: unsafe\nOwner: enterprisedb\nSecurity: invoker\nLanguage: edbspl\nSource code:\n$__EDBwrapped__$$PROTOCOL2$\nUTF8\nd2VD/2UpdWsdc5jKjMnb8yyn+01OnnpxAnzWoyjD8JmA3xNGcxkEaXYfuUTQiYvlyDuP4KXMiYJ5\n+DcRuMm+Z3+IFqzn9bpUbqHFJ1Sya9KlunTgSdJQ17HRVjmlTKaPHOy42/mzT8mTMQb1/75JDf8s\n8QZiAfXiu6ydjfc0r4LizbQHlxYRJoUPOqCYFS2SR8gIB1CFcxBJbjOTKtSCvQUldmVYlpJYBtWj\nOw0z+4RWXrx/uGCmridZLAc8IjI2sw==\n$__EDBwrapped__$
F	utl_smtp	quit	Schema: utl_smtp\nName: quit\nResult data type: utl_smtp.reply\nArgument data types: INOUT c utl_smtp.connection\nType: func\nVolatility: volatile\nParallel: unsafe\nOwner: enterprisedb\nSecurity: invoker\nLanguage: edbspl\nSource code:\n$__EDBwrapped__$$PROTOCOL2$\nUTF8\ndz3fadaS79WevPQLUHpIxTxU7liNB8IvvW8gm/rXQJaWxnz/qpoW7krdMt+8KvYkQ37rbfzgdMqI\n+5jjnopUal7Fjgqta1LB0OKwDe8/hk/a2Fs7OO0EDj+XtLLW/C/UMPn2e0QuTvaR/TbCD7kwAjxJ\nHb7NNK03+9PjwK1q2hqo\n$__EDBwrapped__$
P	utl_smtp	rcpt	Schema: utl_smtp\nName: rcpt\nResult data type: \nArgument data types: INOUT c utl_smtp.connection, IN recipient character varying, IN parameters character varying DEFAULT NULL::character varying\nType: proc\nVolatility: volatile\nParallel: unsafe\nOwner: enterprisedb\nSecurity: invoker\nLanguage: edbspl\nSource code:\n$__EDBwrapped__$$PROTOCOL2$\nUTF8\nd5kwJYlDsyUZvf7NvHo089FQZTUSLdJF3RYviMASPFIfHVg/W51tdfsQKxQRYQRspRV3q0Y2zA7f\nlwsRBa0LtYZe1WZrICbbeSgHXZciMTlwd1jBYc/L88eQiPA4f2+Wyl0Gmd3WhBkqfJ+3kKwBcZQW\nAgMSly7fHVVdgKOugx6OrKww8TV8l6AD1cMVwA1FUZStHiMBvgw8ctMsLZ6y+fsIpA7RwY/fui2n\n9GtAvDj+HNThOBc7fwEO0mTA/hPPwqmRalZcwQPs3CHkVp202exP/HsSCN4yBU+gUvFy\n$__EDBwrapped__$
F	utl_smtp	rcpt	Schema: utl_smtp\nName: rcpt\nResult data type: utl_smtp.reply\nArgument data types: INOUT c utl_smtp.connection, recipient character varying, parameters character varying DEFAULT NULL::character varying\nType: func\nVolatility: volatile\nParallel: unsafe\nOwner: enterprisedb\nSecurity: invoker\nLanguage: edbspl\nSource code:\n$__EDBwrapped__$$PROTOCOL2$\nUTF8\nd9MiZTl223CD7OADQySivLaPbDq7uV9p8yP56F8In2XoI7Kq4bOT+IzW5Jc5qBDtqpjk2654BWkz\nxgxp08uz/iTAE1i0jX1lATqBI/T6ww1d8KdXWrIxLVBTv+9QJ9TDpR6EgR/n+BPF/e0bZroXDnv9\nK91UaMM/czKEcHdwk8nZS8fg7mOTA0b6Jv1+r2DVJ52DCvhPNg==\n$__EDBwrapped__$
P	utl_smtp	rset	Schema: utl_smtp\nName: rset\nResult data type: \nArgument data types: INOUT c utl_smtp.connection\nType: proc\nVolatility: volatile\nParallel: unsafe\nOwner: enterprisedb\nSecurity: invoker\nLanguage: edbspl\nSource code:\n$__EDBwrapped__$$PROTOCOL2$\nUTF8\ndzF/zO4Ap+V0w7G8XbAKxJl4elii8lmNZzJcu8XrZJyAbr8phjk9Nz9Sk7e/gziQ5gFM6P+bTBpx\nasltqwzPrqE/D3Wg4xlloObtWw6WnodQc0Ofd65NcYVUjLUMXN93kyCk6u1MsWm6gq0b94hWAFZI\nZ9km/LzKRV0Sx6q6eVB6JpCscglrs/xspwowR/5pUXKaNknMPI6V5WaxW3jBvUDnvLsFfGLUXanl\nibDa/Qr8ZR5JzWf8wvkn78WdDvq15hE8GQ4aUmlDvHicWA==\n$__EDBwrapped__$
F	utl_smtp	rset	Schema: utl_smtp\nName: rset\nResult data type: utl_smtp.reply\nArgument data types: INOUT c utl_smtp.connection\nType: func\nVolatility: volatile\nParallel: unsafe\nOwner: enterprisedb\nSecurity: invoker\nLanguage: edbspl\nSource code:\n$__EDBwrapped__$$PROTOCOL2$\nUTF8\ndzbxjoTaCcBxjgOPkvPwCPlJmhOTk3FxXWSOk9a6wB4rUTh+7jv3EHJv81R6Gk98HzAMbMXI0aLt\ns2PnpTmgYmZWOjLUbIfNcVodK38hMmEJS/ANB2qLV6TdyPygBDR/bTd+XsYqL1WwetqvlU2dRkdd\n8FpTyNCUzDQhbRoH6hzm\n$__EDBwrapped__$
F	utl_smtp	vrfy	Schema: utl_smtp\nName: vrfy\nResult data type: utl_smtp.reply\nArgument data types: INOUT c utl_smtp.connection, recipient character varying\nType: func\nVolatility: volatile\nParallel: unsafe\nOwner: enterprisedb\nSecurity: invoker\nLanguage: edbspl\nSource code:\n$__EDBwrapped__$$PROTOCOL2$\nUTF8\nd2CxngBSH+LtcD/n3Csaw9sTPLAyRaEv5wjskE9If4B5jhpEyduqswIQMpV2T7voRvNCfLYz3tBU\nQUGiXvhsOFiDOV6/UxEQGNnJy76gtJHNboI4VDMIAQzmopYZIhNpxbRXDwuhG/BLvEEjGpm42chz\nJmZUNOzRGXHg5Gds95Nfwd4XoBe2tBdEYK9YqP+PGVERPy6YRGm9ylmtiImUCBanbXvEhd1CDaqi\nUnisOd3m+29nFHjAmUuQF1nt/xmMKYOEzgxNId0fzM65bCNBsC904agPhyIjSEKj5jczCfPGUTD0\nUwtmxoWnqqofDuivsj06lbcQFTZE/vvcrYoX+mst053ptmy3iQDZrS6o6SLgjmHD1A+bvLRiwG31\npYCbYoXrwF6rEOqcLTE6nYpveyMbI9nyzxRkDpWtMRnOyFRZ/+FkCMjOzTQf4j5ifPCSmEPtobYU\nhsppKuF0T8Xp\n$__EDBwrapped__$
F	utl_smtp	help	Schema: utl_smtp\nName: help\nResult data type: utl_smtp.replies\nArgument data types: INOUT c utl_smtp.connection, command character varying DEFAULT NULL::character varying\nType: func\nVolatility: volatile\nParallel: unsafe\nOwner: enterprisedb\nSecurity: invoker\nLanguage: edbspl\nSource code:\n$__EDBwrapped__$$PROTOCOL2$\nUTF8\nd6NmJnrLNjUOYvZ5sTlEyyofodtD1GvAGvgBeB+GG4EvQiOWUZ36B8f9ibnpkxGKictTtv5ZhCZO\n3gmXNwBtYUvJeBYu7GeI5AGf8j4++0amwtzSdc5IQnT9PXflqiO9FKD1bsUxQ/l+MjgMLp3nq+jM\nsFf8FHS9lpKczkgfTx6x8oqMPz8Z5xuwLQ4/r940g95iGcBqygibCArhCAiZHUNQ3tKYYkxm+PgU\ntqtMGuHpylCSHkq2gC+5+iY+OWAE1Q9PFF3nDlNsknpJrgk0ubROVk8PV0LXF/0tVoQvnuz/h0GL\n75RH67FE7/Xg8pqs/LIUv1Ir6eibKePXolDk2ahcUOphikcG95aXrKmVWYO5Iid4t7QASJT85g30\n6GpNJ8sSBzHPGlFwMTBro2OB2xrUXVybwE7E\n$__EDBwrapped__$
F	utl_mail	imp_generate_boundary_text	Schema: utl_mail\nName: imp_generate_boundary_text\nResult data type: character varying\nArgument data types: \nType: func\nVolatility: volatile\nParallel: unsafe\nOwner: enterprisedb\nSecurity: invoker\nLanguage: edbspl\nSource code:\n$__EDBwrapped__$$PROTOCOL2$\nUTF8\nd1ZJ2eXWGmH0vLDa0+AJFGfv8pP65M042wUQQiD6qNiDcyDUewfFYXuK0h2NRuBHrtqMDgc1bbEl\n0TnGSh3WUZ9606NsLBVd4eMHrg/7ifKwN4JO1bGVAdEjWKv3TO7zmXMy6R+/SQeDoM7g7DVAmEir\nmqmIUEfyNJXud2t3wLV7FIkR0XK6VbWOQL2JRQl2cSE3bPzXIbDm9hPb2JIjNU1S4T+arHeatomG\nSMsJLKoWvwLS1wEujZgpIl8Zk7ANLvXluIuM3qi59+v7zgOkfacqy6Zs1VYhgQ0JvLNPCkJLT52R\nKYANbZdw1u/OQdYqUG5PoDA7A4G08SyvZgxnQqg5NfbqIcSAqIUUykjxHTvsT6Ib/Tc6LlTzh/k2\nofgMzlYwMbbYSn9KqIlgOLyH4MiFWBnq2ftTfqFFlie2F+0BfZgjLqtvrKajYkFrAag5rq5EsX5K\n/VGczmeOm/bb+SuCpfoNlyqPv/FDpzidD2P80Bw=\n$__EDBwrapped__$
P	utl_mail	imp_prepare	Schema: utl_mail\nName: imp_prepare\nResult data type: \nArgument data types: IN sender character varying, OUT conn utl_smtp.connection\nType: proc\nVolatility: volatile\nParallel: unsafe\nOwner: enterprisedb\nSecurity: invoker\nLanguage: edbspl\nSource code:\n$__EDBwrapped__$$PROTOCOL2$\nUTF8\nd60M04vblnpwwx2XaSCn4DoI/YyKeHc4gDVeFuxlcdEDvNPTPP6CCOV/f9gEF27YgfbGJGcoUIZY\nqWA7994BKM0+jL8ZS1kWu1H25BF0HtEWylvAk+6KLbmXN+Z90PAR2FcKpIyReNSeySBpJLBk3NEF\n69e9MV55ee/1tp+Jr4kAdxzZjsWbUQVXSW/lMqRnX+7aXAhPF6N8FlcIwBIgHlWQGawkNgyOKh71\nDZAwGbtG47t22C4DcxAPBSQm1Pc4VXtY+H3u/m529Lv1XSnlKPh/NpoS4+fY+cEpjuqrPOi0tVUc\n6kyykYIjOmiBkfGFXy5teavmrYS6VyTi+IcnRkDExoi1z+WWgYI+S1U9Rf916qf4y6zg/YmfwnUu\nL5kWS2Uu8tjcuLnQRAtmlNLOvvKmoKcp70MuNeBD6EX3omeXVUR+Rl/kgkiK0/sI0fMHHbltmech\nUQJsI4YVDnTnAYwAi6FT3EQPoUcap53fL2KAg+UB2maLh9+f65llqTWqmslSlxXPjG/k8ZoDwuyz\nugkwSK2Ly6gvnpA+NVgBHP9rc8x7xmwziYXC64VSnDWyUbyKrd7Cj38L/hH3qtdNbLqNY8FBY3wl\n/rkNjpumrG4BYop0g5fJWNWeJ0gXQnpFWYJUUY+BIfofjNtOhjLGbpYJD1sThIxc8tq+LO1bZ+VB\nTWr8esZbwyXNHWJLtEmaKVykaC6/C+pNanmSDf+CNbkXmYsflCltaaRtmVq8nVA50Qe0Fjo2Y8QN\nJvavOJEldzGCa0wHsU0fNFCnI+jC3zhCIKVbdNoMnIxy5No1ubpLVKvqEO+iBwdm6gHv1C/SezUf\nNhPFQSVWdHzqtgWQEc21YmSmR9wiGtCQehgpaoKm/6zF/5m9nisumghqJ7maHGu+UwOM2YDy95Pm\n1STuNcrvqeGKHq3WOPtJhmfAICEyWEUdDiiQ86o3G49rHRqVMo/m9m0w7VJ88vgRIg5HxH6QdZ1+\nN8Jp7xs7ssHzkXd/S9uOblsltM0TCmES1BsB/S8i+g+XQJgf9qEkht8zkmYb4pbrxwGWIDJ6B8Pi\nQSp0eyzhIXyz/w5AUtYcdAsxNQISc4iL0wUAhjTSiShRcQab7envUsPvXSFWbwQl5Vo8zcNdM6hb\nbrCLZI8aYb652l4mokcRfI1WeMAFEtA2k2pipkGS5sB6ak6DhcnQPkmPRv07JKySEjkvarshcaAw\nmvam7IFOHlRta2EyxHEEgUFciN5A/iawPMMq7uNSk82DrSUwjtE12jXMoOPyOHef/SHqrUKmzZFr\nvEbWEAeLalXoOvJH1FQszdMnFG1snntzf+0fMoU=\n$__EDBwrapped__$
P	utl_mail	imp_separate_address	Schema: utl_mail\nName: imp_separate_address\nResult data type: \nArgument data types: INOUT commaseparatedaddresses character varying, OUT separatedaddress character varying, OUT moreaddressesfollow boolean\nType: proc\nVolatility: volatile\nParallel: unsafe\nOwner: enterprisedb\nSecurity: invoker\nLanguage: edbspl\nSource code:\n$__EDBwrapped__$$PROTOCOL2$\nUTF8\nd+2L256cY4g+A5/tmCPQSX1AxXk+DG+fx/rTTbBlJcTao28aPfBpUkUbbNPa+H4oQR5aj0brqG1I\n4/K/iB4n9/QZLH1d6n+3QblbBvdS7HFcxmROWpgpZNVWAZyxrX95vGj+XtWEJCsoFbgV6O63oUht\n72z3TnK9/6cXV/+429y0qZp9LNFDCTvKX9td7UNAQmjmSZZgxS2QoB2+kp+v9xM2DZ7hGjwFdiFk\nE8rLtXUqAvPeuuGsM7RJeklkI6lCD/0T0qfk3pB3WLIAjhML5gRB2x3NJ3uHcm+fpTjOlb8PZwP6\noxP2UiYabkQ4X58oDCVcCODC5WHKIF5Q1B5x1PLtdT1a1nKMLjh/2+6+dmFGDMwv7WUteLJc+gm5\nK6G7aD5+NIjokZoUd/EMEu7EADpqVsXl4r0fSgf1oa7A4DUlrdNiJNFAf/1XuKkCE85sC1dhorrf\nIxZ3HaZ9ng31hVc8Qi4iG8Er/XzUnd51iWvzxFDlP3NW1/CjRr2JdWgANRZvhbDC23z0HxHimuyv\npc6yY9CMLJXZt+Qh2vKlNKZdjAB0/DtMcoOgObNNUDHQ6BzFF6VZTU33cu/6I6QpL0GW0za8xTqn\nRQ15OeE+vv8=\n$__EDBwrapped__$
P	utl_mail	imp_add_boundary_text_at_end	Schema: utl_mail\nName: imp_add_boundary_text_at_end\nResult data type: \nArgument data types: INOUT conn utl_smtp.connection, IN boundarytext character varying\nType: proc\nVolatility: volatile\nParallel: unsafe\nOwner: enterprisedb\nSecurity: invoker\nLanguage: edbspl\nSource code:\n$__EDBwrapped__$$PROTOCOL2$\nUTF8\ndwgiUUlaaCZWBQQqUMRSwRbvQNA5jR6u4HCW077uM13PUYBZYZwlVZx6y4JbjXoq64AT0zvzQwLx\n37jJ2JYuRkP/VxXL1jHRK8PVp9HGy9ika4SYFaVNxuXJtpcMmFEBK0ZgWTwM/ORQ1PpU3XOiMe30\ncunaw+6BmWObvy8krSjl3yFk6A7sMffan41hPJJq9gBRhe+8IbIXilK6WaMwRERpmr+fKM5mNwce\nwm2G7OjIZhPL8TJmmaV1n9UbqJFkug2LWuXS63nunW8TA/GFfUQbRtaTOrDooUEmTRkq3Gyuo97L\nHQ+hBl7uWmrK1SpJPc0FALWXF1ru4jCE0PSpaBoacYCApncyOSLF\n$__EDBwrapped__$
P	utl_mail	imp_add_recipients	Schema: utl_mail\nName: imp_add_recipients\nResult data type: \nArgument data types: INOUT conn utl_smtp.connection, INOUT commaseparatedaddresses character varying, IN typeofcopy character varying, INOUT messageheader character varying, INOUT addresscount integer\nType: proc\nVolatility: volatile\nParallel: unsafe\nOwner: enterprisedb\nSecurity: invoker\nLanguage: edbspl\nSource code:\n$__EDBwrapped__$$PROTOCOL2$\nUTF8\nd3JYwLqdWdil/EjCNND7WgkbGXVFHgEAJpkHSBDJvLJmWLb8d5lGODNQjGkG3O1clnF7nWQhJjge\nzBR/T40vnDDBxX3JaWCvEczJkVfZc0keB+FbkRO/QRTridiMYe47QWEKoDGdYOVWsViGRh0c6F94\nNxuWa2jJ6VFOGyhiFrwe6+m5d5Mq/cimHAErtvexBzYFzfioIHG4KUgzaY18yf/Uoe2U7+SU9+5G\n5sf2/ChkYxlBsu71cgjTOT4KoaVzdbdx8RE1c3UY+qXzm3YSF8ODpOheEqweK+A0dBn/t+kQdHsG\nBTkZaEZCPAN2EDCbVXxnYySBOn6qTjwn/TzU94o4UwtszOikxpQ7AMBfnSMeIgCoc6UTzQHf+03A\nMSJ8+lAoBGlU1nhnOvXhCfsGDw+qs0laNdXTKdZYJf7lF2HgYLPC8ZlJUcUZW9OnZ7s91oj/PuCf\nsnj8IUeIKNSNwHuskiuGWjpe6UkbYlFLgfcCoMbPZ5c0LM33IW1TXm0pBPwZ5qqQqQQ6LZpSFijj\n4bvAnok=\n$__EDBwrapped__$
P	utl_mail	imp_add_all_recipients	Schema: utl_mail\nName: imp_add_all_recipients\nResult data type: \nArgument data types: INOUT conn utl_smtp.connection, IN sender character varying, INOUT recipientaddresses character varying, INOUT ccaddresses character varying, INOUT bccaddresses character varying\nType: proc\nVolatility: volatile\nParallel: unsafe\nOwner: enterprisedb\nSecurity: invoker\nLanguage: edbspl\nSource code:\n$__EDBwrapped__$$PROTOCOL2$\nUTF8\nd5qtguU8ZHnwdWYEnjwoMrwZ2e7dfK5HmJ+X0ysLYmTq/0b2vxMdLu+4wgi4MpeWi6Ks49zHLddL\noernsVrFPuiqHUFJn/JaqWhzWkfzosIK8JZSIa1rKWs9R7bUmiWhUNzsYpwaob6jLGK1emdiUvPG\nbS3HIbzhiGvdNGoAcKV2o/oNDWGHmQ3nV+dPMGjh20k++vuT74sJ5tFUvYhG36RJG8N4RfY2WwPg\nH94MNZTIaji0/ekOBX121TVpm8WqREKV+jSb5Uyei4sADisgWLA0FYlka4sju5Grs4IM5m5idkqb\nqZiOyjMPLfS+CX5YMGkXvAXvbmDDi7kp6YKEWLux84CztNgBhsnC9+1ZJ4coyx29Dxrc6UHVJoRs\nxpVNTiZM6uOeoI3zB7ADSgxNUSuVYAlxFCdAywGoQ9C7SOANPQ8AkI6gX36cvWGwR6UB3bxbekxr\nWg/RKo37xeTMs8RBcLAZxc8CujYfdffwexBZm7EQa426f42jqCWAKmwdqwq6IroR2h/tQdrFj8fb\nbEvrXSSjdNPnR1fNYIMVcd1dvTJJ6nqeFr1HlEj463CWjMoK0HUnzNditrrgukLtIvFDa1mMP+kN\noDgOYOZvEtHug2hEzxgNPsCSF96yGeG/OyHCpOm10Es3BBflxxJfZjxk1E5nbmCBcgGIt2lz3Q==\n$__EDBwrapped__$
P	utl_mail	imp_fold_and_write_data	Schema: utl_mail\nName: imp_fold_and_write_data\nResult data type: \nArgument data types: INOUT conn utl_smtp.connection, IN data character varying\nType: proc\nVolatility: volatile\nParallel: unsafe\nOwner: enterprisedb\nSecurity: invoker\nLanguage: edbspl\nSource code:\n$__EDBwrapped__$$PROTOCOL2$\nUTF8\nd+0hff8Q52qQ/KAixy3+TYq24vnUY1iZDlY8gDDic/t6nm8vahMF26UBurlkWdo6XzPlSi69ED/U\n4rhq8N/Z6isk8w3OqI3OEOhvIW2+fBWmdOv+DDeHTnIUW3Nm4AnA4Y4bBQy6uOYgQDTwcAoFdYSe\n4r/hyDyu4MmmQwWPE1s4rri6C9TkwW/KsE+fvPiCbPcIdM1TJG/8y/9bThPHEK92Mhyf/xYu9Wzy\npPJWdcza5a9qnILCUuy0y/sdMBKpKPLF3UpLe1N0XdAk5HLI/GjVBOOubbey1ElhRtRXPs4Gn6NL\nES+8BxXqOuDGAUNhJKyvo6PQSjiGBKhP1T8Z3kRqYG4YgTTXvX2dkwZf0vJk7l/KWAfRVZQCrbT4\n0rEzuT2RkpXuOHQnZ6+9Tjkxsfz78SBG+KwQvKkSRJxXf1lWtZnQzw/WeTixuQE2Dlj4RFOUXCTJ\nS/U9XM5oQf3fV7BFUV4sjkrVLHeSe6kNKiyhK/3nvxqVa4Ltnh+hjnaRWM/BclQiS/O1CLu8LE3j\n8k4LCM73O1yD7lMa6zKFGpko/2JtHTgtfMXZmFR5v0v5fkiTBDawtmiGafmOEydOjR3adeKFlrmT\np3cFgYZ5EkLkzVxxCYegM6Sz0OBvx0EowwT+EWgJBy3j4OABEacw2nRpUZl+tW6/rrl1hIoHkV/Z\nrzF9hSd1m93nQwOywVaj74F/mha3yY08LRAOtjLrLW7vzK2pBnnbNOIWnQSQFv8XweDZ8nVF1JJ9\nLfWet8tr3bd13X+jHO1T2A8Cz/u2s9E7jTkTlYxAiQxKYo5pHyL2/rXDtUmuwSQpeeso/jMRe0QD\nySqw6TNLKcTUTPpThQqe1KFHWIwlRz4VFxPeKY99lnp1Tg3sVulfpNzBqmyDuRXCRHuZ6Wgl+Sqe\nRBftjKlIxLiqgUgpxxvkhwu7hIwFO5kftWrzNh0P\n$__EDBwrapped__$
P	utl_mail	imp_add_subject	Schema: utl_mail\nName: imp_add_subject\nResult data type: \nArgument data types: INOUT conn utl_smtp.connection, IN subject character varying\nType: proc\nVolatility: volatile\nParallel: unsafe\nOwner: enterprisedb\nSecurity: invoker\nLanguage: edbspl\nSource code:\n$__EDBwrapped__$$PROTOCOL2$\nUTF8\nd/1CM9u48CmLy1zg7lS/63lsMRNNcukdV8JTXBWmMNb5u7llXUUBDKcscF1S/tzgDX/aqpQotmPy\n1EhABnghsyoeDUvCySkve2Pm/al2RUGB71cMolENTRbj+znMzm7IgZBpEoBuG0UxVXHbFBXnZVFn\nY2xIUE0poHlLogKjRWBkIe2abMFZqGEbjqOpxom1DCe1a+ya+2xB2ONFr+yutwiO8sR4lxHJCgpM\n7+Xrmc0d2ZeUdeaVToNcki9HwcndvPlwc2wE9kLCccx7+ccfc6lQ2IIlazPiQhBc6Knex6eNzEkG\ndf8/ZAFHQpovMCRgzYyBYlXYMGreeSghqb1U8P4e4RCvJs/ddhlzqotZdY2WPE/t4thshgcRikpr\nCTHQUWi/evSQxuN7hSRez38Yoyz6bg/iFsV79cmkxFJM+9HIhmHxFS46aXxaXZZmOc3zaDvb170/\n1px4CAuBNumaEb/+87ekUIjUJODE/l2MkC3kNm/Psc84geTn9Lv7iHbQMF3xlfTs0aPoYNIdZoLB\nfuJzC25d56gPPdugRhLF/rurRdW/YBVwQWdMGOlQKObJWMcJ9aX7+TVT2IEZ9+ODlIwTAa4udhFe\n160BSrn1dLJgyr3KLjpGd7d6ppPREtbubR9Lmwqejw==\n$__EDBwrapped__$
P	utl_mail	imp_add_mime	Schema: utl_mail\nName: imp_add_mime\nResult data type: \nArgument data types: INOUT conn utl_smtp.connection\nType: proc\nVolatility: volatile\nParallel: unsafe\nOwner: enterprisedb\nSecurity: invoker\nLanguage: edbspl\nSource code:\n$__EDBwrapped__$$PROTOCOL2$\nUTF8\nd3mFUNe4rhqQMwCSvCgO9+SEjm2Xpab4rVnPSQEuJm0mZ4vbbTCNxLsm2OrekG4iGwrscCxRVxvQ\nmuL6TAGMzZMK3rQqeSZNjqM3zACuz7NEPZZd1wWp/MsQOzBAcNwCfybsa7d4uaNMJjhHeYaXhDTU\nDhpXFlhV6I3bRW1+ZfYQUJ1n2i5+eLbbhvwlYttQT+hGTdpcOGOmVrmFtYZvSae0nQPDD81+Av/O\nq05YkYbfV5u8Tw+sWIm5Z+Kd7MZIaNM5Pqg6gabMXvSXv9o1lGlBylB9YyTBkcqom6kLsNiiFz1c\nnKEOFnhAuo7VpUY1+zs5vQPtQ6oVcE3LjT2IzShVzEGHUQ==\n$__EDBwrapped__$
P	utl_mail	imp_add_content_type	Schema: utl_mail\nName: imp_add_content_type\nResult data type: \nArgument data types: INOUT conn utl_smtp.connection, IN mime_type character varying\nType: proc\nVolatility: volatile\nParallel: unsafe\nOwner: enterprisedb\nSecurity: invoker\nLanguage: edbspl\nSource code:\n$__EDBwrapped__$$PROTOCOL2$\nUTF8\nd4hINbX72IN7t1mDfEEtjlx6efo7gIFyJCBRmfFhYv8JFnyKjvqi3jV2gekVkT03g3d47B4Baw22\nDKtIEpjkYE8IiYIinSDh+eqtzdrJFeaVopihQvmHxqm+uHDoSJwcTRX1FFc6rhaY43uGDZCPu9C7\n2k18BB9xXg2bIxnTFF54CLWdCdIv411iy/qFLFF/KIcOcP39HLB8F583mxYv6vLMf1So2n+U6SEz\nHlnZmVsRZ21mmtiECvMixmup/y/d2brDSqHfARqs1hQmuvra6hCzApvV1Y7SdfL/jc89m7hfMc8g\nCJLnhDtVJ95YbTFNgdQGB1bkz8NmabI/9NrJuQrLTS9o6f49FkaUOLHJf8jHkHQk4tZDcj7IbcCD\n3gyO8/1QP8PTRF1JyKJ5AUyqH/xE3Yx025v1jNzj5kkOM24eb8NUkKmqptq5U9VD5gpwuM1pog==\n$__EDBwrapped__$
P	utl_mail	imp_add_priority	Schema: utl_mail\nName: imp_add_priority\nResult data type: \nArgument data types: INOUT conn utl_smtp.connection, IN priority integer\nType: proc\nVolatility: volatile\nParallel: unsafe\nOwner: enterprisedb\nSecurity: invoker\nLanguage: edbspl\nSource code:\n$__EDBwrapped__$$PROTOCOL2$\nUTF8\ndzA2MI20OSdTwd7MNjakZqQTIwB59XyHcb1zWGtMJT1T+yEu0wQdUXkWx+y0KVJDklH2Vx8Tf7K3\n8aaQrIXwzMin5yBnl6I3AycNhx34KRTYLowJesjMJMtUPJRbtAljZ99jLEYI1gsR9DMRjIeFAH8h\no276w16ZyGlCw6cq35AgbyN48726/u/fxikJOo68Z6uYn8IenIaH2rCtGKsX6l2gbh2lBpprgdec\nG1x/cWizGO/229lkHixXvAIjltd1+++KUhLF+10O1SSF5/6S+wnQrYBtrKUTJnatTbAm6Orfagvd\nrHARUwSHEOkFwhKAeXx8OGwQYkuAVX14ATX8FnWN3mJ9hFi9U3JDsgPZAFjtWqRRHCyxcURwLpZh\nBdey0ixjUH9WsqNHYHOUbg6QeNTFVHRdzQpkt99Xx8SxlRaEeNSPRiOBG1MWzdInMFy75mOFwq97\nlQO0JBGqI7sJzLIgkwRtzlEqx4y0lldgBdJSAWky705AKi0yJgRdj5XOIqTJZDmh3FKEwnvS1wEI\neGuCBl5SKe3srme+wMLfaSdNPUYzoo38+KTJVhqThWULCkRAyhkb9sx94PlEGRF86oOVGNCVjtFQ\nM7KcE04Q8iRy6C20YJjQcjbWL1k=\n$__EDBwrapped__$
P	utl_mail	imp_add_boundary_text	Schema: utl_mail\nName: imp_add_boundary_text\nResult data type: \nArgument data types: INOUT conn utl_smtp.connection, IN boundarytext character varying\nType: proc\nVolatility: volatile\nParallel: unsafe\nOwner: enterprisedb\nSecurity: invoker\nLanguage: edbspl\nSource code:\n$__EDBwrapped__$$PROTOCOL2$\nUTF8\ndxUJ6GyYYsgaImFxerNPoa+hkNVayKuqNYIbmv0WFRhv0LUZbcoRt0VB9JGpn8U0ua7g/ZgZK1hk\nhzQd0TMrl4AVvKM5jxelU+6t+hdPQW5E5J75mUYuzvAlvBoORDPKk53+Bp60gDnPbZopIyiVJRgj\nJ52UGT/CJdciFrpMvpwljG90tlM4DIwq7scIbgvQD3JjtalAMIrOoye5FWnNNpfpLzsWbv+6XHHK\n7TEWQO/5y52MQ35tycz5rfxpQuPOBWZnw90ggWFDU7zugd57eB/n8RF8kQ4bvRJO7QeS7CJqVB4Z\n1AesqPT5Q2rndHbT5muCLs7FGwA3gLpaEyawgD/0LMV58w8=\n$__EDBwrapped__$
P	utl_mail	imp_add_content_disposition	Schema: utl_mail\nName: imp_add_content_disposition\nResult data type: \nArgument data types: INOUT conn utl_smtp.connection, IN att_inline boolean, IN att_filename character varying\nType: proc\nVolatility: volatile\nParallel: unsafe\nOwner: enterprisedb\nSecurity: invoker\nLanguage: edbspl\nSource code:\n$__EDBwrapped__$$PROTOCOL2$\nUTF8\nd98PnrkBEQRVNKFB3TcAUBZe9ngsQx8lFWj1AkPAmgmlI6ddMNwZ1fnLIvtPf7EWO9wWqaq27LAy\n0tbewA3lKwDHIywv717r9ILiIc3voUnmYS8NkViOCkLNVrKlXDY1ntP1yuZ8yksTjWOho6MjTM/o\npRPiGA0UfqbHwTaqqOtvxQjG0dlsypTqbEZ9YC2sadSH3k9FfutTQiqYRfZ9h9hvUlQgjG9fc2/1\nLv9tm5NL0zQ9R+3a3Ju1WLukLBmprcJ6/5iN4QJ9XMRMXeabYsMQXD1XM3dsCvOmsEbKbBtnwIwh\nfJyN4O45aKKF6M0TbMHBjQG1dKkekSxxbv9l3CyowgHRkWA2I4sVb3bPLr1XEr4MJdc+0k4t5ORI\nblb6IgJEP5MLxhvTBA9x7Le3cAnTL49pCC0x6F9P93oJhck1hM5RNV0hRMnlspxgokWmpk3VsoYC\n/FxDhVZJkYjFvPpA6Rfm5kOpFg==\n$__EDBwrapped__$
P	utl_mail	imp_add_boundary_text_and_mimetype	Schema: utl_mail\nName: imp_add_boundary_text_and_mimetype\nResult data type: \nArgument data types: INOUT conn utl_smtp.connection, OUT boundarytext character varying, IN mime_type character varying\nType: proc\nVolatility: volatile\nParallel: unsafe\nOwner: enterprisedb\nSecurity: invoker\nLanguage: edbspl\nSource code:\n$__EDBwrapped__$$PROTOCOL2$\nUTF8\nd7T8ZyzEJc/QNoDUwNFZMgZTjhmQx/ylUC0xOTX2kkcKVlcgPyacHeJtnsrcXDHFpK32ZYM4DXru\n3kohO7N8U4N6Zqk1YhuAkTL+cU2Q/6Zu7pybQhlfvhdMdqgl/cYvkZqJHdyT/bWmeuMm39/vf4sq\nJbNsFyUEJ7liJg5J8aIGvcc51to9Rx88r691S99R1IZJEL6WE7dYQDMZrQzFcqBO5RxRr4DWeT57\nLIkNexG5yCId9hSd+l9M1qgt9+9Kep78LpNGoyJ3BS5/Z6UHTYdq07B4eIKGRrh9EoqUrMv7ua6Q\nzo1s2HJ/SCchqwnWD3rlc378E0xJHzRGOnrOO4u+NJle9Mzb79s+OPefD0cXlLCUv7uHiLn6Ok3w\nV18aykJ76bVLc7Hq2a9+JCVHANr6R1HxiPEp90ZSGJ0/Ls6tNg==\n$__EDBwrapped__$
P	utl_mail	imp_perform_attachment_tasks	Schema: utl_mail\nName: imp_perform_attachment_tasks\nResult data type: \nArgument data types: INOUT conn utl_smtp.connection, IN boundarytext character varying, IN att_mime_type character varying, IN att_inline boolean, IN att_filename character varying\nType: proc\nVolatility: volatile\nParallel: unsafe\nOwner: enterprisedb\nSecurity: invoker\nLanguage: edbspl\nSource code:\n$__EDBwrapped__$$PROTOCOL2$\nUTF8\ndz354dlfflKlTi/lDf4yXueWYIo1ex/oCRhrwouBg9V7NWL69vXe5QugocDLUXim+zUo2cZshhlu\nupKAbK9ll/252H4fHMK9bX56A4Bg6gS2p0VPxgttZm0FE26oGsIJONzfwcctmpb97xawVVncn96K\npjS9ze6czj43TSyPHf//mAKlU4bzESAV+0X8VpTciX256eKm5Su2DUJRqlrMUBEG6IiM5UvRVfoG\ngwjENoi3jDMeBe7vEwk2Y4nnZNg1f4x4/EcuB0rc/h+KVNp++AQWWgMzHgAA0T88iUcoYB8fhj0/\n99mMWaonZFYSJtNGXy8EFweYkJzL/ge8pDgLDZn+XcGTsXIPeAVscntZSPjyAGM0khONFYM3eEAn\nCHuTeeqrDvCGBA==\n$__EDBwrapped__$
P	utl_mail	imp_add_content_transfer_encoding	Schema: utl_mail\nName: imp_add_content_transfer_encoding\nResult data type: \nArgument data types: INOUT conn utl_smtp.connection, IN encoding character varying\nType: proc\nVolatility: volatile\nParallel: unsafe\nOwner: enterprisedb\nSecurity: invoker\nLanguage: edbspl\nSource code:\n$__EDBwrapped__$$PROTOCOL2$\nUTF8\nd3d4SnJezJeU5/qDHCIH1knBZ2Wh2YcwxNZ2fi+PUWcrL14Ff2tjySNionSA/MGuVXLwQBTqQByu\nlCLFx016nZ7QzM3ukyLhvsoq44ZW1WByehwhyVBR1cFpSxVFOuTqvw431Nxbg/suYQm9wu+hiKa4\n5mFrdCQGTsiPaPEXJW7c9+eMaJFit4wYj4b2v13QwQ0QXLLWW3XPOq69KV5yZVQTjZVWmE+QFOJm\ntBHZK0T3MYqWqq1or296TQl0oQE0hiIm+m7AGbyXZyMns9dPjIpc0+qk5Vh0+frBu+u8yXOXy/F+\nIKT7H11EIV/gYTqDUA8VfcFJr4jJP8xkbqgp+u+sBmhuZlRV7ZrkZ7+LQQ==\n$__EDBwrapped__$
P	utl_mail	imp_perform_initial_tasks	Schema: utl_mail\nName: imp_perform_initial_tasks\nResult data type: \nArgument data types: INOUT conn utl_smtp.connection, IN sender character varying, INOUT recipients character varying, INOUT cc character varying, INOUT bcc character varying, IN subject character varying, IN priority integer\nType: proc\nVolatility: volatile\nParallel: unsafe\nOwner: enterprisedb\nSecurity: invoker\nLanguage: edbspl\nSource code:\n$__EDBwrapped__$$PROTOCOL2$\nUTF8\nd16YgRdnBOSs08W2pNXozv6j4dF8kHYjzd0i5OkQqmzrU5VtA2MG8hXo9ZnXJjJMam4fGK+f1bp7\nTJXRjf+m3CrBVpiRPc8T8JZxELb/OLct1Q7JVSRe3WZ2n3BPJ3kJA9x0xzeJzuWSMPJIi951oUG0\nRJ5fpVAvQpzNEvoPTF8Z7+jo00pU0ANTmkosLprDePTg09sUFTS6kYDIRFHUZdE09ZsTF0WHSik8\nDrK4LEP07LETpiOb8lDjkuSL3K2CqX2LxfOEPjTO7bpC4K9N5Rx4YaPd1iyOYJS13nQ2yMVIiS3k\nZXDoyKAcHwfXLr6c9kkFkXam79WeVUs3yttiGembFgYf/RkMWIY76gcLE/SirPA31XN/MuryVlce\ngEW1tVr7W0tN50UUtZkGZyjv2x0OgIRgt2KPPUjh3JErvizcqnWeNhB97llnaTSTUjAJPfjV2i2N\n84S8SjH5cCA2UDXalxBDn3w6AWpdIE6FlfIKbv0BWsvakeMYdcvTnq5UHhDsm4ZRPupEyz09BzPn\nf4SB7uh/b9em\n$__EDBwrapped__$
P	utl_mail	imp_perform_final_tasks	Schema: utl_mail\nName: imp_perform_final_tasks\nResult data type: \nArgument data types: INOUT conn utl_smtp.connection\nType: proc\nVolatility: volatile\nParallel: unsafe\nOwner: enterprisedb\nSecurity: invoker\nLanguage: edbspl\nSource code:\n$__EDBwrapped__$$PROTOCOL2$\nUTF8\nd39mKY03TjPl///KpQkatJ354D/0zpLsf2ODqfwBLAOvtRYQaiUaKb/ORPVEd1UPnGWUozk+MPuU\nOBvOcT7z2HwHCoVbdc3mLz02gHtu6cOyDPir592fdLwojHQW1Ho4E5uG4J2K5aCWMqqy5pTVGqyM\nJ0hG5EmdHWmpcz8/NN0yUACMJwTI93wWL8D574Ux6rBKp31Q7CHbuC926YWstc8PdXWjoj3OIKqE\n8wReN5drl8t8ayF58P+Q4BMKY0iD4qBfm8MP4/dMr4HJsK1gi+eiFCR1ruXb5FhpN2/aWBQ6x/U=\n$__EDBwrapped__$
P	utl_mail	imp_send_attach_raw	Schema: utl_mail\nName: imp_send_attach_raw\nResult data type: \nArgument data types: IN sender character varying, IN recipients character varying, IN cc character varying, IN bcc character varying, IN subject character varying, IN message character varying, IN mime_type character varying, IN priority integer, IN encodedattachment character varying, IN att_inline boolean, IN att_mime_type character varying, IN att_filename character varying\nType: proc\nVolatility: volatile\nParallel: unsafe\nOwner: enterprisedb\nSecurity: invoker\nLanguage: edbspl\nSource code:\n$__EDBwrapped__$$PROTOCOL2$\nUTF8\nd9Y9sOmEYIDJnNoWEJZ3wfUZMy0w1mfjbHJ4cHBNZFaXSP9ZMgizo8RExMgbEOg0nEA5MYzt5FJf\nNjBA1rOVmYAsIMHVIrLGm67qL890STf+UEZB8lV7DkqoNNoa44deuXPPjuIVPw6Dy6+AvNOHhGpC\nMCMtSzh4Q1/hAh1tLUQTq29l1+xO76cMdDSjwNlEvPK89iVKl/H/OmD9tnL8TMjcxf1ZRnmiWZNW\ncFwca0l4uxmiJ/UPmmQ0nS/GiKftHBVs2xHuQ7AqpoCqZ8enyGlN1PyQAT1N+P8uQVcZfDWElsk2\ntDbKKSLMZMUrgCWHrrZxCIhDSeM2FjqMectxhjV6U+skU3wL/4hf2COhfGStbmxeGH9AjxCHfBr2\nNot3AOUCpNGCt1yPGdK92o4TDItq2aWXw3NbIImuXolLIZ+LHBRRzuAxPETS0GcLBbfv0mEwh2Pl\n8Ks8wdqkoZqpABBrlUUgwGnQirKptRLNn8iMtl1VTxc5B469pK5Qi08yv6KkMp+Ljc8A4ZYaYRlQ\nWIULlUAB86y2pxiUEWze7SXXuXV4EQxxR98I0tt8IOd1vamF5SOT41EntOCxjBsj3RqUtFPQzv1b\nwx9nrSchMOV4S2d02c8octBVuc8E7+4Gu+gKAa4FJmhWImFlEtkQEfw4A7cz2qiB+GjrOjCcOh0P\nQuE+oFXYp78Z/I7QYxt7ePk2CrSqLo/26ACFohlDUiX7oJVw4t8n0q3oCFNORmgYQWJvrMdfvkPN\nUXjQjm5HpCk3m8WBRnPjNS5C6MfoD7ly3xXx0AHEyzj+B6P+v67BbhshduHcgveB+VtvCblYCVR6\nw+sSMhCgXiWsCiAL0OubQUoIDf6SVMoACUNKBm+W2xyNNE3/z8SEuHbmV7ZCJHCd+h8vx2K4stSL\nnwl8sWwr2+lvqdX/fJKu8UNr0eXCqmvdk+MaIjXkd+gJZKEgQYt4+d67JE5BF4J0mpCYERV50lov\ngcScVUhq5G+LSLveb2gGX/ucq6ZNvjsf2UxJTNP4bTGnFeAq60jeDViDKMF3mAo5cJZTVvPMNpMl\nJF16y5Iqyo6ew4m8jjtVPP6njA==\n$__EDBwrapped__$
F	utl_url	escape	Schema: utl_url\nName: escape\nResult data type: character varying\nArgument data types: url character varying, escape_reserved_chars boolean DEFAULT false, url_charset character varying DEFAULT sys.utl_http.get_body_charset()\nType: func\nVolatility: volatile\nParallel: unsafe\nOwner: enterprisedb\nSecurity: invoker\nLanguage: edbspl\nSource code:\n$__EDBwrapped__$$PROTOCOL2$\nUTF8\nd/c2NTVvwnkRB8Jki69Z5CBHECLT82M0KMzQdTzKhqeOMDdNkI3tjZY1OuKX+DMTElMX5NmRfeqd\nUYh0fgU+4JlarhInmN/DY2rfuHox9b4DlpsJoA/YdIW97lbkg6VUQJ+MDVujirU/L0ps9c9LS9zE\nExOswyv4bKUafKhpthYBfVwfSjGiY/JeuuscXs1+8/udCxc=\n$__EDBwrapped__$
P	utl_mail	send	Schema: utl_mail\nName: send\nResult data type: \nArgument data types: IN sender character varying, IN recipients character varying, IN cc character varying, IN bcc character varying, IN subject character varying, IN message character varying, IN mime_type character varying DEFAULT 'text/plain; charset=us-ascii'::character varying, IN priority integer DEFAULT 3\nType: proc\nVolatility: volatile\nParallel: unsafe\nOwner: enterprisedb\nSecurity: invoker\nLanguage: edbspl\nSource code:\n$__EDBwrapped__$$PROTOCOL2$\nUTF8\ndz8OjdRZo00huJouBmaKmbhH+v9sfhz59IzoakKUW9Y8iMoA2Ot2J0zbYWMcZYM3cMHyxE6s+xxs\nrwF4IpEONKI/s2TPNoIqAB3Gd0POGy964jnxU5QFa9CJljg/TqHqQIwbNh1v3yIhkeHaBDaH64MK\nga1l41J2nN1b79BFn/AP+GOtsHrQ7mN3JOJqc6J2zVa8y0bX4TTDNnMnmsXuJnox0yI6ceqW/fBZ\nYxfFYbPObePIE9jDtLWL/VjSUe7INzCSABuNeBrAHUuUwL8B7B9isae/WyWteJjkXmZ+7rpFQ0dz\nOj7eusZTNp1jDZDR9ElSPsQ+sxC7YqL78br3mT7hyTgqTmt6U2XDeFRH6ZsUQskV2qacAl9GZ8rp\nys7CBtKE146U7w7gdryvAT4LBJ1wngjxYM7felPEPShzcAKwPyYjfPTVZAbP20ReTL0mlEv+EPnM\n8OpLUUG6/jX9lQQX5b5/W1fd4E71GrMqWwqUCE5voMW17vAtdft9jEc5wcN33GSdCrFh4GskE5D8\npS5jI/wyDlbZ6+UJIzV5qqXHyWxEMeomq2etJQ0MCoDAqWKAGOgdESuflC66INshLq6bypi9Jc/Q\ncck4yRF34AP5bYjTFtsz2OmBElbXOHDaDcylSNmMzpAAnZdKFuUf0OwMFApHe6b21VyKh7KnZ3lw\n2iC3wUn1oLtvcUhTTmTOdyY6qMM/1FulX8PdS/74Zm+RZKvklcbRqnL0NuCYB7izyS61VA+eXoWh\nEVt74xUZxWfqGwPyc1Kd2Ob/ip4rp45sjpEGnrFVl627fgsQ2T4XGOeOCZZqinrRn6bDzA==\n$__EDBwrapped__$
P	utl_mail	send_attach_varchar2	Schema: utl_mail\nName: send_attach_varchar2\nResult data type: \nArgument data types: IN sender character varying, IN recipients character varying, IN cc character varying, IN bcc character varying, IN subject character varying, IN message character varying, IN mime_type character varying, IN priority integer, IN attachment character varying, IN att_inline boolean DEFAULT true, IN att_mime_type character varying DEFAULT 'text/plain; charset=us-ascii'::character varying, IN att_filename character varying DEFAULT NULL::character varying\nType: proc\nVolatility: volatile\nParallel: unsafe\nOwner: enterprisedb\nSecurity: invoker\nLanguage: edbspl\nSource code:\n$__EDBwrapped__$$PROTOCOL2$\nUTF8\nd6P5ZGKYsK9P9qEF5wEmcIxpVwnuWRuK77uJxe7p1ikEg+M3nwAlyKYLwU2xiiSxEwD4yXQciuMl\nYElrswEBujoUtQoxs+5IZ1jc4QXt31iWMQYhjeTLb1bEX5waDI1r/hJ1kl5OEN1EIfdcqtpsI2R/\nQY4EbGRftqNvGN0eJ9Kd8WlIEfyX9gAt0WMXkt5a/7br5/+JmOjegE0KDOVAQa2/45Yi7jYfv0XW\nyJ6sbtkuCS1TQmdjiiCVGt273o8zJHlE3iRrypAVSTjFrHx1reC8YfISFlEatlJbGAGe1ljYqObc\n0OlVaTMy6tzBK/NqxIlZX4X9YcUbYFCy8yR27mNyBqdJWHFqHus8qwGwo9r2JmFvP+7I1OMqX+rn\naFDoUvJFqL/6L6a+nqMaYPRSfUxWRAfSkiK9E1R2vFY4EEliz6kaCwkWJHMVzBuG5+DyFl+RlI8l\n0J1lZyLEj5WF8l3NHmvOgVHSLP7uz4BqAY6A/HipVOKafJOzv4azeIaQ5NfoU9t40AO/BHsef7mn\nAotL8+62+lSRZJ3uqrzS3kRg/lpe1bUBp9uieFW8F9oS+31nuk0xGuoTtdP6qQa0BdRUx0gGGkO4\nnYIpJTl715QT2oU3azyQb3CyZ4a5Nbb2ADAXME2RVKLKz7T23UdUx/9OkfzdoBx8C53oxf0VaotP\nRGQSTi/kHDX8TQNlSvwvHK+TOCvpbHmDnYrAzahDgHviU81DYl03gkdBKvzXRiX3Mn2IQUuZ+ywx\nnOKeVLzRpCmrCqcQ1eYBGfkpN2Q1CM50fFBL/XaBNNlMnm5Vj+Te0MEtx7GPJZUJbigAKcVZXBRH\nnAff2GZ5AoTQy2K2NH3RjT2nVO3PEqDknMtI1ZZVslocuzP21NLhnpSoL2nRR2Dufvjdy6EknoHK\nNvEXnj0py2bBVed6BPpWEsF7oeY8tMu5j4yNNP34HAlHU4OZPbQ9qjmsW8kUoTh71pRWi/4ecP8c\n6sjIobjyVk8+8Dd+g24Po4A/j36d6UzK267bICzMMh9bjvhQgQ4=\n$__EDBwrapped__$
P	utl_mail	send_attach_raw	Schema: utl_mail\nName: send_attach_raw\nResult data type: \nArgument data types: IN sender character varying, IN recipients character varying, IN cc character varying, IN bcc character varying, IN subject character varying, IN message character varying, IN mime_type character varying, IN priority integer, IN attachment bytea, IN att_inline boolean DEFAULT true, IN att_mime_type character varying DEFAULT 'application/octet-stream'::character varying, IN att_filename character varying DEFAULT NULL::character varying\nType: proc\nVolatility: volatile\nParallel: unsafe\nOwner: enterprisedb\nSecurity: invoker\nLanguage: edbspl\nSource code:\n$__EDBwrapped__$$PROTOCOL2$\nUTF8\nd/ehvf4VgySIv41VLz/C6NIendqAYosBr7r3Tn8kJ0MBQlsYB9EcsfSSyAvmO5s5E5zc1eWfogIC\nNpQnQ48OonaIScl3mZzVVuqDgzBhlZJ0hkp+8NGwg6xCK/o0XPbwWOSO+c1eQG2xW2H1WPibrFg/\nD81zpKzIurKvV6k8poIguRQorXLXr744TxJeN95hat/o7MJSLKatwcgiEXLxEzuUMIuCZ+iVqbA6\nuasjcWnxBFEVAarXbsim570B88sDbzz/wQNaDqaVOYEagT/kgoXQVdDlMI6ZOJ3qk934UoEByqEu\ndbvnKhJxLRFtWhKBOkt2AVsR7a+MLpHehopb3sv2fXOZc1P1aTEXl1JiiI++LA8KfbhYsUQntfkD\nOxbK42Hc4DSqgAlUTk0oL0r9rxKKvzlZv/nY+ngYYzOUg9Rl1UfGfiYUmfYG4g9tYYnnqUjTUeAd\nLNUwt1PB96KzoxeWIwqCN5I6BICfmgc+MsedShqGh5laF5VyF/jmyCoMbqQ7L900teK0oyxMi1Nj\n6Q==\n$__EDBwrapped__$
P	utl_mail	send_attach_raw	Schema: utl_mail\nName: send_attach_raw\nResult data type: \nArgument data types: IN sender character varying, IN recipients character varying, IN cc character varying, IN bcc character varying, IN subject character varying, IN message character varying, IN mime_type character varying, IN priority integer, IN attachment oid, IN att_inline boolean DEFAULT true, IN att_mime_type character varying DEFAULT 'application/octet-stream'::character varying, IN att_filename character varying DEFAULT NULL::character varying\nType: proc\nVolatility: volatile\nParallel: unsafe\nOwner: enterprisedb\nSecurity: invoker\nLanguage: edbspl\nSource code:\n$__EDBwrapped__$$PROTOCOL2$\nUTF8\nd3JxYHvbMMHk2bWfmprTEK4k5W8D2mDvspKPuZccEQIbScVcV8lVkhACeYUe0E7yQquBHsHAWVze\nIUMX6MW75V23Gd8jjrkIvcvdLhSIRmV4QWbH5qf/Tt8S3mpD22fXZBPkkz8Wf//46w3dBeAamxoI\n+f0mgja0FRb91/OTk17GwmRHRZacpcUvXBkNkLs5NPVXuNnZpgLGRXYfMPtNsPcX9DzTltpKfiyM\nxE9QXHeDUmVhW2SyPbUG0cpEteP+h32PUb2CKFCDEg712O3mOGlOE6stYv6Dc/Qv2KFbDxtcCHHL\nG44GxLleXHUFcfXVIF2KRREC75X1SKY27tI2NsBPqAsxCsRdfXvJxHx0QO1j1yAQSEIbIx9L09Pc\nDCzdldlGc/AivPDs1Dp7htL1tL/3G06lurI8nJFavQ+C57jWSJtVaZ9G+KpJq6slz720v++kmXIt\nZc+0Al11RWmgCEoO4xEPKwzhKTc799y6w7NMkPfKP7Z6aYMjZFuT\n$__EDBwrapped__$
F	utl_url	unescape	Schema: utl_url\nName: unescape\nResult data type: character varying\nArgument data types: url character varying, url_charset character varying DEFAULT sys.utl_http.get_body_charset()\nType: func\nVolatility: volatile\nParallel: unsafe\nOwner: enterprisedb\nSecurity: invoker\nLanguage: edbspl\nSource code:\n$__EDBwrapped__$$PROTOCOL2$\nUTF8\nd7yUswyX8GyDuO16zv4pp/mVlre5SrwEiQbEGGDYqUP5TIHhC4lvJz+JYCvTnGyyujog57+Iy1J2\nsJFmdWi3SZ1tzSJ/N/pVCwftYj72DsAaHPZQ4T770gOqMh+wk1+5leEQJLrVrj+dW+EQIxxsRabz\nFp7WQokNKHvVILehzuEjnLrAN3o=\n$__EDBwrapped__$
F	utl_raw	cast_to_raw	Schema: utl_raw\nName: cast_to_raw\nResult data type: bytea\nArgument data types: c character varying\nType: func\nVolatility: volatile\nParallel: unsafe\nOwner: enterprisedb\nSecurity: invoker\nLanguage: edbspl\nSource code:\n$__EDBwrapped__$$PROTOCOL2$\nUTF8\nd86d9GOlxlWlDuyh9KDD2J7o9mci0ySSkPKXznncspXTahvRWVC29y4thQGsJgljA88e4OW1aB7a\neRaewWFlxIvgjckxIKJW+0RyguzZEtA5p5ERKi9qgMp8Ynn7PYcNWfnI8O+JYsyBHGmzU7u9L4mM\nSox/gfUuiZIt3LjHeVZqX2kfV04vq1OTefN8YIAs5MIQarwao3MPdDyiMUH4d3xKAr3ttviigrOe\nYwh1JFrUQ6TeGwSvVHowX8FJMxN7J5YM54NR+hFcG9hrfeEyjxdOY1M7z/ZuAzRobRMBsZ6RjGUs\n9dY=\n$__EDBwrapped__$
F	utl_raw	cast_to_varchar2	Schema: utl_raw\nName: cast_to_varchar2\nResult data type: character varying\nArgument data types: r bytea\nType: func\nVolatility: volatile\nParallel: unsafe\nOwner: enterprisedb\nSecurity: invoker\nLanguage: edbspl\nSource code:\n$__EDBwrapped__$$PROTOCOL2$\nUTF8\nd7FakI7b8AYJxE6PjquIvqKTmgXQA3uT5PRhvUazGS4BNVtoAKJe1Mi2fHPhvMfZZ51jeKhBUsy6\nrQQ6Y4+ot5+IZkbMFsRzYaW+SR2G1qUgkaxRr/N06vCN0AJtuhYzL6IsazPEyborYQa/dbPKpodo\nR+fT/MwgvZb39T1Na1EMHi/S7hUyGlVMaYnYgIZQ/RCIcXDsOjC0YoDj8Z0H3pOCbFwbD9pQyXRc\n58NePUg+JSpKC3qxMLFRLtzoLlCsxMXdPCqX1jPHfjvwNFk6SYnCXq5o4jQ1eJdmt5eQnEN/+x9B\nsJ5Y+w==\n$__EDBwrapped__$
F	utl_raw	substr	Schema: utl_raw\nName: substr\nResult data type: bytea\nArgument data types: r bytea, pos integer, len integer DEFAULT NULL::integer\nType: func\nVolatility: volatile\nParallel: unsafe\nOwner: enterprisedb\nSecurity: invoker\nLanguage: edbspl\nSource code:\n$__EDBwrapped__$$PROTOCOL2$\nUTF8\nd+QfZqipD2mBZOG90NHhL210Ds2U8+PyuPDzkmEFw6KbVjuoO7weIXrEko5u3xMgpyDMyNIX4Zg/\nAdQO+NOm0+IKo9VMTfi9qVaRY/gaGmcogGWbvz4zkQuxpW3W0w2Ah9atnzporx4KhapEX6iKo/Aj\nRqe1F0jsOHbfo4eXE2LYbxiVi3VJllalzGa1W0OZ7IEtnF38Y3eEWUFkdpsrZd0BPn1k0joMm52a\n7LpSJtcqFsiZrHQb0aOwXQke1qax\n$__EDBwrapped__$
F	utl_raw	convert	Schema: utl_raw\nName: convert\nResult data type: bytea\nArgument data types: r bytea, to_charset character varying, from_charset character varying\nType: func\nVolatility: volatile\nParallel: unsafe\nOwner: enterprisedb\nSecurity: invoker\nLanguage: edbspl\nSource code:\n$__EDBwrapped__$$PROTOCOL2$\nUTF8\ndyWnlJ8mUmXpb/lgOqo1I7dl+XE6EUFUbLm9e5+uQ1oykZCaUNk0fzH/isIN3jG4dAT8ZYHe+lFu\n8I0/KQ0y0jwHc3jaYBxQ0TH4V4QF/ajTmsPsojSSV6DhqQJXQEWaq7Q09d9VOOoN0XUMW2Hhgu2h\npc05lhlA4HMNowSeq2F+DFWQje4ETyHSRi41Zg==\n$__EDBwrapped__$
F	utl_raw	concat	Schema: utl_raw\nName: concat\nResult data type: bytea\nArgument data types: VARIADIC r bytea[]\nType: func\nVolatility: volatile\nParallel: unsafe\nOwner: enterprisedb\nSecurity: invoker\nLanguage: edbspl\nSource code:\n$__EDBwrapped__$$PROTOCOL2$\nUTF8\ndwyun7j4yWz0iR6QzNlMKzHukfCaNuZXdeWiuVz/nmyg4pi6SAnAbmue6KWe1jbngiQE6dSrmv5h\nh3gf53L3hMPdmi2D2PSDJG/8MFdqr1tMeLkF9k4piipLPY+ZfLfA+6SKpDGH0AmjK1iJwHJjX2jF\nOx/a2dcGsX6udzNNAp2vXK69JK8tEYNlzROoRGU8JdZUWOAjCpegJ1KDZhrHmPxLUlQ9SNynVKsg\ns6L21W0SEGQlZxq57vWZxoFK1ChNWg==\n$__EDBwrapped__$
F	utl_raw	length	Schema: utl_raw\nName: length\nResult data type: numeric\nArgument data types: r bytea\nType: func\nVolatility: volatile\nParallel: unsafe\nOwner: enterprisedb\nSecurity: invoker\nLanguage: edbspl\nSource code:\n$__EDBwrapped__$$PROTOCOL2$\nUTF8\nd5KPsRvU0WySJ6sOwHfp/3Jahz1yPPV3G6T88fRLtWOBYizSUdja4GEhDyUHVt2zh3uUUQ7rDRwX\nqRdCWhybJ84QNCQfOjJ69lOFJYuhPBWyTSUHwz2q0uuhat8fqTeaXvOabWNYt6f+vEaM8DKe7t5X\nrRjMZTWmwPm8h5op6mDosFpG4IEJ0Pn9MQWBwg8Ip1ev4wFqQMhJLI24VUgc9p61mSj1fbTj3ReZ\n7z7cSVKNLi5BDxn+iCHugCJujm2lg+z1Joigw3LooJAbtkzFlhPL33n8ej9FuA6M\n$__EDBwrapped__$
V	public	pg_stat_statements	Schema: public\nName: pg_stat_statements\nType: view\nSource code:\n SELECT userid,\n    dbid,\n    toplevel,\n    queryid,\n    query,\n    plans,\n    total_plan_time,\n    min_plan_time,\n    max_plan_time,\n    mean_plan_time,\n    stddev_plan_time,\n    calls,\n    total_exec_time,\n    min_exec_time,\n    max_exec_time,\n    mean_exec_time,\n    stddev_exec_time,\n    rows,\n    shared_blks_hit,\n    shared_blks_read,\n    shared_blks_dirtied,\n    shared_blks_written,\n    local_blks_hit,\n    local_blks_read,\n    local_blks_dirtied,\n    local_blks_written,\n    temp_blks_read,\n    temp_blks_written,\n    shared_blk_read_time,\n    shared_blk_write_time,\n    local_blk_read_time,\n    local_blk_write_time,\n    temp_blk_read_time,\n    temp_blk_write_time,\n    wal_records,\n    wal_fpi,\n    wal_bytes,\n    jit_functions,\n    jit_generation_time,\n    jit_inlining_count,\n    jit_inlining_time,\n    jit_optimization_count,\n    jit_optimization_time,\n    jit_emission_count,\n    jit_emission_time,\n    jit_deform_count,\n    jit_deform_time,\n    stats_since,\n    minmax_stats_since\n   FROM pg_stat_statements(true) pg_stat_statements(userid, dbid, toplevel, queryid, query, plans, total_plan_time, min_plan_time, max_plan_time, mean_plan_time, stddev_plan_time, calls, total_exec_time, min_exec_time, max_exec_time, mean_exec_time, stddev_exec_time, rows, shared_blks_hit, shared_blks_read, shared_blks_dirtied, shared_blks_written, local_blks_hit, local_blks_read, local_blks_dirtied, local_blks_written, temp_blks_read, temp_blks_written, shared_blk_read_time, shared_blk_write_time, local_blk_read_time, local_blk_write_time, temp_blk_read_time, temp_blk_write_time, wal_records, wal_fpi, wal_bytes, jit_functions, jit_generation_time, jit_inlining_count, jit_inlining_time, jit_optimization_count, jit_optimization_time, jit_emission_count, jit_emission_time, jit_deform_count, jit_deform_time, stats_since, minmax_stats_since);
V	public	pg_stat_statements_info	Schema: public\nName: pg_stat_statements_info\nType: view\nSource code:\n SELECT dealloc,\n    stats_reset\n   FROM pg_stat_statements_info() pg_stat_statements_info(dealloc, stats_reset);
V	public	v_summary	Schema: public\nName: v_summary\nType: view\nSource code:\n SELECT name,\n    created_at\n   FROM t_basic_info;
V	public	vw_clob_test	Schema: public\nName: vw_clob_test\nType: view\nSource code:\n SELECT id\n   FROM clob_test;
V	public	v_epas_contract_info	Schema: public\nName: v_epas_contract_info\nType: view\nSource code:\n SELECT contract_id,\n    emp_name,\n    base_salary,\n    commission AS original_commission,\n    nvl(commission, 0) AS actual_commission,\n    (base_salary + nvl(commission, 0)) AS total_salary,\n    contract_date,\n    add_months(contract_date, (12)::numeric) AS contract_expiration_date,\n    systimestamp AS current_check_time\n   FROM epas_emp_contracts;
